SurveyNumber,SurveyEffortKey,StrainCd,SurveyId,WaterBodyName,AgencyUnitName,SiteName,SurveyBeginTimestamp,Updated
-12750,171,BRB,15204,Mullett Lake,Northern Lake Huron Management Unit,Mullett Lake,06/10/1988,
-12750,171,CWS,15204,Mullett Lake,Northern Lake Huron Management Unit,Mullett Lake,06/10/1988,
-12750,171,RHS,15204,Mullett Lake,Northern Lake Huron Management Unit,Mullett Lake,06/10/1988,
-12720,172,RKB,15203,Mullett Lake,Northern Lake Huron Management Unit,Mullett Lake,06/02/1988,
-12710,173,RKB,15202,Mullett Lake,Northern Lake Huron Management Unit,Mullett Lake,06/01/1988,
-12710,173,WHB,15202,Mullett Lake,Northern Lake Huron Management Unit,Mullett Lake,06/01/1988,
-12490,178,BLG,15197,Beaver Lake,Northern Lake Huron Management Unit,Beaver Lake,05/27/1987,
-12490,178,LMB,15197,Beaver Lake,Northern Lake Huron Management Unit,Beaver Lake,05/27/1987,
-12490,178,NOP,15197,Beaver Lake,Northern Lake Huron Management Unit,Beaver Lake,05/27/1987,
-12490,178,PSF,15197,Beaver Lake,Northern Lake Huron Management Unit,Beaver Lake,05/27/1987,
-12490,178,RKB,15197,Beaver Lake,Northern Lake Huron Management Unit,Beaver Lake,05/27/1987,
-11540,189,BNM,15190,Little Wolf Lake,Northern Lake Huron Management Unit,Little Wolf Lake,05/13/1981,
-11540,189,BRB,15190,Little Wolf Lake,Northern Lake Huron Management Unit,Little Wolf Lake,05/13/1981,
-6031,200,LWF,15181,Lake Michigamme,Northern Lake Michigan Management Unit,Lake Michigamme,10/11/1982,
-2627,347,BCR,15133,Round Lake,Lake Erie Management Unit,Round Lake,05/19/1989,
-2622,353,BLG,15128,Matteson Lake,Southern Lake Michigan Management Unit,Matteson Lake,10/04/1988,
-2622,353,CAR,15128,Matteson Lake,Southern Lake Michigan Management Unit,Matteson Lake,10/04/1988,
-2621,354,LNG,15127,Wamplers Lake,Lake Erie Management Unit,Wamplers Lake,05/16/1989,
-2608,375,BUL,15114,Matteson Lake,Southern Lake Michigan Management Unit,Matteson Lake,10/01/1987,
-2579,434,BLG,15086,George Lake,Southern Lake Michigan Management Unit,George Lake,05/22/1986,
-2574,444,BUL,15081,Clear Lake,Southern Lake Michigan Management Unit,Clear Lake,10/15/1985,
-2571,1,BCR,15078,Matteson Lake,Southern Lake Michigan Management Unit,Matteson Lake,06/04/1985,
-2571,1,BLG,15078,Matteson Lake,Southern Lake Michigan Management Unit,Matteson Lake,06/04/1985,
-2556,495,BLG,15063,Homer Lake,Southern Lake Michigan Management Unit,Homer Lake,06/20/1984,
-2531,530,BLG,15039,Portage Lake,Southern Lake Michigan Management Unit,Portage Lake,10/13/1982,
-2530,532,BLG,15038,Upper Brace Lake,Southern Lake Michigan Management Unit,Upper Brace Lake,09/28/1982,
-2522,546,BCR,15030,Lime Lake,Southern Lake Michigan Management Unit,Lime Lake,05/18/1982,
-2522,546,BLG,15030,Lime Lake,Southern Lake Michigan Management Unit,Lime Lake,05/18/1982,
-2522,546,BUL,15030,Lime Lake,Southern Lake Michigan Management Unit,Lime Lake,05/18/1982,
-2522,546,CWS,15030,Lime Lake,Southern Lake Michigan Management Unit,Lime Lake,05/18/1982,
-2522,546,LMB,15030,Lime Lake,Southern Lake Michigan Management Unit,Lime Lake,05/18/1982,
-2522,546,PSF,15030,Lime Lake,Southern Lake Michigan Management Unit,Lime Lake,05/18/1982,
-2522,546,RKB,15030,Lime Lake,Southern Lake Michigan Management Unit,Lime Lake,05/18/1982,
-2520,548,NOP,15028,Kalamazoo River,Southern Lake Michigan Management Unit,15 Mile Rd.,07/29/1982,
-2520,548,RKB,15028,Kalamazoo River,Southern Lake Michigan Management Unit,15 Mile Rd.,07/29/1982,
-2520,548,SMB,15028,Kalamazoo River,Southern Lake Michigan Management Unit,15 Mile Rd.,07/29/1982,
-2508,575,BLG,15016,Huzzy Lake,Southern Lake Michigan Management Unit,Huzzy Lake,09/27/1993,
-2505,580,BLG,15013,Austin Lake,Southern Lake Michigan Management Unit,Austin Lake,05/04/1993,
-2500,591,PSF,15008,Lake Fourteen,Southern Lake Michigan Management Unit,Lake Fourteen,05/12/1992,
-2497,601,BLG,15005,Long Lake,Southern Lake Michigan Management Unit,Long Lake,05/08/1992,
-2472,673,BLG,14980,Maple Lake,Southern Lake Michigan Management Unit,Maple Lake,09/17/1991,
-2470,679,BLG,14978,Selkirk Lake,Southern Lake Michigan Management Unit,Selkirk Lake,05/13/1991,
-2470,679,BUL,14978,Selkirk Lake,Southern Lake Michigan Management Unit,Selkirk Lake,05/13/1991,
-2469,680,BLG,14977,Saddle Lake,Southern Lake Michigan Management Unit,Saddle Lake,05/13/1991,
-2463,695,BLG,14971,Sand Lake,Southern Lake Michigan Management Unit,Sand Lake,06/05/1990,
-2463,695,HSF,14971,Sand Lake,Southern Lake Michigan Management Unit,Sand Lake,06/05/1990,
-2463,696,BLG,14971,Sand Lake,Southern Lake Michigan Management Unit,Sand Lake,06/05/1990,
-2463,696,BUL,14971,Sand Lake,Southern Lake Michigan Management Unit,Sand Lake,06/05/1990,
-2461,700,BLG,14969,Cedar Lake,Southern Lake Michigan Management Unit,Cedar Lake,05/22/1990,
-2452,713,BLG,14960,Osterhout Lake,Southern Lake Michigan Management Unit,Osterhout Lake,04/18/1990,
-2446,729,BLG,14954,Gun Lake,Southern Lake Michigan Management Unit,Gun Lake,04/25/1989,
-2446,731,BCR,14954,Gun Lake,Southern Lake Michigan Management Unit,Gun Lake,04/25/1989,
-2446,731,BLG,14954,Gun Lake,Southern Lake Michigan Management Unit,Gun Lake,04/25/1989,
-2446,731,BUL,14954,Gun Lake,Southern Lake Michigan Management Unit,Gun Lake,04/25/1989,
-2446,731,RKB,14954,Gun Lake,Southern Lake Michigan Management Unit,Gun Lake,04/25/1989,
-2436,751,BCR,14944,Clear Lake,Southern Lake Michigan Management Unit,Clear Lake,05/09/1988,
-2436,751,BLG,14944,Clear Lake,Southern Lake Michigan Management Unit,Clear Lake,05/09/1988,
-2436,751,BUL,14944,Clear Lake,Southern Lake Michigan Management Unit,Clear Lake,05/09/1988,
-2434,755,YEP,14942,Shafer Lake,Southern Lake Michigan Management Unit,Shafer Lake,10/01/1987,
-2429,763,BLG,14937,Lake Fourteen,Southern Lake Michigan Management Unit,Lake Fourteen,04/18/1988,
-2426,766,BLG,14934,Pine Lake,Southern Lake Michigan Management Unit,Pine Lake,05/03/1988,
-2418,775,BLG,14926,Austin Lake,Southern Lake Michigan Management Unit,Austin Lake,04/20/1987,
-2418,775,BUL,14926,Austin Lake,Southern Lake Michigan Management Unit,Austin Lake,04/20/1987,
-2417,776,BCR,14925,Thornapple Lake,Southern Lake Michigan Management Unit,Thornapple Lake,04/10/1987,
-2416,777,BLG,14924,South Scott Lake,Southern Lake Michigan Management Unit,South Scott Lake,04/21/1987,
-2415,778,BLG,14923,North Scott Lake,Southern Lake Michigan Management Unit,North Scott Lake,04/21/1987,
-2415,778,LMB,14923,North Scott Lake,Southern Lake Michigan Management Unit,North Scott Lake,04/21/1987,
-2413,781,BLG,14921,Mud Lake,Southern Lake Michigan Management Unit,Mud Lake,05/04/1987,
-2413,781,BUL,14921,Mud Lake,Southern Lake Michigan Management Unit,Mud Lake,05/04/1987,
-2412,782,BLG,14920,Pleasant Lake,Southern Lake Michigan Management Unit,Pleasant Lake,05/04/1987,
-2412,782,BUL,14920,Pleasant Lake,Southern Lake Michigan Management Unit,Pleasant Lake,05/04/1987,
-2398,807,BLG,14906,Fish Lake,Southern Lake Michigan Management Unit,Fish Lake,09/29/1986,
-2397,1,BLG,14905,Hutchins Lake,Southern Lake Michigan Management Unit,Hutchins Lake,04/29/1986,
-2396,2,BLG,14904,Miner Lake,Southern Lake Michigan Management Unit,Miner Lake,05/05/1986,
-2392,10,BLG,14900,Three Legged Lake,Southern Lake Michigan Management Unit,Three Legged Lake,05/27/1986,
-2392,10,BUL,14900,Three Legged Lake,Southern Lake Michigan Management Unit,Three Legged Lake,05/27/1986,
-2392,10,PSF,14900,Three Legged Lake,Southern Lake Michigan Management Unit,Three Legged Lake,05/27/1986,
-2387,22,BLG,14895,Paw Paw Lake,Southern Lake Michigan Management Unit,Paw Paw Lake,10/01/1984,
-2386,24,BLG,14894,Round Lake,Southern Lake Michigan Management Unit,Round Lake,06/25/1985,
-2379,39,CAR,14887,Eagle Lake,Southern Lake Michigan Management Unit,Eagle Lake,09/24/1984,
-2346,103,BLG,14855,Little Sugarloaf Lake,Southern Lake Michigan Management Unit,Little Sugarloaf Lake,11/03/1981,
-2313,855,BLG,14825,Lobdell Lake,Southern Lake Huron Management Unit,Lobdell Lake,05/26/1994,
-2239,943,BCR,14761,Grand River,Southern Lake Michigan Management Unit,Moores Impoundment,07/25/1989,
-2239,943,BLG,14761,Grand River,Southern Lake Michigan Management Unit,Moores Impoundment,07/25/1989,
-2239,944,BCR,14761,Grand River,Southern Lake Michigan Management Unit,Moores Impoundment,07/25/1989,
-2239,944,BLG,14761,Grand River,Southern Lake Michigan Management Unit,Moores Impoundment,07/25/1989,
-2239,944,PSF,14761,Grand River,Southern Lake Michigan Management Unit,Moores Impoundment,07/25/1989,
-2225,964,BLG,14747,Lake Lansing,Southern Lake Michigan Management Unit,Lake Lansing,06/16/1987,
-2225,964,BUL,14747,Lake Lansing,Southern Lake Michigan Management Unit,Lake Lansing,06/16/1987,
-2220,976,BCR,14742,Lake Ovid,Southern Lake Michigan Management Unit,Lake Ovid,07/29/1986,
-2220,976,BLG,14742,Lake Ovid,Southern Lake Michigan Management Unit,Lake Ovid,07/29/1986,
-2218,979,BUL,14740,Lake Delta,Southern Lake Michigan Management Unit,Lake Delta,05/13/1986,
-2216,982,BUL,14738,Lake Lansing,Southern Lake Michigan Management Unit,Lake Lansing,05/21/1986,
-2216,983,BUL,14738,Lake Lansing,Southern Lake Michigan Management Unit,Lake Lansing,05/21/1986,
-2187,1035,BLG,14709,Lake Lansing,Southern Lake Michigan Management Unit,Lake Lansing,06/12/1984,
-2187,1035,CAR,14709,Lake Lansing,Southern Lake Michigan Management Unit,Lake Lansing,06/12/1984,
-2180,1048,BCR,14702,Lake Ponemah,Southern Lake Huron Management Unit,Lake Ponemah,05/17/1983,
-2180,1048,BLG,14702,Lake Ponemah,Southern Lake Huron Management Unit,Lake Ponemah,05/17/1983,
-2180,1048,PSF,14702,Lake Ponemah,Southern Lake Huron Management Unit,Lake Ponemah,05/17/1983,
-2128,1123,BRB,14651,Dickinson Lake,Southern Lake Huron Management Unit,Dickinson Lake,09/21/1992,
-2128,1123,LMB,14651,Dickinson Lake,Southern Lake Huron Management Unit,Dickinson Lake,09/21/1992,
-2091,1187,BCR,14615,Seven Lakes,Southern Lake Huron Management Unit,Seven Lakes,05/22/1989,
-2091,1187,BOW,14615,Seven Lakes,Southern Lake Huron Management Unit,Seven Lakes,05/22/1989,
-2091,1187,BRB,14615,Seven Lakes,Southern Lake Huron Management Unit,Seven Lakes,05/22/1989,
-2091,1187,CAR,14615,Seven Lakes,Southern Lake Huron Management Unit,Seven Lakes,05/22/1989,
-2091,1187,PSF,14615,Seven Lakes,Southern Lake Huron Management Unit,Seven Lakes,05/22/1989,
-2091,1187,WAE,14615,Seven Lakes,Southern Lake Huron Management Unit,Seven Lakes,05/22/1989,
-2082,1205,BRB,14608,NA,Lake Erie Management Unit,Blank,05/16/1988,
-2039,1269,BOW,14566,Pontiac Lake,Lake Erie Management Unit,Pontiac Lake,05/02/1984,
-2010,1327,BLB,14537,Nichols Lake,Central Lake Michigan Management Unit,Nichols Lake,06/01/1995,
-2010,1327,BRB,14537,Nichols Lake,Central Lake Michigan Management Unit,Nichols Lake,06/01/1995,
-2010,1327,YLB,14537,Nichols Lake,Central Lake Michigan Management Unit,Nichols Lake,06/01/1995,
-1978,1376,BLB,14506,Cowden Lake,Southern Lake Michigan Management Unit,Cowden Lake,06/01/1994,
-1978,1376,YLB,14506,Cowden Lake,Southern Lake Michigan Management Unit,Cowden Lake,06/01/1994,
-1975,1381,BLG,14503,Bass Lake,Southern Lake Michigan Management Unit,Bass Lake,06/23/1994,
-1975,1381,PSF,14503,Bass Lake,Southern Lake Michigan Management Unit,Bass Lake,06/23/1994,
-1969,1393,BCR,14497,Morrison Lake,Southern Lake Michigan Management Unit,Morrison Lake,09/22/1994,
-1969,1393,BLG,14497,Morrison Lake,Southern Lake Michigan Management Unit,Morrison Lake,09/22/1994,
-1941,1433,BLG,14472,Muskellunge Lake,Southern Lake Michigan Management Unit,Muskellunge Lake,07/07/1992,
-1940,1434,BLG,14471,Clifford Lake,Southern Lake Michigan Management Unit,Clifford Lake,07/09/1992,
-1914,1464,WAE,14446,Crystal Lake,Southern Lake Michigan Management Unit,Crystal Lake,06/06/1990,
-1914,1464,YLB,14446,Crystal Lake,Southern Lake Michigan Management Unit,Crystal Lake,06/06/1990,
-1914,1465,PSF,14446,Crystal Lake,Southern Lake Michigan Management Unit,Crystal Lake,06/06/1990,
-1912,1468,BLG,14444,Dean Lake,Southern Lake Michigan Management Unit,Dean Lake,04/17/1990,
-1910,1471,BOW,14442,Long Lake,Southern Lake Michigan Management Unit,Long Lake,06/08/1990,
-1907,1477,BLG,14439,Campau Lake,Southern Lake Michigan Management Unit,Campau Lake,05/16/1990,
-1907,1477,LMB,14439,Campau Lake,Southern Lake Michigan Management Unit,Campau Lake,05/16/1990,
-1907,1477,YEP,14439,Campau Lake,Southern Lake Michigan Management Unit,Campau Lake,05/16/1990,
-1907,1477,YLB,14439,Campau Lake,Southern Lake Michigan Management Unit,Campau Lake,05/16/1990,
-1901,1485,BLG,14434,Hardy Dam Pond,Central Lake Michigan Management Unit,Hardy Dam Pond,07/10/1989,
-1856,1541,BCR,14390,Morrison Lake,Southern Lake Michigan Management Unit,Morrison Lake,05/02/1988,
-1856,1541,BLG,14390,Morrison Lake,Southern Lake Michigan Management Unit,Morrison Lake,05/02/1988,
-1851,1549,BRB,14385,Cowden Lake,Southern Lake Michigan Management Unit,Cowden Lake,05/21/1987,
-1850,1550,BLG,14384,Long Lake,Southern Lake Michigan Management Unit,Long Lake,05/14/1987,
-1850,1550,PSF,14384,Long Lake,Southern Lake Michigan Management Unit,Long Lake,05/14/1987,
-1848,1553,YLB,14382,Brower Lake,Southern Lake Michigan Management Unit,Brower Lake,10/01/1986,
-1847,1554,BLG,14381,Myers Lake,Southern Lake Michigan Management Unit,Myers Lake,05/22/1987,
-1847,1554,PSF,14381,Myers Lake,Southern Lake Michigan Management Unit,Myers Lake,05/22/1987,
-1825,1590,BLG,14360,Long Lake,Southern Lake Michigan Management Unit,Long Lake,09/22/1986,
-1824,1592,CWS,14359,Sessions Lake,Southern Lake Michigan Management Unit,Sessions Lake,06/04/1986,
-1781,1659,YLB,14316,Campau Lake,Southern Lake Michigan Management Unit,Campau Lake,05/03/1983,
-1774,1673,BLG,14309,Derby Lake,Southern Lake Michigan Management Unit,Derby Lake,06/15/1982,
-1774,1673,PSF,14309,Derby Lake,Southern Lake Michigan Management Unit,Derby Lake,06/15/1982,
-1753,1704,BLG,14289,Kiwassee Lake,Southern Lake Huron Management Unit,Kiwassee Lake,07/29/1991,
-1753,1704,PSF,14289,Kiwassee Lake,Southern Lake Huron Management Unit,Kiwassee Lake,07/29/1991,
-1749,1709,GSF,14285,Haithco Lake,Southern Lake Huron Management Unit,Haithco Lake,09/04/1990,
-1749,1709,PSF,14285,Haithco Lake,Southern Lake Huron Management Unit,Haithco Lake,09/04/1990,
-1749,1709,YEP,14285,Haithco Lake,Southern Lake Huron Management Unit,Haithco Lake,09/04/1990,
-1740,1723,BCR,14276,Murphy Lake,Southern Lake Huron Management Unit,Murphy Lake,04/17/1984,
-1740,1723,BLG,14276,Murphy Lake,Southern Lake Huron Management Unit,Murphy Lake,04/17/1984,
-1740,1723,GOS,14276,Murphy Lake,Southern Lake Huron Management Unit,Murphy Lake,04/17/1984,
-1740,1723,PSF,14276,Murphy Lake,Southern Lake Huron Management Unit,Murphy Lake,04/17/1984,
-1740,1723,YEP,14276,Murphy Lake,Southern Lake Huron Management Unit,Murphy Lake,04/17/1984,
-1696,1776,BRB,14254,Au Sable Lake,Northern Lake Huron Management Unit,Au Sable Lake,05/16/1994,
-1684,1790,WAE,14245,Wixom Lake,Southern Lake Huron Management Unit,Wixom Lake,09/26/1994,
-1681,1794,WAE,14244,Cedar Lake,Northern Lake Huron Management Unit,Cedar Lake,09/29/1994,
-1645,1838,YEP,14219,Little Long Lake,Southern Lake Huron Management Unit,Little Long Lake,04/21/1992,
-1610,1882,BRB,14184,Crooked Lake,Southern Lake Huron Management Unit,Crooked Lake,05/20/1991,
-1610,1882,YLB,14184,Crooked Lake,Southern Lake Huron Management Unit,Crooked Lake,05/20/1991,
-1608,1887,BLG,14182,Windover Lake,Central Lake Michigan Management Unit,Windover Lake,05/13/1991,
-1608,1887,BRB,14182,Windover Lake,Central Lake Michigan Management Unit,Windover Lake,05/13/1991,
-1608,1887,RKB,14182,Windover Lake,Central Lake Michigan Management Unit,Windover Lake,05/13/1991,
-1607,1889,BCR,14181,Cranberry Lake,Southern Lake Huron Management Unit,Cranberry Lake,04/29/1991,
-1607,1889,BLG,14181,Cranberry Lake,Southern Lake Huron Management Unit,Cranberry Lake,04/29/1991,
-1607,1889,PSF,14181,Cranberry Lake,Southern Lake Huron Management Unit,Cranberry Lake,04/29/1991,
-1606,1891,BLG,14180,Cedar Lake,Northern Lake Huron Management Unit,Cedar Lake,10/08/1990,
-1606,1891,BRB,14180,Cedar Lake,Northern Lake Huron Management Unit,Cedar Lake,10/08/1990,
-1606,1891,YLB,14180,Cedar Lake,Northern Lake Huron Management Unit,Cedar Lake,10/08/1990,
-1603,1899,BLG,14177,Vaughn Lake,Northern Lake Huron Management Unit,Vaughn Lake,05/16/1990,
-1603,1899,BRB,14177,Vaughn Lake,Northern Lake Huron Management Unit,Vaughn Lake,05/16/1990,
-1586,1921,BLG,14160,Long Lake,Southern Lake Huron Management Unit,Long Lake,06/27/1989,
-1586,1921,BUL,14160,Long Lake,Southern Lake Huron Management Unit,Long Lake,06/27/1989,
-1586,1921,PSF,14160,Long Lake,Southern Lake Huron Management Unit,Long Lake,06/27/1989,
-1586,1921,YEP,14160,Long Lake,Southern Lake Huron Management Unit,Long Lake,06/27/1989,
-1584,1924,BLG,14158,Sage Lake,Southern Lake Huron Management Unit,Sage Lake,06/27/1988,
-1584,1924,PSF,14158,Sage Lake,Southern Lake Huron Management Unit,Sage Lake,06/27/1988,
-1571,1945,NOP,14145,Arnold Lake,Southern Lake Huron Management Unit,Arnold Lake,05/19/1987,
-1563,1960,BLG,14137,Sage Lake,Southern Lake Huron Management Unit,Sage Lake,06/25/1986,
-1563,1960,BUL,14137,Sage Lake,Southern Lake Huron Management Unit,Sage Lake,06/25/1986,
-1563,1960,PSF,14137,Sage Lake,Southern Lake Huron Management Unit,Sage Lake,06/25/1986,
-1561,1964,BCR,14135,Hardwood Lake,Southern Lake Huron Management Unit,Hardwood Lake,05/28/1986,
-1561,1964,BLG,14135,Hardwood Lake,Southern Lake Huron Management Unit,Hardwood Lake,05/28/1986,
-1561,1964,BUL,14135,Hardwood Lake,Southern Lake Huron Management Unit,Hardwood Lake,05/28/1986,
-1561,1964,PSF,14135,Hardwood Lake,Southern Lake Huron Management Unit,Hardwood Lake,05/28/1986,
-1561,1964,YEP,14135,Hardwood Lake,Southern Lake Huron Management Unit,Hardwood Lake,05/28/1986,
-1557,1972,BCR,14131,Lake Lancer,Southern Lake Huron Management Unit,Lake Lancer,05/28/1986,
-1542,1996,BCR,14116,Wixom Lake,Southern Lake Huron Management Unit,Wixom Lake,05/21/1985,
-1536,2008,PSF,14110,Howes Lake,Central Lake Michigan Management Unit,Howes Lake,06/25/1984,
-1531,2017,YEP,14105,Byron Lake,Northern Lake Huron Management Unit,Byron Lake,04/20/1984,
-1529,2020,BOW,14103,Mio Dam Pond,Northern Lake Huron Management Unit,Mio Dam Pond,03/26/1984,
-1529,2020,BRB,14103,Mio Dam Pond,Northern Lake Huron Management Unit,Mio Dam Pond,03/26/1984,
-1529,2020,CWS,14103,Mio Dam Pond,Northern Lake Huron Management Unit,Mio Dam Pond,03/26/1984,
-1519,2041,YEP,14093,Elk Lake,Southern Lake Huron Management Unit,Elk Lake,06/11/1984,
-1500,2067,YEP,14078,Peach Lake,Southern Lake Huron Management Unit,Peach Lake,05/15/1983,
-1499,2069,BCR,14077,Hardwood Lake,Southern Lake Huron Management Unit,Hardwood Lake,06/13/1983,
-1499,2069,BLG,14077,Hardwood Lake,Southern Lake Huron Management Unit,Hardwood Lake,06/13/1983,
-1499,2069,BRB,14077,Hardwood Lake,Southern Lake Huron Management Unit,Hardwood Lake,06/13/1983,
-1499,2069,CAM,14077,Hardwood Lake,Southern Lake Huron Management Unit,Hardwood Lake,06/13/1983,
-1499,2069,NOP,14077,Hardwood Lake,Southern Lake Huron Management Unit,Hardwood Lake,06/13/1983,
-1499,2069,PSF,14077,Hardwood Lake,Southern Lake Huron Management Unit,Hardwood Lake,06/13/1983,
-1499,2069,RKB,14077,Hardwood Lake,Southern Lake Huron Management Unit,Hardwood Lake,06/13/1983,
-1499,2069,YEP,14077,Hardwood Lake,Southern Lake Huron Management Unit,Hardwood Lake,06/13/1983,
-1482,2103,YEP,14060,Horseshoe Lake,Northern Lake Huron Management Unit,Horseshoe Lake,09/20/1982,
-1482,2104,YEP,14060,Horseshoe Lake,Northern Lake Huron Management Unit,Horseshoe Lake,09/20/1982,
-1475,2113,BLB,14053,Ross Lake,Southern Lake Huron Management Unit,Ross Lake,10/27/1981,
-1475,2113,CAM,14053,Ross Lake,Southern Lake Huron Management Unit,Ross Lake,10/27/1981,
-1475,2114,BLB,14053,Ross Lake,Southern Lake Huron Management Unit,Ross Lake,10/27/1981,
-1475,2114,CAM,14053,Ross Lake,Southern Lake Huron Management Unit,Ross Lake,10/27/1981,
-1474,2116,CAM,14052,Cedar Lake,Northern Lake Huron Management Unit,Cedar Lake,08/24/1982,
-1456,2141,NOP,14034,Silver Lake,Central Lake Michigan Management Unit,Silver Lake,08/17/1981,
-1417,2212,BLG,13997,Sanford Lake,Central Lake Michigan Management Unit,Sanford Lake,06/19/1989,
-1417,2214,BLG,13997,Sanford Lake,Central Lake Michigan Management Unit,Sanford Lake,06/19/1989,
-1375,2291,RKB,13955,Long Lake,Central Lake Michigan Management Unit,Long Lake,06/02/1982,
-1371,2299,BLG,13951,Spider Lake,Central Lake Michigan Management Unit,Spider Lake,05/12/1982,
-1371,2299,PSF,13951,Spider Lake,Central Lake Michigan Management Unit,Spider Lake,05/12/1982,
-1371,2299,RKB,13951,Spider Lake,Central Lake Michigan Management Unit,Spider Lake,05/12/1982,
-1371,2300,YEP,13951,Spider Lake,Central Lake Michigan Management Unit,Spider Lake,05/12/1982,
-1371,2301,BLG,13951,Spider Lake,Central Lake Michigan Management Unit,Spider Lake,05/12/1982,
-1371,2301,PSF,13951,Spider Lake,Central Lake Michigan Management Unit,Spider Lake,05/12/1982,
-1371,2301,RKB,13951,Spider Lake,Central Lake Michigan Management Unit,Spider Lake,05/12/1982,
-1345,1,RBT,13925,Big Chub Lake,Northern Lake Huron Management Unit,Big Chub Lake,07/11/1995,
-1320,2361,BLG,13900,Fletcher Pond,Northern Lake Huron Management Unit,Fletcher Pond,05/10/1993,
-1320,2361,BRB,13900,Fletcher Pond,Northern Lake Huron Management Unit,Fletcher Pond,05/10/1993,
-1320,2361,CWS,13900,Fletcher Pond,Northern Lake Huron Management Unit,Fletcher Pond,05/10/1993,
-1320,2361,LMB,13900,Fletcher Pond,Northern Lake Huron Management Unit,Fletcher Pond,05/10/1993,
-1320,2361,NOP,13900,Fletcher Pond,Northern Lake Huron Management Unit,Fletcher Pond,05/10/1993,
-1320,2361,PSF,13900,Fletcher Pond,Northern Lake Huron Management Unit,Fletcher Pond,05/10/1993,
-1320,2361,RKB,13900,Fletcher Pond,Northern Lake Huron Management Unit,Fletcher Pond,05/10/1993,
-1320,2361,YEP,13900,Fletcher Pond,Northern Lake Huron Management Unit,Fletcher Pond,05/10/1993,
-1306,2376,RKB,13892,Lake Charlevoix,Central Lake Michigan Management Unit,Lake Charlevoix,10/29/1990,
-1306,2376,SME,13892,Lake Charlevoix,Central Lake Michigan Management Unit,Lake Charlevoix,10/29/1990,
-1306,2377,ALE,13892,Lake Charlevoix,Central Lake Michigan Management Unit,Lake Charlevoix,10/29/1990,
-1306,2377,BCR,13892,Lake Charlevoix,Central Lake Michigan Management Unit,Lake Charlevoix,10/29/1990,
-1306,2377,CIS,13892,Lake Charlevoix,Central Lake Michigan Management Unit,Lake Charlevoix,10/29/1990,
-1306,2377,CWS,13892,Lake Charlevoix,Central Lake Michigan Management Unit,Lake Charlevoix,10/29/1990,
-1306,2377,LWF,13892,Lake Charlevoix,Central Lake Michigan Management Unit,Lake Charlevoix,10/29/1990,
-1306,2377,SME,13892,Lake Charlevoix,Central Lake Michigan Management Unit,Lake Charlevoix,10/29/1990,
-1306,2377,YEP,13892,Lake Charlevoix,Central Lake Michigan Management Unit,Lake Charlevoix,10/29/1990,
-1275,2409,BRB,13866,Mullett Lake,Northern Lake Huron Management Unit,Mullett Lake,06/10/1988,
-1275,2409,CWS,13866,Mullett Lake,Northern Lake Huron Management Unit,Mullett Lake,06/10/1988,
-1275,2409,RHS,13866,Mullett Lake,Northern Lake Huron Management Unit,Mullett Lake,06/10/1988,
-1273,2411,BRB,13864,Mullett Lake,Northern Lake Huron Management Unit,Mullett Lake,06/02/1988,
-1273,2411,CWS,13864,Mullett Lake,Northern Lake Huron Management Unit,Mullett Lake,06/02/1988,
-1273,2411,RHS,13864,Mullett Lake,Northern Lake Huron Management Unit,Mullett Lake,06/02/1988,
-1273,2411,RKB,13864,Mullett Lake,Northern Lake Huron Management Unit,Mullett Lake,06/02/1988,
-1273,2411,WHB,13864,Mullett Lake,Northern Lake Huron Management Unit,Mullett Lake,06/02/1988,
-1272,2412,RKB,13863,Mullett Lake,Northern Lake Huron Management Unit,Mullett Lake,06/02/1988,
-1272,2412,WHB,13863,Mullett Lake,Northern Lake Huron Management Unit,Mullett Lake,06/02/1988,
-1271,2413,RKB,13862,Mullett Lake,Northern Lake Huron Management Unit,Mullett Lake,06/01/1988,
-1271,2413,WHB,13862,Mullett Lake,Northern Lake Huron Management Unit,Mullett Lake,06/01/1988,
-1270,2414,RKB,13861,Mullett Lake,Northern Lake Huron Management Unit,Mullett Lake,06/01/1988,
-1194,2501,BKT,13786,Weber Lake,Northern Lake Huron Management Unit,Weber Lake,04/15/1983,
-1194,2501,CRC,13786,Weber Lake,Northern Lake Huron Management Unit,Weber Lake,04/15/1983,
-1194,2501,CSH,13786,Weber Lake,Northern Lake Huron Management Unit,Weber Lake,04/15/1983,
-1194,2501,GSF,13786,Weber Lake,Northern Lake Huron Management Unit,Weber Lake,04/15/1983,
-1194,2501,PSF,13786,Weber Lake,Northern Lake Huron Management Unit,Weber Lake,04/15/1983,
-1194,2501,RKB,13786,Weber Lake,Northern Lake Huron Management Unit,Weber Lake,04/15/1983,
-1190,2508,RKB,13782,Avalon Lake,Northern Lake Huron Management Unit,Avalon Lake,05/12/1983,
-1190,2508,SMB,13782,Avalon Lake,Northern Lake Huron Management Unit,Avalon Lake,05/12/1983,
-1190,2508,YEP,13782,Avalon Lake,Northern Lake Huron Management Unit,Avalon Lake,05/12/1983,
-1154,2552,YEP,13752,Little Wolf Lake,Northern Lake Huron Management Unit,Little Wolf Lake,05/13/1981,
-1147,2563,RKB,13746,Grand Sable Lake,Eastern Lake Superior Management Unit,Grand Sable Lake,09/05/1995,
-1147,2563,YEP,13746,Grand Sable Lake,Eastern Lake Superior Management Unit,Grand Sable Lake,09/05/1995,
-1147,2565,CWS,13746,Grand Sable Lake,Eastern Lake Superior Management Unit,Grand Sable Lake,09/05/1995,
-1147,2565,RKB,13746,Grand Sable Lake,Eastern Lake Superior Management Unit,Grand Sable Lake,09/05/1995,
-1146,2566,SPL,13745,Tank Lake,Eastern Lake Superior Management Unit,Tank Lake,05/31/1995,
-1143,2570,NOP,13742,Perch Lake,Eastern Lake Superior Management Unit,Perch Lake,06/05/1995,
-1142,2572,RKB,13741,Pike Lake,Eastern Lake Superior Management Unit,Pike Lake,06/12/1995,
-1140,2573,PSF,13739,Cusino Lake,Northern Lake Michigan Management Unit,Cusino Lake,05/22/1995,
-1140,2573,YEP,13739,Cusino Lake,Northern Lake Michigan Management Unit,Cusino Lake,05/22/1995,
-1140,2574,PSF,13739,Cusino Lake,Northern Lake Michigan Management Unit,Cusino Lake,05/22/1995,
-1140,2574,YEP,13739,Cusino Lake,Northern Lake Michigan Management Unit,Cusino Lake,05/22/1995,
-1139,2574,CWS,13738,North Manistique Lake,Northern Lake Michigan Management Unit,North Manistique Lake,05/15/1995,
-1139,2574,RKB,13738,North Manistique Lake,Northern Lake Michigan Management Unit,North Manistique Lake,05/15/1995,
-1139,2575,CWS,13738,North Manistique Lake,Northern Lake Michigan Management Unit,North Manistique Lake,05/15/1995,
-1139,2575,RKB,13738,North Manistique Lake,Northern Lake Michigan Management Unit,North Manistique Lake,05/15/1995,
-1139,2576,CWS,13738,North Manistique Lake,Northern Lake Michigan Management Unit,North Manistique Lake,05/15/1995,
-1139,2576,YEP,13738,North Manistique Lake,Northern Lake Michigan Management Unit,North Manistique Lake,05/15/1995,
-1138,2575,BRB,13737,East Lake,Eastern Lake Superior Management Unit,East Lake,05/30/1995,
-1136,2577,BLG,13735,South Manistique Lake,Northern Lake Michigan Management Unit,South Manistique Lake,08/28/1995,
-1136,2577,BRB,13735,South Manistique Lake,Northern Lake Michigan Management Unit,South Manistique Lake,08/28/1995,
-1136,2577,CWS,13735,South Manistique Lake,Northern Lake Michigan Management Unit,South Manistique Lake,08/28/1995,
-1136,2577,PSF,13735,South Manistique Lake,Northern Lake Michigan Management Unit,South Manistique Lake,08/28/1995,
-1136,2577,RKB,13735,South Manistique Lake,Northern Lake Michigan Management Unit,South Manistique Lake,08/28/1995,
-1136,2578,BLG,13735,South Manistique Lake,Northern Lake Michigan Management Unit,South Manistique Lake,08/28/1995,
-1136,2578,BRB,13735,South Manistique Lake,Northern Lake Michigan Management Unit,South Manistique Lake,08/28/1995,
-1136,2578,CWS,13735,South Manistique Lake,Northern Lake Michigan Management Unit,South Manistique Lake,08/28/1995,
-1136,2578,PSF,13735,South Manistique Lake,Northern Lake Michigan Management Unit,South Manistique Lake,08/28/1995,
-1136,2578,RKB,13735,South Manistique Lake,Northern Lake Michigan Management Unit,South Manistique Lake,08/28/1995,
-1136,2578,YEP,13735,South Manistique Lake,Northern Lake Michigan Management Unit,South Manistique Lake,08/28/1995,
-1131,2582,CWS,13731,Gulliver Lake,Northern Lake Michigan Management Unit,Gulliver Lake,05/15/1995,
-1131,2583,CWS,13731,Gulliver Lake,Northern Lake Michigan Management Unit,Gulliver Lake,05/15/1995,
-1088,2628,PSF,13691,Frenchman Lake,Northern Lake Huron Management Unit,Frenchman Lake,06/21/1993,
-1088,2628,YEP,13691,Frenchman Lake,Northern Lake Huron Management Unit,Frenchman Lake,06/21/1993,
-1081,2634,YEP,13684,Helen Lake,Northern Lake Huron Management Unit,Helen Lake,09/14/1993,
-1079,2636,YEP,13682,Gravel Lake,Northern Lake Huron Management Unit,Gravel Lake,09/15/1993,
-1076,2640,BRB,13679,Muskallonge Lake,Eastern Lake Superior Management Unit,Muskallonge Lake,08/10/1992,
-1076,2640,RKB,13679,Muskallonge Lake,Eastern Lake Superior Management Unit,Muskallonge Lake,08/10/1992,
-1076,2641,RKB,13679,Muskallonge Lake,Eastern Lake Superior Management Unit,Muskallonge Lake,08/10/1992,
-1076,2642,RKB,13679,Muskallonge Lake,Eastern Lake Superior Management Unit,Muskallonge Lake,08/10/1992,
-1071,2644,BRB,13674,Ross Lake,Northern Lake Michigan Management Unit,Ross Lake,05/19/1992,
-1070,2645,CWS,13673,Sunken Lake,Northern Lake Michigan Management Unit,Sunken Lake,07/28/1992,
-1054,2662,BRB,13657,Sullivan Lake,Eastern Lake Superior Management Unit,Sullivan Lake,07/29/1992,
-1053,2663,BRB,13656,Snyder Lake,Northern Lake Michigan Management Unit,Snyder Lake,07/29/1992,
-1053,2663,CWS,13656,Snyder Lake,Northern Lake Michigan Management Unit,Snyder Lake,07/29/1992,
-1051,2667,BRB,13654,Culhane Lake,Eastern Lake Superior Management Unit,Culhane Lake,09/09/1991,
-1051,2668,BRB,13654,Culhane Lake,Eastern Lake Superior Management Unit,Culhane Lake,09/09/1991,
-1050,2667,BRB,13653,Bodi Lake,Eastern Lake Superior Management Unit,Bodi Lake,09/03/1991,
-1050,2668,BRB,13653,Bodi Lake,Eastern Lake Superior Management Unit,Bodi Lake,09/03/1991,
-1050,2668,CWS,13653,Bodi Lake,Eastern Lake Superior Management Unit,Bodi Lake,09/03/1991,
-1049,2667,BRB,13652,Betsy Lake,Eastern Lake Superior Management Unit,Betsy Lake,08/08/1991,
-1048,2668,BRB,13651,Clark Lake,Eastern Lake Superior Management Unit,Clark Lake,08/06/1991,
-1048,2668,PSF,13651,Clark Lake,Eastern Lake Superior Management Unit,Clark Lake,08/06/1991,
-1047,2669,BRB,13650,Sheephead Lake,Eastern Lake Superior Management Unit,Sheephead Lake,08/05/1991,
-1045,2671,BRB,13649,Triangle Lake,Northern Lake Michigan Management Unit,Triangle Lake,06/24/1991,
-1045,2671,GOS,13649,Triangle Lake,Northern Lake Michigan Management Unit,Triangle Lake,06/24/1991,
-1045,2671,PSF,13649,Triangle Lake,Northern Lake Michigan Management Unit,Triangle Lake,06/24/1991,
-1045,2671,YEP,13649,Triangle Lake,Northern Lake Michigan Management Unit,Triangle Lake,06/24/1991,
-1041,2675,RKB,13645,"Belle Lake, North",Eastern Lake Superior Management Unit,"Belle Lake, North",06/18/1991,
-1041,2675,YEP,13645,"Belle Lake, North",Eastern Lake Superior Management Unit,"Belle Lake, North",06/18/1991,
-1041,2676,YEP,13645,"Belle Lake, North",Eastern Lake Superior Management Unit,"Belle Lake, North",06/18/1991,
-1039,2678,RKB,13643,Caribou Lake,Northern Lake Huron Management Unit,Caribou Lake,05/29/1991,
-1039,2679,RKB,13643,Caribou Lake,Northern Lake Huron Management Unit,Caribou Lake,05/29/1991,
-1035,2681,RKB,13639,Pretty Lake,Eastern Lake Superior Management Unit,Pretty Lake,06/13/1990,
-1035,2681,YEP,13639,Pretty Lake,Eastern Lake Superior Management Unit,Pretty Lake,06/13/1990,
-1035,2682,RKB,13639,Pretty Lake,Eastern Lake Superior Management Unit,Pretty Lake,06/13/1990,
-1035,2682,YEP,13639,Pretty Lake,Eastern Lake Superior Management Unit,Pretty Lake,06/13/1990,
-1033,2684,YEP,13637,Beaverhouse Lake,Eastern Lake Superior Management Unit,Beaverhouse Lake,06/12/1990,
-1031,2686,CWS,13636,Kingston Lake,Eastern Lake Superior Management Unit,Kingston Lake,06/18/1990,
-1031,2686,PSF,13636,Kingston Lake,Eastern Lake Superior Management Unit,Kingston Lake,06/18/1990,
-1031,2686,RKB,13636,Kingston Lake,Eastern Lake Superior Management Unit,Kingston Lake,06/18/1990,
-1031,2686,YEP,13636,Kingston Lake,Eastern Lake Superior Management Unit,Kingston Lake,06/18/1990,
-1030,2688,BRB,13635,Ross Lake,Northern Lake Michigan Management Unit,Ross Lake,05/14/1990,
-1030,2689,BRB,13635,Ross Lake,Northern Lake Michigan Management Unit,Ross Lake,05/14/1990,
-1020,2709,BLG,13625,Gulliver Lake,Northern Lake Michigan Management Unit,Gulliver Lake,05/21/1990,
-1020,2709,PSF,13625,Gulliver Lake,Northern Lake Michigan Management Unit,Gulliver Lake,05/21/1990,
-1020,2709,RKB,13625,Gulliver Lake,Northern Lake Michigan Management Unit,Gulliver Lake,05/21/1990,
-1020,2709,YEP,13625,Gulliver Lake,Northern Lake Michigan Management Unit,Gulliver Lake,05/21/1990,
-1020,2710,BLG,13625,Gulliver Lake,Northern Lake Michigan Management Unit,Gulliver Lake,05/21/1990,
-1020,2710,PSF,13625,Gulliver Lake,Northern Lake Michigan Management Unit,Gulliver Lake,05/21/1990,
-1020,2710,RKB,13625,Gulliver Lake,Northern Lake Michigan Management Unit,Gulliver Lake,05/21/1990,
-1020,2710,YEP,13625,Gulliver Lake,Northern Lake Michigan Management Unit,Gulliver Lake,05/21/1990,
-1020,2711,BLG,13625,Gulliver Lake,Northern Lake Michigan Management Unit,Gulliver Lake,05/21/1990,
-1020,2711,CWS,13625,Gulliver Lake,Northern Lake Michigan Management Unit,Gulliver Lake,05/21/1990,
-1020,2711,PSF,13625,Gulliver Lake,Northern Lake Michigan Management Unit,Gulliver Lake,05/21/1990,
-1020,2711,RKB,13625,Gulliver Lake,Northern Lake Michigan Management Unit,Gulliver Lake,05/21/1990,
-1020,2711,YEP,13625,Gulliver Lake,Northern Lake Michigan Management Unit,Gulliver Lake,05/21/1990,
-1018,2711,PSF,13623,Pike Lake,Eastern Lake Superior Management Unit,Pike Lake,06/26/1989,
-1018,2711,RKB,13623,Pike Lake,Eastern Lake Superior Management Unit,Pike Lake,06/26/1989,
-1018,2711,YEP,13623,Pike Lake,Eastern Lake Superior Management Unit,Pike Lake,06/26/1989,
-1017,2714,BRB,13622,Nawakwa Lake,Eastern Lake Superior Management Unit,Nawakwa Lake,06/19/1989,
-1017,2714,RKB,13622,Nawakwa Lake,Eastern Lake Superior Management Unit,Nawakwa Lake,06/19/1989,
-1017,2715,BRB,13622,Nawakwa Lake,Eastern Lake Superior Management Unit,Nawakwa Lake,06/19/1989,
-1017,2715,RKB,13622,Nawakwa Lake,Eastern Lake Superior Management Unit,Nawakwa Lake,06/19/1989,
-1017,2716,BRB,13622,Nawakwa Lake,Eastern Lake Superior Management Unit,Nawakwa Lake,06/19/1989,
-1017,2716,RKB,13622,Nawakwa Lake,Eastern Lake Superior Management Unit,Nawakwa Lake,06/19/1989,
-1015,2716,CWS,13620,North Manistique Lake,Northern Lake Michigan Management Unit,North Manistique Lake,05/30/1989,
-1015,2716,RKB,13620,North Manistique Lake,Northern Lake Michigan Management Unit,North Manistique Lake,05/30/1989,
-1015,2717,RKB,13620,North Manistique Lake,Northern Lake Michigan Management Unit,North Manistique Lake,05/30/1989,
-1014,2717,BLG,13619,Straits Lake,Northern Lake Michigan Management Unit,Straits Lake,09/21/1989,
-1014,2717,BRB,13619,Straits Lake,Northern Lake Michigan Management Unit,Straits Lake,09/21/1989,
-1014,2717,CWS,13619,Straits Lake,Northern Lake Michigan Management Unit,Straits Lake,09/21/1989,
-1014,2717,PSF,13619,Straits Lake,Northern Lake Michigan Management Unit,Straits Lake,09/21/1989,
-1014,2717,RKB,13619,Straits Lake,Northern Lake Michigan Management Unit,Straits Lake,09/21/1989,
-1014,2718,BLG,13619,Straits Lake,Northern Lake Michigan Management Unit,Straits Lake,09/21/1989,
-1014,2718,CWS,13619,Straits Lake,Northern Lake Michigan Management Unit,Straits Lake,09/21/1989,
-1014,2718,PSF,13619,Straits Lake,Northern Lake Michigan Management Unit,Straits Lake,09/21/1989,
-1014,2718,RKB,13619,Straits Lake,Northern Lake Michigan Management Unit,Straits Lake,09/21/1989,
-1007,2728,BUL,13612,Garnet Lake,Northern Lake Michigan Management Unit,Garnet Lake,09/12/1989,
-1007,2728,PER,13612,Garnet Lake,Northern Lake Michigan Management Unit,Garnet Lake,09/12/1989,
-1007,2728,RKB,13612,Garnet Lake,Northern Lake Michigan Management Unit,Garnet Lake,09/12/1989,
-1007,2728,SUN,13612,Garnet Lake,Northern Lake Michigan Management Unit,Garnet Lake,09/12/1989,
-1007,2728,WCR,13612,Garnet Lake,Northern Lake Michigan Management Unit,Garnet Lake,09/12/1989,
-999,2742,CWS,13604,Beaver Lake,Eastern Lake Superior Management Unit,Beaver Lake,05/04/1988,
-999,2742,YEP,13604,Beaver Lake,Eastern Lake Superior Management Unit,Beaver Lake,05/04/1988,
-984,2769,BLG,13589,West Twin Lake,Eastern Lake Superior Management Unit,West Twin Lake,09/06/1988,
-984,2769,BRB,13589,West Twin Lake,Eastern Lake Superior Management Unit,West Twin Lake,09/06/1988,
-984,2769,CWS,13589,West Twin Lake,Eastern Lake Superior Management Unit,West Twin Lake,09/06/1988,
-984,2771,BLG,13589,West Twin Lake,Eastern Lake Superior Management Unit,West Twin Lake,09/06/1988,
-977,2789,BRB,13582,South Manistique Lake,Northern Lake Michigan Management Unit,South Manistique Lake,09/19/1988,
-977,2789,CWS,13582,South Manistique Lake,Northern Lake Michigan Management Unit,South Manistique Lake,09/19/1988,
-977,2789,NOP,13582,South Manistique Lake,Northern Lake Michigan Management Unit,South Manistique Lake,09/19/1988,
-977,2789,PSF,13582,South Manistique Lake,Northern Lake Michigan Management Unit,South Manistique Lake,09/19/1988,
-977,2789,RKB,13582,South Manistique Lake,Northern Lake Michigan Management Unit,South Manistique Lake,09/19/1988,
-977,2790,CWS,13582,South Manistique Lake,Northern Lake Michigan Management Unit,South Manistique Lake,09/19/1988,
-977,2791,BLG,13582,South Manistique Lake,Northern Lake Michigan Management Unit,South Manistique Lake,09/19/1988,
-977,2791,BRB,13582,South Manistique Lake,Northern Lake Michigan Management Unit,South Manistique Lake,09/19/1988,
-977,2791,CWS,13582,South Manistique Lake,Northern Lake Michigan Management Unit,South Manistique Lake,09/19/1988,
-977,2791,PSF,13582,South Manistique Lake,Northern Lake Michigan Management Unit,South Manistique Lake,09/19/1988,
-977,2791,RKB,13582,South Manistique Lake,Northern Lake Michigan Management Unit,South Manistique Lake,09/19/1988,
-977,2791,WAE,13582,South Manistique Lake,Northern Lake Michigan Management Unit,South Manistique Lake,09/19/1988,
-969,2805,SPL,13574,Pretty Lake,Eastern Lake Superior Management Unit,Pretty Lake,10/27/1986,
-966,2812,PSF,13571,Beaverhouse Lake,Eastern Lake Superior Management Unit,Beaverhouse Lake,10/27/1986,
-966,2812,YEP,13571,Beaverhouse Lake,Eastern Lake Superior Management Unit,Beaverhouse Lake,10/27/1986,
-960,2818,PSF,13565,"Belle Lake, North",Eastern Lake Superior Management Unit,"Belle Lake, North",09/03/1987,
-960,2818,RKB,13565,"Belle Lake, North",Eastern Lake Superior Management Unit,"Belle Lake, North",09/03/1987,
-960,2818,SMB,13565,"Belle Lake, North",Eastern Lake Superior Management Unit,"Belle Lake, North",09/03/1987,
-933,2864,WAE,13538,Caribou Lake,Northern Lake Huron Management Unit,Caribou Lake,05/19/1986,
-933,2865,RKB,13538,Caribou Lake,Northern Lake Huron Management Unit,Caribou Lake,05/19/1986,
-933,2865,WAE,13538,Caribou Lake,Northern Lake Huron Management Unit,Caribou Lake,05/19/1986,
-933,2866,RKB,13538,Caribou Lake,Northern Lake Huron Management Unit,Caribou Lake,05/19/1986,
-933,2866,WAE,13538,Caribou Lake,Northern Lake Huron Management Unit,Caribou Lake,05/19/1986,
-933,2867,RKB,13538,Caribou Lake,Northern Lake Huron Management Unit,Caribou Lake,05/19/1986,
-933,2867,SMB,13538,Caribou Lake,Northern Lake Huron Management Unit,Caribou Lake,05/19/1986,
-933,2867,WAE,13538,Caribou Lake,Northern Lake Huron Management Unit,Caribou Lake,05/19/1986,
-928,2872,PSF,13533,Tank Lake,Eastern Lake Superior Management Unit,Tank Lake,11/07/1984,
-928,2872,RKB,13533,Tank Lake,Eastern Lake Superior Management Unit,Tank Lake,11/07/1984,
-928,2872,YEP,13533,Tank Lake,Eastern Lake Superior Management Unit,Tank Lake,11/07/1984,
-925,2880,BRB,13530,Muskallonge Lake,Eastern Lake Superior Management Unit,Muskallonge Lake,08/05/1985,
-925,2880,RKB,13530,Muskallonge Lake,Eastern Lake Superior Management Unit,Muskallonge Lake,08/05/1985,
-925,2882,CWS,13530,Muskallonge Lake,Eastern Lake Superior Management Unit,Muskallonge Lake,08/05/1985,
-913,2907,BLG,13518,Red Lake,Northern Lake Michigan Management Unit,Red Lake,08/13/1985,
-913,2907,LMB,13518,Red Lake,Northern Lake Michigan Management Unit,Red Lake,08/13/1985,
-913,2907,PSF,13518,Red Lake,Northern Lake Michigan Management Unit,Red Lake,08/13/1985,
-900,2931,RKB,13505,Brevoort Lake,Northern Lake Michigan Management Unit,Brevoort Lake,10/02/1984,
-900,2931,YEP,13505,Brevoort Lake,Northern Lake Michigan Management Unit,Brevoort Lake,10/02/1984,
-900,2932,YEP,13505,Brevoort Lake,Northern Lake Michigan Management Unit,Brevoort Lake,10/02/1984,
-896,2938,BRB,13501,Nevins Lake,Northern Lake Michigan Management Unit,Nevins Lake,07/16/1985,
-894,2942,NOP,13499,Nawakwa Lake,Eastern Lake Superior Management Unit,Nawakwa Lake,06/04/1984,
-893,2944,BRB,13498,Lower Shoe Lake,Northern Lake Michigan Management Unit,Lower Shoe Lake,07/18/1984,
-893,2944,YEP,13498,Lower Shoe Lake,Northern Lake Michigan Management Unit,Lower Shoe Lake,07/18/1984,
-891,2950,RKB,13496,Monocle Lake,Eastern Lake Superior Management Unit,Monocle Lake,07/17/1984,
-891,2951,CWS,13496,Monocle Lake,Eastern Lake Superior Management Unit,Monocle Lake,07/17/1984,
-886,2961,BLG,13491,McKeever Lake,Northern Lake Michigan Management Unit,McKeever Lake,08/28/1984,
-885,2964,BKT AS,13490,Twilight Lake,Northern Lake Michigan Management Unit,Twilight Lake,09/11/1984,
-866,3004,BRB,13471,Pratt Lake,Eastern Lake Superior Management Unit,Pratt Lake,06/15/1983,
-866,3004,YEP,13471,Pratt Lake,Eastern Lake Superior Management Unit,Pratt Lake,06/15/1983,
-857,3018,YEP,13462,Spruce Lake,Northern Lake Michigan Management Unit,Spruce Lake,11/03/1982,
-842,3035,YEP,13447,Soldier Lake,Northern Lake Huron Management Unit,Soldier Lake,07/06/1983,
-835,3051,BRB,13440,Frenchman Lake,Northern Lake Huron Management Unit,Frenchman Lake,06/06/1983,
-835,3051,CWS,13440,Frenchman Lake,Northern Lake Huron Management Unit,Frenchman Lake,06/06/1983,
-835,3051,PSF,13440,Frenchman Lake,Northern Lake Huron Management Unit,Frenchman Lake,06/06/1983,
-835,3051,RKB,13440,Frenchman Lake,Northern Lake Huron Management Unit,Frenchman Lake,06/06/1983,
-835,3051,YEP,13440,Frenchman Lake,Northern Lake Huron Management Unit,Frenchman Lake,06/06/1983,
-831,3056,CAR,13436,Little Brevoort Lake,Northern Lake Michigan Management Unit,Little Brevoort Lake,10/27/1982,
-817,3081,YEP,13422,"Belle Lake, North",Eastern Lake Superior Management Unit,"Belle Lake, North",06/16/1982,
-817,3082,YEP,13422,"Belle Lake, North",Eastern Lake Superior Management Unit,"Belle Lake, North",06/16/1982,
-813,3091,CWS,13418,Monocle Lake,Eastern Lake Superior Management Unit,Monocle Lake,10/30/1981,
-813,3091,PER,13418,Monocle Lake,Eastern Lake Superior Management Unit,Monocle Lake,10/30/1981,
-810,3099,BLB,13415,Millecoquins Lake,Northern Lake Michigan Management Unit,Millecoquins Lake,06/07/1982,
-810,3099,BLG,13415,Millecoquins Lake,Northern Lake Michigan Management Unit,Millecoquins Lake,06/07/1982,
-810,3099,CWS,13415,Millecoquins Lake,Northern Lake Michigan Management Unit,Millecoquins Lake,06/07/1982,
-810,3099,NOP,13415,Millecoquins Lake,Northern Lake Michigan Management Unit,Millecoquins Lake,06/07/1982,
-810,3099,PSF,13415,Millecoquins Lake,Northern Lake Michigan Management Unit,Millecoquins Lake,06/07/1982,
-810,3099,RKB,13415,Millecoquins Lake,Northern Lake Michigan Management Unit,Millecoquins Lake,06/07/1982,
-810,3099,YEP,13415,Millecoquins Lake,Northern Lake Michigan Management Unit,Millecoquins Lake,06/07/1982,
-810,3100,BLG,13415,Millecoquins Lake,Northern Lake Michigan Management Unit,Millecoquins Lake,06/07/1982,
-810,3100,NOP,13415,Millecoquins Lake,Northern Lake Michigan Management Unit,Millecoquins Lake,06/07/1982,
-810,3100,PSF,13415,Millecoquins Lake,Northern Lake Michigan Management Unit,Millecoquins Lake,06/07/1982,
-810,3100,RKB,13415,Millecoquins Lake,Northern Lake Michigan Management Unit,Millecoquins Lake,06/07/1982,
-810,3100,YEP,13415,Millecoquins Lake,Northern Lake Michigan Management Unit,Millecoquins Lake,06/07/1982,
-809,3103,BRB,13414,Andrus Lake,Eastern Lake Superior Management Unit,Andrus Lake,09/16/1981,
-809,3103,YEP,13414,Andrus Lake,Eastern Lake Superior Management Unit,Andrus Lake,09/16/1981,
-809,3104,BRB,13414,Andrus Lake,Eastern Lake Superior Management Unit,Andrus Lake,09/16/1981,
-808,3106,BRB,13413,Pike Lake,Eastern Lake Superior Management Unit,Pike Lake,06/27/1981,
-808,3106,NOP,13413,Pike Lake,Eastern Lake Superior Management Unit,Pike Lake,06/27/1981,
-808,3106,PSF,13413,Pike Lake,Eastern Lake Superior Management Unit,Pike Lake,06/27/1981,
-808,3106,RKB,13413,Pike Lake,Eastern Lake Superior Management Unit,Pike Lake,06/27/1981,
-808,3106,YEP,13413,Pike Lake,Eastern Lake Superior Management Unit,Pike Lake,06/27/1981,
-805,3111,BRB,13410,Nawakwa Lake,Eastern Lake Superior Management Unit,Nawakwa Lake,06/25/1981,
-805,3111,CWS,13410,Nawakwa Lake,Eastern Lake Superior Management Unit,Nawakwa Lake,06/25/1981,
-805,3111,NOP,13410,Nawakwa Lake,Eastern Lake Superior Management Unit,Nawakwa Lake,06/25/1981,
-805,3111,PSF,13410,Nawakwa Lake,Eastern Lake Superior Management Unit,Nawakwa Lake,06/25/1981,
-805,3111,RKB,13410,Nawakwa Lake,Eastern Lake Superior Management Unit,Nawakwa Lake,06/25/1981,
-805,3111,SMB,13410,Nawakwa Lake,Eastern Lake Superior Management Unit,Nawakwa Lake,06/25/1981,
-805,3111,WAE,13410,Nawakwa Lake,Eastern Lake Superior Management Unit,Nawakwa Lake,06/25/1981,
-805,3111,YEP,13410,Nawakwa Lake,Eastern Lake Superior Management Unit,Nawakwa Lake,06/25/1981,
-801,3117,YEP,13406,Milakokia Lake,Northern Lake Michigan Management Unit,Milakokia Lake,04/28/1981,
-782,3146,BLB,13387,Cleveland Cliffs Basin,Eastern Lake Superior Management Unit,Cleveland Cliffs Basin,06/12/1995,
-760,3182,NOP,13367,Thornton Lake,Northern Lake Michigan Management Unit,Thornton Lake,06/07/1994,
-755,3192,GOS,13362,Deer Lake,Eastern Lake Superior Management Unit,Deer Lake,09/14/1993,
-749,3198,CWS,13356,Horseshoe Lake,Northern Lake Michigan Management Unit,Horseshoe Lake,06/15/1993,
-749,3198,GOS,13356,Horseshoe Lake,Northern Lake Michigan Management Unit,Horseshoe Lake,06/15/1993,
-749,3198,YEP,13356,Horseshoe Lake,Northern Lake Michigan Management Unit,Horseshoe Lake,06/15/1993,
-749,3201,YEP,13356,Horseshoe Lake,Northern Lake Michigan Management Unit,Horseshoe Lake,06/15/1993,
-747,3202,CSH,13354,Bass Lake,Northern Lake Michigan Management Unit,Bass Lake,06/02/1993,
-744,3207,CWS,13351,Gooseneck Lake,Northern Lake Michigan Management Unit,Gooseneck Lake,06/01/1993,
-744,3207,RKB,13351,Gooseneck Lake,Northern Lake Michigan Management Unit,Gooseneck Lake,06/01/1993,
-724,3234,BLB,13331,Jackpine Lake,Northern Lake Michigan Management Unit,Jackpine Lake,05/29/1992,
-724,3234,CWS,13331,Jackpine Lake,Northern Lake Michigan Management Unit,Jackpine Lake,05/29/1992,
-724,3234,YEP,13331,Jackpine Lake,Northern Lake Michigan Management Unit,Jackpine Lake,05/29/1992,
-724,3235,CWS,13331,Jackpine Lake,Northern Lake Michigan Management Unit,Jackpine Lake,05/29/1992,
-724,3235,YEP,13331,Jackpine Lake,Northern Lake Michigan Management Unit,Jackpine Lake,05/29/1992,
-691,3277,YEP,13299,Au Train Lake,Eastern Lake Superior Management Unit,Au Train Lake,09/11/1989,
-681,3295,BLB,13289,Sixteenmile Lake,Northern Lake Michigan Management Unit,Sixteenmile Lake,08/22/1989,
-650,3348,BUL,13258,Cleveland Cliffs Basin,Eastern Lake Superior Management Unit,Cleveland Cliffs Basin,09/16/1987,
-628,3389,YEP,13236,Baldy Lake,Northern Lake Michigan Management Unit,Baldy Lake,07/22/1986,
-598,3435,PSF,13206,Lake Stella,Northern Lake Michigan Management Unit,Lake Stella,09/19/1983,
-590,3455,GOS,13198,Pike Lake,Northern Lake Michigan Management Unit,Pike Lake,07/13/1982,
-590,3456,GOS,13198,Pike Lake,Northern Lake Michigan Management Unit,Pike Lake,07/13/1982,
-586,3463,BLB,13194,Cleveland Cliffs Basin,Eastern Lake Superior Management Unit,Cleveland Cliffs Basin,06/08/1982,
-586,3465,BLB,13194,Cleveland Cliffs Basin,Eastern Lake Superior Management Unit,Cleveland Cliffs Basin,06/08/1982,
-562,3505,WAE,13171,Iron Lake,Northern Lake Michigan Management Unit,Iron Lake,04/20/1994,
-540,3528,BLG,13151,Fire Lake,Northern Lake Michigan Management Unit,Fire Lake,11/01/1990,
-540,3528,CWS,13151,Fire Lake,Northern Lake Michigan Management Unit,Fire Lake,11/01/1990,
-540,3528,RKB,13151,Fire Lake,Northern Lake Michigan Management Unit,Fire Lake,11/01/1990,
-540,3530,BLG,13151,Fire Lake,Northern Lake Michigan Management Unit,Fire Lake,11/01/1990,
-540,3530,BNM,13151,Fire Lake,Northern Lake Michigan Management Unit,Fire Lake,11/01/1990,
-540,3531,BLG,13151,Fire Lake,Northern Lake Michigan Management Unit,Fire Lake,11/01/1990,
-540,3531,BNM,13151,Fire Lake,Northern Lake Michigan Management Unit,Fire Lake,11/01/1990,
-528,3542,WAE,13139,Cable Lake,Northern Lake Michigan Management Unit,Cable Lake,04/23/1990,
-506,3565,BUL,13117,NA,Northern Lake Michigan Management Unit,Blank,04/18/1990,
-496,3575,MUS NO,13107,Bass Lake,Northern Lake Michigan Management Unit,Bass Lake,06/21/1989,
-496,3575,NOP,13107,Bass Lake,Northern Lake Michigan Management Unit,Bass Lake,06/21/1989,
-496,3575,YEP,13107,Bass Lake,Northern Lake Michigan Management Unit,Bass Lake,06/21/1989,
-477,3602,YEP,13089,Lake Emily,Northern Lake Michigan Management Unit,Lake Emily,04/21/1988,
-470,3612,BLG,13082,Buck Lake,Northern Lake Michigan Management Unit,Buck Lake,06/06/1988,
-470,3612,PSF,13082,Buck Lake,Northern Lake Michigan Management Unit,Buck Lake,06/06/1988,
-462,3623,BLG,13074,Badwater Lake,Northern Lake Michigan Management Unit,Badwater Lake,04/16/1988,
-456,3631,NOP,13068,Bone Lake,Northern Lake Michigan Management Unit,Bone Lake,04/17/1987,
-446,3643,SMB,13058,Little Smoky Lake,Northern Lake Michigan Management Unit,Little Smoky Lake,07/21/1987,
-446,3643,YEP,13058,Little Smoky Lake,Northern Lake Michigan Management Unit,Little Smoky Lake,07/21/1987,
-445,3646,CWS,13057,Smoky Lake,Northern Lake Michigan Management Unit,Smoky Lake,10/07/1986,
-445,3646,RKB,13057,Smoky Lake,Northern Lake Michigan Management Unit,Smoky Lake,10/07/1986,
-445,3646,SMB,13057,Smoky Lake,Northern Lake Michigan Management Unit,Smoky Lake,10/07/1986,
-445,3646,YEP,13057,Smoky Lake,Northern Lake Michigan Management Unit,Smoky Lake,10/07/1986,
-443,3651,YEP,13055,Dawson Lake,Northern Lake Michigan Management Unit,Dawson Lake,05/28/1987,
-443,3653,YEP,13055,Dawson Lake,Northern Lake Michigan Management Unit,Dawson Lake,05/28/1987,
-440,3657,PSF,13052,Camp Lake,Northern Lake Michigan Management Unit,Camp Lake,07/13/1987,
-440,3657,RKB,13052,Camp Lake,Northern Lake Michigan Management Unit,Camp Lake,07/13/1987,
-440,3657,WAE,13052,Camp Lake,Northern Lake Michigan Management Unit,Camp Lake,07/13/1987,
-440,3657,YEP,13052,Camp Lake,Northern Lake Michigan Management Unit,Camp Lake,07/13/1987,
-440,3659,CWS,13052,Camp Lake,Northern Lake Michigan Management Unit,Camp Lake,07/13/1987,
-437,3662,CWS,13049,Hermansville Lake,Northern Lake Michigan Management Unit,Hermansville Lake,07/13/1987,
-437,3664,BUL,13049,Hermansville Lake,Northern Lake Michigan Management Unit,Hermansville Lake,07/13/1987,
-422,3680,WAE,13034,Indian Lake,Northern Lake Michigan Management Unit,Indian Lake,04/16/1986,
-420,3684,BLG,13032,Mary Lake,Northern Lake Michigan Management Unit,Mary Lake,06/30/1986,
-420,3684,PSF,13032,Mary Lake,Northern Lake Michigan Management Unit,Mary Lake,06/30/1986,
-420,3684,RKB,13032,Mary Lake,Northern Lake Michigan Management Unit,Mary Lake,06/30/1986,
-418,3689,BRB,13030,Hamilton Lake,Northern Lake Michigan Management Unit,Hamilton Lake,06/30/1986,
-418,3689,NOP,13030,Hamilton Lake,Northern Lake Michigan Management Unit,Hamilton Lake,06/30/1986,
-418,3689,PSF,13030,Hamilton Lake,Northern Lake Michigan Management Unit,Hamilton Lake,06/30/1986,
-418,3689,RKB,13030,Hamilton Lake,Northern Lake Michigan Management Unit,Hamilton Lake,06/30/1986,
-418,3689,WAE,13030,Hamilton Lake,Northern Lake Michigan Management Unit,Hamilton Lake,06/30/1986,
-416,3693,BLB,13028,Marten Lake,Western Lake Superior Management Unit,Marten Lake,10/14/1985,
-416,3693,CWS,13028,Marten Lake,Western Lake Superior Management Unit,Marten Lake,10/14/1985,
-416,3693,PER,13028,Marten Lake,Western Lake Superior Management Unit,Marten Lake,10/14/1985,
-415,3694,BCR,13027,Bass Lake,Northern Lake Michigan Management Unit,Bass Lake,05/20/1986,
-415,3694,GOS,13027,Bass Lake,Northern Lake Michigan Management Unit,Bass Lake,05/20/1986,
-413,3696,YEP,13025,Deer Lake,Northern Lake Michigan Management Unit,Deer Lake,06/03/1985,
-410,3701,BCR,13022,Runkle Lake,Northern Lake Michigan Management Unit,Runkle Lake,06/10/1985,
-410,3701,BLG,13022,Runkle Lake,Northern Lake Michigan Management Unit,Runkle Lake,06/10/1985,
-410,3701,YEP,13022,Runkle Lake,Northern Lake Michigan Management Unit,Runkle Lake,06/10/1985,
-400,3716,RKB,13012,Michigamme Reservoir,Northern Lake Michigan Management Unit,Michigamme Reservoir,05/29/1984,
-390,3727,BLB,13002,Mitchell Lake,Northern Lake Michigan Management Unit,Mitchell Lake,06/12/1984,
-390,3727,RKB,13002,Mitchell Lake,Northern Lake Michigan Management Unit,Mitchell Lake,06/12/1984,
-390,3727,YEP,13002,Mitchell Lake,Northern Lake Michigan Management Unit,Mitchell Lake,06/12/1984,
-373,3744,BLG,12985,Sixmile Lake,Northern Lake Michigan Management Unit,Sixmile Lake,06/01/1983,
-373,3744,YEP,12985,Sixmile Lake,Northern Lake Michigan Management Unit,Sixmile Lake,06/01/1983,
-373,3745,BLG,12985,Sixmile Lake,Northern Lake Michigan Management Unit,Sixmile Lake,06/01/1983,
-373,3746,BLG,12985,Sixmile Lake,Northern Lake Michigan Management Unit,Sixmile Lake,06/01/1983,
-373,3746,YEP,12985,Sixmile Lake,Northern Lake Michigan Management Unit,Sixmile Lake,06/01/1983,
-372,3746,BCR,12984,Hardwood Impoundment,Northern Lake Michigan Management Unit,Hardwood Impoundment,06/06/1983,
-372,3746,BLB,12984,Hardwood Impoundment,Northern Lake Michigan Management Unit,Hardwood Impoundment,06/06/1983,
-372,3746,CWS,12984,Hardwood Impoundment,Northern Lake Michigan Management Unit,Hardwood Impoundment,06/06/1983,
-372,3746,YEP,12984,Hardwood Impoundment,Northern Lake Michigan Management Unit,Hardwood Impoundment,06/06/1983,
-372,3747,BCR,12984,Hardwood Impoundment,Northern Lake Michigan Management Unit,Hardwood Impoundment,06/06/1983,
-372,3747,BLB,12984,Hardwood Impoundment,Northern Lake Michigan Management Unit,Hardwood Impoundment,06/06/1983,
-372,3747,CWS,12984,Hardwood Impoundment,Northern Lake Michigan Management Unit,Hardwood Impoundment,06/06/1983,
-372,3747,YEP,12984,Hardwood Impoundment,Northern Lake Michigan Management Unit,Hardwood Impoundment,06/06/1983,
-372,3748,BCR,12984,Hardwood Impoundment,Northern Lake Michigan Management Unit,Hardwood Impoundment,06/06/1983,
-372,3748,BLB,12984,Hardwood Impoundment,Northern Lake Michigan Management Unit,Hardwood Impoundment,06/06/1983,
-372,3748,CWS,12984,Hardwood Impoundment,Northern Lake Michigan Management Unit,Hardwood Impoundment,06/06/1983,
-372,3748,YEP,12984,Hardwood Impoundment,Northern Lake Michigan Management Unit,Hardwood Impoundment,06/06/1983,
-370,3749,BLG,12982,First Fortune Lake,Northern Lake Michigan Management Unit,First Fortune Lake,06/14/1982,
-370,3749,PSF,12982,First Fortune Lake,Northern Lake Michigan Management Unit,First Fortune Lake,06/14/1982,
-370,3749,RKB,12982,First Fortune Lake,Northern Lake Michigan Management Unit,First Fortune Lake,06/14/1982,
-370,3749,YEP,12982,First Fortune Lake,Northern Lake Michigan Management Unit,First Fortune Lake,06/14/1982,
-370,3751,BLG,12982,First Fortune Lake,Northern Lake Michigan Management Unit,First Fortune Lake,06/14/1982,
-370,3751,PSF,12982,First Fortune Lake,Northern Lake Michigan Management Unit,First Fortune Lake,06/14/1982,
-370,3751,RKB,12982,First Fortune Lake,Northern Lake Michigan Management Unit,First Fortune Lake,06/14/1982,
-370,3751,YEP,12982,First Fortune Lake,Northern Lake Michigan Management Unit,First Fortune Lake,06/14/1982,
-369,3751,BLG,12981,Second Fortune Lake,Northern Lake Michigan Management Unit,Second Fortune Lake,06/14/1982,
-369,3751,PSF,12981,Second Fortune Lake,Northern Lake Michigan Management Unit,Second Fortune Lake,06/14/1982,
-369,3751,YEP,12981,Second Fortune Lake,Northern Lake Michigan Management Unit,Second Fortune Lake,06/14/1982,
-369,3752,BLG,12981,Second Fortune Lake,Northern Lake Michigan Management Unit,Second Fortune Lake,06/14/1982,
-369,3752,PSF,12981,Second Fortune Lake,Northern Lake Michigan Management Unit,Second Fortune Lake,06/14/1982,
-367,3753,BLG,12979,Fourth Fortune Lake,Northern Lake Michigan Management Unit,Fourth Fortune Lake,06/14/1982,
-367,3753,PSF,12979,Fourth Fortune Lake,Northern Lake Michigan Management Unit,Fourth Fortune Lake,06/14/1982,
-367,3753,YEP,12979,Fourth Fortune Lake,Northern Lake Michigan Management Unit,Fourth Fortune Lake,06/14/1982,
-367,3754,BLG,12979,Fourth Fortune Lake,Northern Lake Michigan Management Unit,Fourth Fortune Lake,06/14/1982,
-367,3754,PSF,12979,Fourth Fortune Lake,Northern Lake Michigan Management Unit,Fourth Fortune Lake,06/14/1982,
-365,3755,BLG,12977,Third Fortune Lake,Northern Lake Michigan Management Unit,Third Fortune Lake,06/14/1982,
-365,3755,PSF,12977,Third Fortune Lake,Northern Lake Michigan Management Unit,Third Fortune Lake,06/14/1982,
-365,3755,YEP,12977,Third Fortune Lake,Northern Lake Michigan Management Unit,Third Fortune Lake,06/14/1982,
-363,3758,BLG,12975,Shakey Lake,Northern Lake Michigan Management Unit,Shakey Lake,05/24/1982,
-363,3758,BUL,12975,Shakey Lake,Northern Lake Michigan Management Unit,Shakey Lake,05/24/1982,
-363,3758,PSF,12975,Shakey Lake,Northern Lake Michigan Management Unit,Shakey Lake,05/24/1982,
-363,3758,RKB,12975,Shakey Lake,Northern Lake Michigan Management Unit,Shakey Lake,05/24/1982,
-363,3759,BLG,12975,Shakey Lake,Northern Lake Michigan Management Unit,Shakey Lake,05/24/1982,
-363,3759,PSF,12975,Shakey Lake,Northern Lake Michigan Management Unit,Shakey Lake,05/24/1982,
-363,3760,BLG,12975,Shakey Lake,Northern Lake Michigan Management Unit,Shakey Lake,05/24/1982,
-363,3760,BUL,12975,Shakey Lake,Northern Lake Michigan Management Unit,Shakey Lake,05/24/1982,
-363,3760,PSF,12975,Shakey Lake,Northern Lake Michigan Management Unit,Shakey Lake,05/24/1982,
-363,3760,RKB,12975,Shakey Lake,Northern Lake Michigan Management Unit,Shakey Lake,05/24/1982,
-361,3761,BLG,12973,Sawyer Lake,Northern Lake Michigan Management Unit,Sawyer Lake,06/15/1981,
-361,3761,CWS,12973,Sawyer Lake,Northern Lake Michigan Management Unit,Sawyer Lake,06/15/1981,
-361,3761,PSF,12973,Sawyer Lake,Northern Lake Michigan Management Unit,Sawyer Lake,06/15/1981,
-361,3761,SMB,12973,Sawyer Lake,Northern Lake Michigan Management Unit,Sawyer Lake,06/15/1981,
-361,3763,BCR,12973,Sawyer Lake,Northern Lake Michigan Management Unit,Sawyer Lake,06/15/1981,
-361,3763,BLG,12973,Sawyer Lake,Northern Lake Michigan Management Unit,Sawyer Lake,06/15/1981,
-361,3763,NOP,12973,Sawyer Lake,Northern Lake Michigan Management Unit,Sawyer Lake,06/15/1981,
-361,3763,PSF,12973,Sawyer Lake,Northern Lake Michigan Management Unit,Sawyer Lake,06/15/1981,
-361,3764,BCR,12973,Sawyer Lake,Northern Lake Michigan Management Unit,Sawyer Lake,06/15/1981,
-361,3764,CWS,12973,Sawyer Lake,Northern Lake Michigan Management Unit,Sawyer Lake,06/15/1981,
-361,3764,PER,12973,Sawyer Lake,Northern Lake Michigan Management Unit,Sawyer Lake,06/15/1981,
-361,3764,PSF,12973,Sawyer Lake,Northern Lake Michigan Management Unit,Sawyer Lake,06/15/1981,
-360,3764,BLB,12972,Hardwood Impoundment,Northern Lake Michigan Management Unit,Hardwood Impoundment,06/15/1981,
-360,3764,CWS,12972,Hardwood Impoundment,Northern Lake Michigan Management Unit,Hardwood Impoundment,06/15/1981,
-360,3764,PER,12972,Hardwood Impoundment,Northern Lake Michigan Management Unit,Hardwood Impoundment,06/15/1981,
-360,3765,BLB,12972,Hardwood Impoundment,Northern Lake Michigan Management Unit,Hardwood Impoundment,06/15/1981,
-360,3765,CWS,12972,Hardwood Impoundment,Northern Lake Michigan Management Unit,Hardwood Impoundment,06/15/1981,
-360,3765,PER,12972,Hardwood Impoundment,Northern Lake Michigan Management Unit,Hardwood Impoundment,06/15/1981,
-359,3765,BLB,12971,Lake Antoine,Northern Lake Michigan Management Unit,Lake Antoine,06/22/1981,
-359,3765,BLG,12971,Lake Antoine,Northern Lake Michigan Management Unit,Lake Antoine,06/22/1981,
-359,3765,PSF,12971,Lake Antoine,Northern Lake Michigan Management Unit,Lake Antoine,06/22/1981,
-359,3765,RKB,12971,Lake Antoine,Northern Lake Michigan Management Unit,Lake Antoine,06/22/1981,
-359,3765,YEP,12971,Lake Antoine,Northern Lake Michigan Management Unit,Lake Antoine,06/22/1981,
-359,3766,BLB,12971,Lake Antoine,Northern Lake Michigan Management Unit,Lake Antoine,06/22/1981,
-359,3766,BLG,12971,Lake Antoine,Northern Lake Michigan Management Unit,Lake Antoine,06/22/1981,
-359,3766,BRB,12971,Lake Antoine,Northern Lake Michigan Management Unit,Lake Antoine,06/22/1981,
-359,3766,PSF,12971,Lake Antoine,Northern Lake Michigan Management Unit,Lake Antoine,06/22/1981,
-359,3766,RKB,12971,Lake Antoine,Northern Lake Michigan Management Unit,Lake Antoine,06/22/1981,
-359,3766,YEP,12971,Lake Antoine,Northern Lake Michigan Management Unit,Lake Antoine,06/22/1981,
-359,3767,BLG,12971,Lake Antoine,Northern Lake Michigan Management Unit,Lake Antoine,06/22/1981,
-359,3767,PSF,12971,Lake Antoine,Northern Lake Michigan Management Unit,Lake Antoine,06/22/1981,
-359,3767,RKB,12971,Lake Antoine,Northern Lake Michigan Management Unit,Lake Antoine,06/22/1981,
-359,3767,YEP,12971,Lake Antoine,Northern Lake Michigan Management Unit,Lake Antoine,06/22/1981,
-357,3768,CWS,12969,Chalk Hills Impoundment,Northern Lake Michigan Management Unit,Chalk Hills Impoundment,07/06/1981,
-357,3768,RHS,12969,Chalk Hills Impoundment,Northern Lake Michigan Management Unit,Chalk Hills Impoundment,07/06/1981,
-292,3838,CWS,12906,Beatons Lake,Western Lake Superior Management Unit,Beatons Lake,06/02/1993,
-204,3933,BRB,12818,Sandy Lake,Western Lake Superior Management Unit,Sandy Lake,07/16/1990,
-204,3933,YEP,12818,Sandy Lake,Western Lake Superior Management Unit,Sandy Lake,07/16/1990,
-130,4012,BLG,12744,Cyrus Lake,Western Lake Superior Management Unit,Cyrus Lake,07/10/1987,
-130,4012,YEP,12744,Cyrus Lake,Western Lake Superior Management Unit,Cyrus Lake,07/10/1987,
-91,4052,WAE,12705,Parent Lake,Western Lake Superior Management Unit,Parent Lake,06/20/1985,
-50,4097,BLG,12664,Moosehead Lake,Western Lake Superior Management Unit,Moosehead Lake,08/30/1983,
-50,4097,LMB,12664,Moosehead Lake,Western Lake Superior Management Unit,Moosehead Lake,08/30/1983,
-50,4097,PSF,12664,Moosehead Lake,Western Lake Superior Management Unit,Moosehead Lake,08/30/1983,
-50,4097,YEP,12664,Moosehead Lake,Western Lake Superior Management Unit,Moosehead Lake,08/30/1983,
-12,4144,BCR,12626,Bobcat Lake,Western Lake Superior Management Unit,Bobcat Lake,06/22/1981,
-12,4144,BLG,12626,Bobcat Lake,Western Lake Superior Management Unit,Bobcat Lake,06/22/1981,
-12,4144,CWS,12626,Bobcat Lake,Western Lake Superior Management Unit,Bobcat Lake,06/22/1981,
-12,4144,NOP,12626,Bobcat Lake,Western Lake Superior Management Unit,Bobcat Lake,06/22/1981,
-12,4144,PSF,12626,Bobcat Lake,Western Lake Superior Management Unit,Bobcat Lake,06/22/1981,
-12,4144,YEP,12626,Bobcat Lake,Western Lake Superior Management Unit,Bobcat Lake,06/22/1981,
36,2,RBT,12587,Clear Lake,Southern Lake Michigan Management Unit,Clear Lake,07/01/1996,
49,1,BRB,12578,Tobico Marsh Lake,Southern Lake Huron Management Unit,Tobico Marsh Lake,05/20/1996,
49,1,CAR,12578,Tobico Marsh Lake,Southern Lake Huron Management Unit,Tobico Marsh Lake,05/20/1996,
49,2,CAR,12578,Tobico Marsh Lake,Southern Lake Huron Management Unit,Tobico Marsh Lake,05/20/1996,
57,2,BUL,12574,Four Mile Impoundment,Northern Lake Huron Management Unit,Four Mile Impoundment,04/29/1996,
57,2,CWS,12574,Four Mile Impoundment,Northern Lake Huron Management Unit,Four Mile Impoundment,04/29/1996,
59,1,BCR,12573,Swan Lake,Southern Lake Michigan Management Unit,Swan Lake,06/07/1993,
59,1,BLG,12573,Swan Lake,Southern Lake Michigan Management Unit,Swan Lake,06/07/1993,
59,2,BLG,12573,Swan Lake,Southern Lake Michigan Management Unit,Swan Lake,06/07/1993,
61,3,CAM,12571;15221;15222,Swan Creek,Southern Lake Michigan Management Unit,112th Ave;118th Ave;116th Ave,07/13/1994,
66,2,CRC,12567;15228;15229,Coldwater River,Southern Lake Michigan Management Unit,Broadway Street;Coldwater River County Park;Fighter Road,08/08/1994,
80,1,BCR,12555,North Scott Lake,Southern Lake Michigan Management Unit,North Scott Lake,04/25/1994,
92,1,BLG,12545,Long Lake,Southern Lake Michigan Management Unit,Long Lake,05/01/1995,
92,3,BLG,12545,Long Lake,Southern Lake Michigan Management Unit,Long Lake,05/01/1995,
105,1,YEP,12534,Gull Lake,Southern Lake Michigan Management Unit,Gull Lake,08/30/1995,
109,2,MOS,12530;15241;15242;15243;15244;15245,Pine Creek,Southern Lake Michigan Management Unit,5th Avenue;CR 388 / D Ave.;6th Street;DE Avenue;18th Avenue;2nd Street,07/17/1995,
109,3,CRC,12530;15241;15242;15243;15244;15245,Pine Creek,Southern Lake Michigan Management Unit,5th Avenue;CR 388 / D Ave.;6th Street;DE Avenue;18th Avenue;2nd Street,07/17/1995,
121,4,RKB,12519,Lake Skegemog,Central Lake Michigan Management Unit,Lake Skegemog,05/14/1996,
121,9,RKB,12519,Lake Skegemog,Central Lake Michigan Management Unit,Lake Skegemog,05/14/1996,
122,1,BLG,12518,Prickett Lake,Western Lake Superior Management Unit,Prickett Lake,06/03/1996,
122,1,CWS,12518,Prickett Lake,Western Lake Superior Management Unit,Prickett Lake,06/03/1996,
149,1,BRB,12508,Ess Lake,Northern Lake Huron Management Unit,Ess Lake,05/06/1996,
149,2,BRB,12508,Ess Lake,Northern Lake Huron Management Unit,Ess Lake,05/06/1996,
149,2,CWS,12508,Ess Lake,Northern Lake Huron Management Unit,Ess Lake,05/06/1996,
172,1,CWS,12490,Lake Gratiot,Western Lake Superior Management Unit,Lake Gratiot,06/04/1997,
172,1,RKB,12490,Lake Gratiot,Western Lake Superior Management Unit,Lake Gratiot,06/04/1997,
173,1,RKB,12489,Lac La Belle,Western Lake Superior Management Unit,Lac La Belle,06/02/1997,
176,1,RKB,12487,Beaufort Lake,Northern Lake Michigan Management Unit,Beaufort Lake,06/10/1997,
180,1,BRB,12485,Rice Lake,Western Lake Superior Management Unit,Rice Lake,07/07/1997,
180,1,PSF,12485,Rice Lake,Western Lake Superior Management Unit,Rice Lake,07/07/1997,
183,1,BCR,12483,Dinner Lake,Western Lake Superior Management Unit,Dinner Lake,06/23/1997,
183,1,BLG,12483,Dinner Lake,Western Lake Superior Management Unit,Dinner Lake,06/23/1997,
183,1,PSF,12483,Dinner Lake,Western Lake Superior Management Unit,Dinner Lake,06/23/1997,
190,1,RKB,12479,Lake Gogebic,Western Lake Superior Management Unit,Lake Gogebic,08/18/1997,
190,1,SMB,12479,Lake Gogebic,Western Lake Superior Management Unit,Lake Gogebic,08/18/1997,
190,1,YEP,12479,Lake Gogebic,Western Lake Superior Management Unit,Lake Gogebic,08/18/1997,
193,1,BLG,12477,Pike Lake,Western Lake Superior Management Unit,Pike Lake,05/27/1997,
264,2,CAR,12414,Lake Allegan,Southern Lake Michigan Management Unit,Lake Allegan,06/03/1996,
267,3,BCR,12411,Thornapple Lake,Southern Lake Michigan Management Unit,Thornapple Lake,05/08/1995,
290,1,CRC,12391;15301,Rankin Creek,Southern Lake Michigan Management Unit,Pierce Road;Marsh Road,07/15/1996,
297,2,RKB,12385,Robinson Lake,Central Lake Michigan Management Unit,Robinson Lake,05/02/1996,
301,1,BCR,12381,Mona Lake,Southern Lake Michigan Management Unit,Mona Lake,04/29/1996,
301,1,BLG,12381,Mona Lake,Southern Lake Michigan Management Unit,Mona Lake,04/29/1996,
301,1,CCF,12381,Mona Lake,Southern Lake Michigan Management Unit,Mona Lake,04/29/1996,
301,1,LMB,12381,Mona Lake,Southern Lake Michigan Management Unit,Mona Lake,04/29/1996,
301,1,NOP,12381,Mona Lake,Southern Lake Michigan Management Unit,Mona Lake,04/29/1996,
301,1,PSF,12381,Mona Lake,Southern Lake Michigan Management Unit,Mona Lake,04/29/1996,
301,1,TMU,12381,Mona Lake,Southern Lake Michigan Management Unit,Mona Lake,04/29/1996,
301,1,YEP,12381,Mona Lake,Southern Lake Michigan Management Unit,Mona Lake,04/29/1996,
303,1,BCR,12379,Lake Macatawa,Southern Lake Michigan Management Unit,Lake Macatawa,04/23/1996,
303,1,BLG,12379,Lake Macatawa,Southern Lake Michigan Management Unit,Lake Macatawa,04/23/1996,
303,1,LMB,12379,Lake Macatawa,Southern Lake Michigan Management Unit,Lake Macatawa,04/23/1996,
303,1,NOP,12379,Lake Macatawa,Southern Lake Michigan Management Unit,Lake Macatawa,04/23/1996,
303,1,PSF,12379,Lake Macatawa,Southern Lake Michigan Management Unit,Lake Macatawa,04/23/1996,
303,1,SMB,12379,Lake Macatawa,Southern Lake Michigan Management Unit,Lake Macatawa,04/23/1996,
303,1,WHB,12379,Lake Macatawa,Southern Lake Michigan Management Unit,Lake Macatawa,04/23/1996,
303,1,WHP,12379,Lake Macatawa,Southern Lake Michigan Management Unit,Lake Macatawa,04/23/1996,
303,1,YEP,12379,Lake Macatawa,Southern Lake Michigan Management Unit,Lake Macatawa,04/23/1996,
312,1,WAE,12370,Mullett Lake,Northern Lake Huron Management Unit,Mullett Lake,09/04/1996,
335,3,CWS,12349,Caribou Lake,Northern Lake Huron Management Unit,Caribou Lake,06/13/1995,
379,1,YEP,12308,Bass Lake,Northern Lake Michigan Management Unit,Bass Lake,06/25/1996,
386,3,BLG,12305,Maple Lake,Southern Lake Michigan Management Unit,Maple Lake,09/18/1995,
386,5,BLG,12305,Maple Lake,Southern Lake Michigan Management Unit,Maple Lake,09/18/1995,
418,1,CWS,12276,Forestville Basin,Eastern Lake Superior Management Unit,Forestville Basin,06/03/1996,
418,4,YEP,12276,Forestville Basin,Eastern Lake Superior Management Unit,Forestville Basin,06/03/1996,
433,1,YEP,12266,Clear Lake,Northern Lake Huron Management Unit,Clear Lake,05/13/1996,
434,1,BRB,12265,Mio Dam Pond,Northern Lake Huron Management Unit,Mio Dam Pond,04/29/1996,
434,1,GOS,12265,Mio Dam Pond,Northern Lake Huron Management Unit,Mio Dam Pond,04/29/1996,
435,1,BLG,12264,Smith Lake,Northern Lake Huron Management Unit,Smith Lake,07/16/1996,
435,1,PSF,12264,Smith Lake,Northern Lake Huron Management Unit,Smith Lake,07/16/1996,
435,1,YEP,12264,Smith Lake,Northern Lake Huron Management Unit,Smith Lake,07/16/1996,
438,1,BLG,12261,Foote Dam Pond,Northern Lake Huron Management Unit,Foote Dam Pond,05/28/1996,
438,1,BRB,12261,Foote Dam Pond,Northern Lake Huron Management Unit,Foote Dam Pond,05/28/1996,
438,1,GOS,12261,Foote Dam Pond,Northern Lake Huron Management Unit,Foote Dam Pond,05/28/1996,
439,3,FHM,12260,Hubbard Lake,Northern Lake Huron Management Unit,Hubbard Lake,05/13/1996,
439,3,SCU,12260,Hubbard Lake,Northern Lake Huron Management Unit,Hubbard Lake,05/13/1996,
439,6,CWS,12260,Hubbard Lake,Northern Lake Huron Management Unit,Hubbard Lake,05/13/1996,
439,10,CWS,12260,Hubbard Lake,Northern Lake Huron Management Unit,Hubbard Lake,05/13/1996,
439,12,CWS,12260,Hubbard Lake,Northern Lake Huron Management Unit,Hubbard Lake,05/13/1996,
439,13,CWS,12260,Hubbard Lake,Northern Lake Huron Management Unit,Hubbard Lake,05/13/1996,
439,14,CWS,12260,Hubbard Lake,Northern Lake Huron Management Unit,Hubbard Lake,05/13/1996,
439,22,CWS,12260,Hubbard Lake,Northern Lake Huron Management Unit,Hubbard Lake,05/13/1996,
439,23,CWS,12260,Hubbard Lake,Northern Lake Huron Management Unit,Hubbard Lake,05/13/1996,
439,24,CWS,12260,Hubbard Lake,Northern Lake Huron Management Unit,Hubbard Lake,05/13/1996,
439,31,BRB,12260,Hubbard Lake,Northern Lake Huron Management Unit,Hubbard Lake,05/13/1996,
439,31,NOP,12260,Hubbard Lake,Northern Lake Huron Management Unit,Hubbard Lake,05/13/1996,
439,31,RKB,12260,Hubbard Lake,Northern Lake Huron Management Unit,Hubbard Lake,05/13/1996,
439,31,WAE,12260,Hubbard Lake,Northern Lake Huron Management Unit,Hubbard Lake,05/13/1996,
439,34,CWS,12260,Hubbard Lake,Northern Lake Huron Management Unit,Hubbard Lake,05/13/1996,
439,34,EMS,12260,Hubbard Lake,Northern Lake Huron Management Unit,Hubbard Lake,05/13/1996,
439,34,STS,12260,Hubbard Lake,Northern Lake Huron Management Unit,Hubbard Lake,05/13/1996,
439,35,RKB,12260,Hubbard Lake,Northern Lake Huron Management Unit,Hubbard Lake,05/13/1996,
439,38,RKB,12260,Hubbard Lake,Northern Lake Huron Management Unit,Hubbard Lake,05/13/1996,
439,38,SMB,12260,Hubbard Lake,Northern Lake Huron Management Unit,Hubbard Lake,05/13/1996,
439,39,RKB,12260,Hubbard Lake,Northern Lake Huron Management Unit,Hubbard Lake,05/13/1996,
439,40,CWS,12260,Hubbard Lake,Northern Lake Huron Management Unit,Hubbard Lake,05/13/1996,
439,40,STS,12260,Hubbard Lake,Northern Lake Huron Management Unit,Hubbard Lake,05/13/1996,
439,50,EMS,12260,Hubbard Lake,Northern Lake Huron Management Unit,Hubbard Lake,05/13/1996,
439,54,STS,12260,Hubbard Lake,Northern Lake Huron Management Unit,Hubbard Lake,05/13/1996,
446,1,BRB,12253,Arnold Lake,Southern Lake Huron Management Unit,Arnold Lake,05/05/1997,
499,3,CWS,12210,Lake Esau,Northern Lake Huron Management Unit,Lake Esau,05/20/1997,
500,1,RKB,12209,Big Bear Lake,Northern Lake Huron Management Unit,Big Bear Lake,05/27/1997,
500,1,TMU,12209,Big Bear Lake,Northern Lake Huron Management Unit,Big Bear Lake,05/27/1997,
521,1,CWS,12191,Fence Lake,Northern Lake Michigan Management Unit,Fence Lake,05/20/1997,
521,1,YEP,12191,Fence Lake,Northern Lake Michigan Management Unit,Fence Lake,05/20/1997,
530,1,GOS,12182,Bob Lake,Western Lake Superior Management Unit,Bob Lake,06/01/1984,
530,1,YEP,12182,Bob Lake,Western Lake Superior Management Unit,Bob Lake,06/01/1984,
533,1,MOS,12179,NA,Southern Lake Michigan Management Unit,D Avenue,07/22/1996,
533,1,MUD,12179,NA,Southern Lake Michigan Management Unit,D Avenue,07/22/1996,
534,1,BND,12178,NA,Southern Lake Michigan Management Unit,Whitetail Lane,04/24/1996,
534,1,CRC,12178,NA,Southern Lake Michigan Management Unit,Whitetail Lane,04/24/1996,
544,1,RKB,12168,George Lake,Northern Lake Michigan Management Unit,George Lake,06/18/1997,
556,1,SMB,12156,Lake Gogebic,Western Lake Superior Management Unit,Lake Gogebic,07/21/1997,
556,1,WAE,12156,Lake Gogebic,Western Lake Superior Management Unit,Lake Gogebic,07/21/1997,
556,1,YEP,12156,Lake Gogebic,Western Lake Superior Management Unit,Lake Gogebic,07/21/1997,
561,1,BCR,12151,Thousand Island Lake,Western Lake Superior Management Unit,Thousand Island Lake,07/15/1997,
561,1,BLG,12151,Thousand Island Lake,Western Lake Superior Management Unit,Thousand Island Lake,07/15/1997,
561,1,RKB,12151,Thousand Island Lake,Western Lake Superior Management Unit,Thousand Island Lake,07/15/1997,
561,1,SMB,12151,Thousand Island Lake,Western Lake Superior Management Unit,Thousand Island Lake,07/15/1997,
635,2,SMB,12088,Fire Lake,Northern Lake Michigan Management Unit,Fire Lake,06/22/1993,
640,28,CWS,12084,Higgins Lake,Central Lake Michigan Management Unit,Higgins Lake,10/21/1997 8:00,
647,1,BLG,12078,Brownwood Lake,Southern Lake Michigan Management Unit,Brownwood Lake,05/19/1998,
662,1,BLB,12066,Chippewa Lake,Southern Lake Huron Management Unit,Chippewa Lake,04/28/1997,
662,1,BOW,12066,Chippewa Lake,Southern Lake Huron Management Unit,Chippewa Lake,04/28/1997,
662,1,BRB,12066,Chippewa Lake,Southern Lake Huron Management Unit,Chippewa Lake,04/28/1997,
662,1,CWS,12066,Chippewa Lake,Southern Lake Huron Management Unit,Chippewa Lake,04/28/1997,
662,1,RKB,12066,Chippewa Lake,Southern Lake Huron Management Unit,Chippewa Lake,04/28/1997,
662,1,YLB,12066,Chippewa Lake,Southern Lake Huron Management Unit,Chippewa Lake,04/28/1997,
675,1,CRC,12053,NA,Southern Lake Michigan Management Unit,Red Bud Trail,08/21/1997,
700,1,BNT,12028;15372;15373,Au Sable River,Northern Lake Huron Management Unit,McKinley Bridge (Evans Rd);Meadow Springs;Comins PAS,05/18/1998,
700,1,RBT,12028;15372;15373,Au Sable River,Northern Lake Huron Management Unit,McKinley Bridge (Evans Rd);Meadow Springs;Comins PAS,05/18/1998,
700,1,WAE,12028;15372;15373,Au Sable River,Northern Lake Huron Management Unit,McKinley Bridge (Evans Rd);Meadow Springs;Comins PAS,05/18/1998,
711,1,YEP,12017,Big Lake,Western Lake Superior Management Unit,Big Lake,09/26/1997,
757,1,YEP,11976,Smith Lake,Northern Lake Huron Management Unit,Smith Lake,06/13/1995,
759,2,GOS,11974,Secord Lake,Southern Lake Huron Management Unit,Secord Lake,05/11/1998,
797,1,BOW,11939,Lake Mecosta,Central Lake Michigan Management Unit,Lake Mecosta,05/13/1997,
833,1,NOP,11912,Shingle Lake,Central Lake Michigan Management Unit,Shingle Lake,05/24/1993,
834,1,BKT,11911,Lake Margrethe,Central Lake Michigan Management Unit,Lake Margrethe,04/13/1993,
834,1,CWS,11911,Lake Margrethe,Central Lake Michigan Management Unit,Lake Margrethe,04/13/1993,
834,1,NOP,11911,Lake Margrethe,Central Lake Michigan Management Unit,Lake Margrethe,04/13/1993,
834,1,SMB,11911,Lake Margrethe,Central Lake Michigan Management Unit,Lake Margrethe,04/13/1993,
836,1,BUL,11909,Long Lake,Southern Lake Huron Management Unit,Long Lake,05/10/1993,
839,1,BLG,11906,Hoister Lake,Southern Lake Huron Management Unit,Hoister Lake,05/03/1993,
839,1,GSF,11906,Hoister Lake,Southern Lake Huron Management Unit,Hoister Lake,05/03/1993,
840,1,BRB,11905,Lake Lancer,Southern Lake Huron Management Unit,Lake Lancer,05/10/1993,
843,1,BUL,11902,Lake Saint Helen,Northern Lake Huron Management Unit,Lake Saint Helen,05/17/1993,
964,1,BRB,11803,Vaughn Lake,Northern Lake Huron Management Unit,Vaughn Lake,06/02/1997,
964,1,LMB,11803,Vaughn Lake,Northern Lake Huron Management Unit,Vaughn Lake,06/02/1997,
964,1,RKB,11803,Vaughn Lake,Northern Lake Huron Management Unit,Vaughn Lake,06/02/1997,
1010,1,BUL,11763,George Lake,Southern Lake Huron Management Unit,George Lake,04/09/1991,
1011,1,BRB,11762,Peach Lake,Southern Lake Huron Management Unit,Peach Lake,04/27/1992,
1011,1,YLB,11762,Peach Lake,Southern Lake Huron Management Unit,Peach Lake,04/27/1992,
1012,1,RKB,11761,Secord Lake,Southern Lake Huron Management Unit,Secord Lake,05/04/1992,
1013,1,BLG,11760,Tea Lake,Northern Lake Huron Management Unit,Tea Lake,05/18/1992,
1013,1,LMB,11760,Tea Lake,Northern Lake Huron Management Unit,Tea Lake,05/18/1992,
1013,1,RKB,11760,Tea Lake,Northern Lake Huron Management Unit,Tea Lake,05/18/1992,
1024,7,BOW,11751,Mullett Lake,Northern Lake Huron Management Unit,Mullett Lake,04/20/1998,
1024,7,BRB,11751,Mullett Lake,Northern Lake Huron Management Unit,Mullett Lake,04/20/1998,
1024,7,CWS,11751,Mullett Lake,Northern Lake Huron Management Unit,Mullett Lake,04/20/1998,
1024,7,NOP,11751,Mullett Lake,Northern Lake Huron Management Unit,Mullett Lake,04/20/1998,
1024,7,RHS,11751,Mullett Lake,Northern Lake Huron Management Unit,Mullett Lake,04/20/1998,
1024,7,RKB,11751,Mullett Lake,Northern Lake Huron Management Unit,Mullett Lake,04/20/1998,
1024,7,SMB,11751,Mullett Lake,Northern Lake Huron Management Unit,Mullett Lake,04/20/1998,
1048,1,BUL,11734,Hubbard Lake,Northern Lake Huron Management Unit,Hubbard Lake,05/12/1986,
1053,1,BLB,11730,Holly Lake,Western Lake Superior Management Unit,Holly Lake,05/16/1997,
1053,1,BLG,11730,Holly Lake,Western Lake Superior Management Unit,Holly Lake,05/16/1997,
1053,1,CWS,11730,Holly Lake,Western Lake Superior Management Unit,Holly Lake,05/16/1997,
1053,1,GOS,11730,Holly Lake,Western Lake Superior Management Unit,Holly Lake,05/16/1997,
1053,1,NOP,11730,Holly Lake,Western Lake Superior Management Unit,Holly Lake,05/16/1997,
1053,1,PSF,11730,Holly Lake,Western Lake Superior Management Unit,Holly Lake,05/16/1997,
1053,1,RKB,11730,Holly Lake,Western Lake Superior Management Unit,Holly Lake,05/16/1997,
1053,1,YEP,11730,Holly Lake,Western Lake Superior Management Unit,Holly Lake,05/16/1997,
1054,1,BLG,11729,Oxbow Lake,Western Lake Superior Management Unit,Oxbow Lake,05/11/1997,
1054,1,NOP,11729,Oxbow Lake,Western Lake Superior Management Unit,Oxbow Lake,05/11/1997,
1054,1,WAE,11729,Oxbow Lake,Western Lake Superior Management Unit,Oxbow Lake,05/11/1997,
1054,1,YEP,11729,Oxbow Lake,Western Lake Superior Management Unit,Oxbow Lake,05/11/1997,
1055,1,BLB,11728,Honeysuckle Lake,Western Lake Superior Management Unit,Honeysuckle Lake,05/27/1997,
1055,1,GOS,11728,Honeysuckle Lake,Western Lake Superior Management Unit,Honeysuckle Lake,05/27/1997,
1055,1,PSF,11728,Honeysuckle Lake,Western Lake Superior Management Unit,Honeysuckle Lake,05/27/1997,
1055,1,YEP,11728,Honeysuckle Lake,Western Lake Superior Management Unit,Honeysuckle Lake,05/27/1997,
1056,1,BCR,11727,Moosehead Lake,Western Lake Superior Management Unit,Moosehead Lake,06/13/1997,
1056,1,BLG,11727,Moosehead Lake,Western Lake Superior Management Unit,Moosehead Lake,06/13/1997,
1056,1,NOP,11727,Moosehead Lake,Western Lake Superior Management Unit,Moosehead Lake,06/13/1997,
1056,1,PSF,11727,Moosehead Lake,Western Lake Superior Management Unit,Moosehead Lake,06/13/1997,
1056,1,YEP,11727,Moosehead Lake,Western Lake Superior Management Unit,Moosehead Lake,06/13/1997,
1057,1,BLB,11726,Range Lake,Western Lake Superior Management Unit,Range Lake,06/09/1997,
1057,1,BLG,11726,Range Lake,Western Lake Superior Management Unit,Range Lake,06/09/1997,
1057,1,CWS,11726,Range Lake,Western Lake Superior Management Unit,Range Lake,06/09/1997,
1057,1,PSF,11726,Range Lake,Western Lake Superior Management Unit,Range Lake,06/09/1997,
1057,1,YEP,11726,Range Lake,Western Lake Superior Management Unit,Range Lake,06/09/1997,
1084,1,CWS,11706,Muskallonge Lake,Eastern Lake Superior Management Unit,Muskallonge Lake,05/11/1998,
1084,1,RKB,11706,Muskallonge Lake,Eastern Lake Superior Management Unit,Muskallonge Lake,05/11/1998,
1084,4,BRB,11706,Muskallonge Lake,Eastern Lake Superior Management Unit,Muskallonge Lake,05/11/1998,
1084,4,CWS,11706,Muskallonge Lake,Eastern Lake Superior Management Unit,Muskallonge Lake,05/11/1998,
1084,4,RKB,11706,Muskallonge Lake,Eastern Lake Superior Management Unit,Muskallonge Lake,05/11/1998,
1194,1,WAE GO,11632,Lake Gogebic,Western Lake Superior Management Unit,Lake Gogebic,04/13/1998,
1203,1,YLB,11623,Crooked Lake,Southern Lake Huron Management Unit,Crooked Lake,05/18/1998,
1203,2,YLB,11623,Crooked Lake,Southern Lake Huron Management Unit,Crooked Lake,05/18/1998,
1203,3,YLB,11623,Crooked Lake,Southern Lake Huron Management Unit,Crooked Lake,05/18/1998,
1276,1,CRC,11561,Roland Lake,Western Lake Superior Management Unit,Roland Lake,11/03/1998,
1277,1,BLG,11560,Clear Lake,Western Lake Superior Management Unit,Clear Lake,11/03/1998,
1278,1,YEP,11559,Courtney Lake,Western Lake Superior Management Unit,Courtney Lake,10/26/1998,
1279,1,COS MI,11558,Huron River,Western Lake Superior Management Unit,Mouth of the River,10/23/1998,
1279,1,RBT,11558,Huron River,Western Lake Superior Management Unit,Mouth of the River,10/23/1998,
1280,1,CRC,11557,Lake Manganese,Western Lake Superior Management Unit,Lake Manganese,10/19/1998,
1280,1,CWS,11557,Lake Manganese,Western Lake Superior Management Unit,Lake Manganese,10/19/1998,
1280,1,YEP,11557,Lake Manganese,Western Lake Superior Management Unit,Lake Manganese,10/19/1998,
1281,1,YEP,11556,Lake Fanny Hooe,Western Lake Superior Management Unit,Lake Fanny Hooe,04/20/1998,
1285,1,FSD,11553,Salmon Trout River,Western Lake Superior Management Unit,Salmon Trout Watershed,08/25/1998,
1289,1,CWS,11549,Ned Lake,Northern Lake Michigan Management Unit,Ned Lake,05/19/1998,
1289,1,GOS,11549,Ned Lake,Northern Lake Michigan Management Unit,Ned Lake,05/19/1998,
1289,1,PSF,11549,Ned Lake,Northern Lake Michigan Management Unit,Ned Lake,05/19/1998,
1289,1,YEP,11549,Ned Lake,Northern Lake Michigan Management Unit,Ned Lake,05/19/1998,
1290,1,CWS,11548,Crooked Lake,Northern Lake Michigan Management Unit,Crooked Lake,05/11/1998,
1290,1,GOS,11548,Crooked Lake,Northern Lake Michigan Management Unit,Crooked Lake,05/11/1998,
1290,1,YEP,11548,Crooked Lake,Northern Lake Michigan Management Unit,Crooked Lake,05/11/1998,
1302,1,BLG,11539,Coon Lake,Northern Lake Michigan Management Unit,Coon Lake,05/27/1998,
1302,1,PSF,11539,Coon Lake,Northern Lake Michigan Management Unit,Coon Lake,05/27/1998,
1303,1,BLB,11538,Bob Lake,Western Lake Superior Management Unit,Bob Lake,06/09/1998,
1303,1,GOS,11538,Bob Lake,Western Lake Superior Management Unit,Bob Lake,06/09/1998,
1303,1,PSF,11538,Bob Lake,Western Lake Superior Management Unit,Bob Lake,06/09/1998,
1303,1,YEP,11538,Bob Lake,Western Lake Superior Management Unit,Bob Lake,06/09/1998,
1304,1,BLG,11537,Bass Lake,Western Lake Superior Management Unit,Bass Lake,06/09/1998,
1304,1,PSF,11537,Bass Lake,Western Lake Superior Management Unit,Bass Lake,06/09/1998,
1310,1,BLG,11531,Lake Gogebic,Western Lake Superior Management Unit,Lake Gogebic,08/24/1998,
1310,1,CWS,11531,Lake Gogebic,Western Lake Superior Management Unit,Lake Gogebic,08/24/1998,
1310,1,RKB,11531,Lake Gogebic,Western Lake Superior Management Unit,Lake Gogebic,08/24/1998,
1310,1,SMB,11531,Lake Gogebic,Western Lake Superior Management Unit,Lake Gogebic,08/24/1998,
1310,1,YEP,11531,Lake Gogebic,Western Lake Superior Management Unit,Lake Gogebic,08/24/1998,
1313,1,BRB,11528,Lake Winyah,Northern Lake Huron Management Unit,Lake Winyah,05/11/1998,
1313,1,PSF,11528,Lake Winyah,Northern Lake Huron Management Unit,Lake Winyah,05/11/1998,
1327,1,RKB,11515,Lac Vieux Desert,Northern Lake Michigan Management Unit,Lac Vieux Desert,05/26/1998,
1327,1,YEP,11515,Lac Vieux Desert,Northern Lake Michigan Management Unit,Lac Vieux Desert,05/26/1998,
1334,1,GOS,11511,Redboat Lake,Western Lake Superior Management Unit,Redboat Lake,07/06/1998,
1334,1,PSF,11511,Redboat Lake,Western Lake Superior Management Unit,Redboat Lake,07/06/1998,
1334,1,YEP,11511,Redboat Lake,Western Lake Superior Management Unit,Redboat Lake,07/06/1998,
1348,2,YEP,11500,Ocqueoc Lake,Northern Lake Huron Management Unit,Ocqueoc Lake,05/19/1998,
1378,6,BRB,11472,Lake Saint Helen,Northern Lake Huron Management Unit,Lake Saint Helen,05/17/1999,
1378,7,BRB,11472,Lake Saint Helen,Northern Lake Huron Management Unit,Lake Saint Helen,05/17/1999,
1378,11,BRB,11472,Lake Saint Helen,Northern Lake Huron Management Unit,Lake Saint Helen,05/17/1999,
1429,1,BLG,11444,Ormes Lake,Western Lake Superior Management Unit,Ormes Lake,05/05/1997,
1429,1,CSH,11444,Ormes Lake,Western Lake Superior Management Unit,Ormes Lake,05/05/1997,
1429,1,YEP,11444,Ormes Lake,Western Lake Superior Management Unit,Ormes Lake,05/05/1997,
1476,3,BLG,11407,Baptist Lake,Central Lake Michigan Management Unit,Baptist Lake,05/19/1999,
1476,4,BLG,11407,Baptist Lake,Central Lake Michigan Management Unit,Baptist Lake,05/19/1999,
1519,1,BLG,11396,Corey Lake,Southern Lake Michigan Management Unit,Corey Lake,05/10/1999 8:32,
1519,3,BLG,11396,Corey Lake,Southern Lake Michigan Management Unit,Corey Lake,05/10/1999 8:32,
1550,1,BCR,11377,Norvell Lake,Lake Erie Management Unit,Norvell Lake,04/26/1999 9:00,
1550,1,BLG,11377,Norvell Lake,Lake Erie Management Unit,Norvell Lake,04/26/1999 9:00,
1550,1,GOS,11377,Norvell Lake,Lake Erie Management Unit,Norvell Lake,04/26/1999 9:00,
1550,1,LMB,11377,Norvell Lake,Lake Erie Management Unit,Norvell Lake,04/26/1999 9:00,
1550,1,NOP,11377,Norvell Lake,Lake Erie Management Unit,Norvell Lake,04/26/1999 9:00,
1550,1,PSF,11377,Norvell Lake,Lake Erie Management Unit,Norvell Lake,04/26/1999 9:00,
1550,1,WAR,11377,Norvell Lake,Lake Erie Management Unit,Norvell Lake,04/26/1999 9:00,
1550,1,YLB,11377,Norvell Lake,Lake Erie Management Unit,Norvell Lake,04/26/1999 9:00,
1666,1,BLG,11304,Saddle Lake,Southern Lake Michigan Management Unit,Saddle Lake,06/01/1999 11:31,
1666,2,BLG,11304,Saddle Lake,Southern Lake Michigan Management Unit,Saddle Lake,06/01/1999 11:31,
1666,3,BLG,11304,Saddle Lake,Southern Lake Michigan Management Unit,Saddle Lake,06/01/1999 11:31,
1667,1,BLG,11303,County Line Lake,Western Lake Superior Management Unit,County Line Lake,05/13/1999,
1698,1,CWS,11286,Loon Lake,Northern Lake Michigan Management Unit,Loon Lake,06/07/1999,
1698,1,RKB,11286,Loon Lake,Northern Lake Michigan Management Unit,Loon Lake,06/07/1999,
1705,3,BLG,11279,Deadmans Lake,Eastern Lake Superior Management Unit,Deadmans Lake,06/03/1986,
1705,4,BLG,11279,Deadmans Lake,Eastern Lake Superior Management Unit,Deadmans Lake,06/03/1986,
1705,4,LMB,11279,Deadmans Lake,Eastern Lake Superior Management Unit,Deadmans Lake,06/03/1986,
1705,4,PSF,11279,Deadmans Lake,Eastern Lake Superior Management Unit,Deadmans Lake,06/03/1986,
1705,4,YEP,11279,Deadmans Lake,Eastern Lake Superior Management Unit,Deadmans Lake,06/03/1986,
2088,1,WAE GO,10906,Lake Gogebic,Western Lake Superior Management Unit,Lake Gogebic,04/21/1999,
2116,1,BCR,10882,King Lake,Western Lake Superior Management Unit,King Lake,04/28/1999,
2116,1,CWS,10882,King Lake,Western Lake Superior Management Unit,King Lake,04/28/1999,
2116,1,YEP,10882,King Lake,Western Lake Superior Management Unit,King Lake,04/28/1999,
2120,1,YEP,10879,Lake Medora,Western Lake Superior Management Unit,Lake Medora,06/01/1999,
2200,1,BLG,10811,Lake Gogebic,Western Lake Superior Management Unit,Lake Gogebic,08/23/1999 7:59,
2200,1,PSF,10811,Lake Gogebic,Western Lake Superior Management Unit,Lake Gogebic,08/23/1999 7:59,
2200,1,SMB,10811,Lake Gogebic,Western Lake Superior Management Unit,Lake Gogebic,08/23/1999 7:59,
2200,1,YEP,10811,Lake Gogebic,Western Lake Superior Management Unit,Lake Gogebic,08/23/1999 7:59,
2220,1,YEP,10797,Pike Lake,Western Lake Superior Management Unit,Pike Lake,05/05/1999,
2282,1,CWS,10744,Sandy Lake,Western Lake Superior Management Unit,Sandy Lake,05/05/1999,
2282,1,GOS,10744,Sandy Lake,Western Lake Superior Management Unit,Sandy Lake,05/05/1999,
2282,1,YEP,10744,Sandy Lake,Western Lake Superior Management Unit,Sandy Lake,05/05/1999,
2293,1,YEP,10735,Allen Lake,Western Lake Superior Management Unit,Allen Lake,05/11/1998,
2306,1,CWS,10722,Ormes Lake,Western Lake Superior Management Unit,Ormes Lake,05/27/1998,
2306,1,PSF,10722,Ormes Lake,Western Lake Superior Management Unit,Ormes Lake,05/27/1998,
2306,1,YEP,10722,Ormes Lake,Western Lake Superior Management Unit,Ormes Lake,05/27/1998,
2321,1,BRB,10717,Beaver Lake,Northern Lake Huron Management Unit,Beaver Lake,05/10/1999,
2321,1,RKB,10717,Beaver Lake,Northern Lake Huron Management Unit,Beaver Lake,05/10/1999,
2324,1,CWS,10714,Walloon Lake,Central Lake Michigan Management Unit,Walloon Lake,05/24/1999,
2324,2,CWS,10714,Walloon Lake,Central Lake Michigan Management Unit,Walloon Lake,05/24/1999,
2324,3,CWS,10714,Walloon Lake,Central Lake Michigan Management Unit,Walloon Lake,05/24/1999,
2352,1,YEP,10701,James Lake,Northern Lake Michigan Management Unit,James Lake,04/20/1998,
2360,1,BKT,10693,Manistee River,Central Lake Michigan Management Unit,Cameron Bridge,08/25/1997,
2360,1,BNT,10693,Manistee River,Central Lake Michigan Management Unit,Cameron Bridge,08/25/1997,
2399,3,BNT,10664,Manistee River,Central Lake Michigan Management Unit,Hodenpyle Dam,06/12/2000,
2399,4,BNT,10664,Manistee River,Central Lake Michigan Management Unit,Hodenpyle Dam,06/12/2000,
2399,4,RBT,10664,Manistee River,Central Lake Michigan Management Unit,Hodenpyle Dam,06/12/2000,
2399,6,BNT,10664,Manistee River,Central Lake Michigan Management Unit,Hodenpyle Dam,06/12/2000,
2399,6,RBT,10664,Manistee River,Central Lake Michigan Management Unit,Hodenpyle Dam,06/12/2000,
2399,7,BNT,10664,Manistee River,Central Lake Michigan Management Unit,Hodenpyle Dam,06/12/2000,
2399,7,RBT,10664,Manistee River,Central Lake Michigan Management Unit,Hodenpyle Dam,06/12/2000,
2416,1,BNT GC,10655;15569;15570,Paint Creek,Lake Erie Management Unit,Silverbell Rd;Tienken Rd;Kern Rd,08/14/2000,
2416,1,BNT WR,10655;15569;15570,Paint Creek,Lake Erie Management Unit,Silverbell Rd;Tienken Rd;Kern Rd,08/14/2000,
2416,2,BNT,10655;15569;15570,Paint Creek,Lake Erie Management Unit,Silverbell Rd;Tienken Rd;Kern Rd,08/14/2000,
2420,1,BLG,10651,Lake Ottawa,Northern Lake Michigan Management Unit,Lake Ottawa,04/26/1995,
2420,1,CSH,10651,Lake Ottawa,Northern Lake Michigan Management Unit,Lake Ottawa,04/26/1995,
2420,1,CWS,10651,Lake Ottawa,Northern Lake Michigan Management Unit,Lake Ottawa,04/26/1995,
2420,1,RKB,10651,Lake Ottawa,Northern Lake Michigan Management Unit,Lake Ottawa,04/26/1995,
2420,1,YEP,10651,Lake Ottawa,Northern Lake Michigan Management Unit,Lake Ottawa,04/26/1995,
2420,2,YEP,10651,Lake Ottawa,Northern Lake Michigan Management Unit,Lake Ottawa,04/26/1995,
2438,1,BCR,10641,Sawyer Lake,Northern Lake Michigan Management Unit,Sawyer Lake,04/30/1997,
2438,2,YEP,10641,Sawyer Lake,Northern Lake Michigan Management Unit,Sawyer Lake,04/30/1997,
2446,66,SMB,10634,Hubbard Lake,Northern Lake Huron Management Unit,Hubbard Lake,05/08/2006,
2446,82,NOP,10634,Hubbard Lake,Northern Lake Huron Management Unit,Hubbard Lake,05/08/2006,
2534,1,CWS,10568,Mirror Lake,Northern Lake Michigan Management Unit,Mirror Lake,04/25/2000,
2534,1,YEP,10568,Mirror Lake,Northern Lake Michigan Management Unit,Mirror Lake,04/25/2000,
2565,1,BRB,10545,Long Lake,Southern Lake Michigan Management Unit,Long Lake,05/17/2000 9:00,
2565,1,YLB,10545,Long Lake,Southern Lake Michigan Management Unit,Long Lake,05/17/2000 9:00,
2573,1,CWS,10538;15588;15589;15590,Gun River,Southern Lake Michigan Management Unit,Trib B confluence;7th Street;110th Avenue;107th Avenue,09/13/2000 10:48,
2585,1,BNT,10527;15597;15598;15599,South Branch Pentwater River,Central Lake Michigan Management Unit,144th Ave.;Lever Rd.;136th Ave.;96th Ave.,08/08/1997,
2585,2,BNT,10527;15597;15598;15599,South Branch Pentwater River,Central Lake Michigan Management Unit,144th Ave.;Lever Rd.;136th Ave.;96th Ave.,08/08/1997,
2623,1,YLB,10497,Crystal Lake,Central Lake Michigan Management Unit,Crystal Lake,07/01/1997,
2687,1,BLB,10444,Hermansville Lake,Northern Lake Michigan Management Unit,Hermansville Lake,06/12/2001,
2765,1,BLG,10377,Spring Lake,Southern Lake Michigan Management Unit,Spring Lake,09/18/2000,
2765,2,BLG,10377,Spring Lake,Southern Lake Michigan Management Unit,Spring Lake,09/18/2000,
2774,1,BLG,10368,Narrow Lake,Southern Lake Michigan Management Unit,Narrow Lake,05/12/1994,
2815,1,WAE TI,10333,Van Etten Lake,Northern Lake Huron Management Unit,Van Etten Lake,09/18/2000,
2825,1,BLG,10324,Irwin Lake,Northern Lake Michigan Management Unit,Irwin Lake,06/01/1999,
2882,1,BRB,10273,Cleveland Cliffs Basin,Eastern Lake Superior Management Unit,Cleveland Cliffs Basin,09/25/2000,
3010,1,YEP,10177,Chicago Lake,Northern Lake Michigan Management Unit,Chicago Lake,07/17/2000,
3019,1,NOP,10170,Saubee Lake,Southern Lake Michigan Management Unit,Saubee Lake,05/28/1993,
3251,1,BLG,9961,Park Lake,Southern Lake Michigan Management Unit,Park Lake,06/10/1993,
3303,1,CIS,9914,Smoky Lake,Northern Lake Michigan Management Unit,Smoky Lake,12/05/2001,
3320,2,BNT,9901,Paint Creek,Lake Erie Management Unit,Tienken Rd,08/06/2002,
3320,2,RBT,9901,Paint Creek,Lake Erie Management Unit,Tienken Rd,08/06/2002,
3350,1,BCR,9881,Silver Lake,Central Lake Michigan Management Unit,Silver Lake,04/16/1997,
3350,1,BOW,9881,Silver Lake,Central Lake Michigan Management Unit,Silver Lake,04/16/1997,
3350,1,BRB,9881,Silver Lake,Central Lake Michigan Management Unit,Silver Lake,04/16/1997,
3350,1,CWS,9881,Silver Lake,Central Lake Michigan Management Unit,Silver Lake,04/16/1997,
3350,1,LMB,9881,Silver Lake,Central Lake Michigan Management Unit,Silver Lake,04/16/1997,
3350,1,NOP,9881,Silver Lake,Central Lake Michigan Management Unit,Silver Lake,04/16/1997,
3350,1,PSF,9881,Silver Lake,Central Lake Michigan Management Unit,Silver Lake,04/16/1997,
3350,1,RKB,9881,Silver Lake,Central Lake Michigan Management Unit,Silver Lake,04/16/1997,
3350,1,SMB,9881,Silver Lake,Central Lake Michigan Management Unit,Silver Lake,04/16/1997,
3350,1,YLB,9881,Silver Lake,Central Lake Michigan Management Unit,Silver Lake,04/16/1997,
3407,10,LCS,9833,Finch Lake,Southern Lake Michigan Management Unit,Finch Lake,05/15/2002 10:00,
3409,1,BCR,9831,Round Lake,Southern Lake Michigan Management Unit,Round Lake,06/17/2002 12:00,
3409,1,BLG,9831,Round Lake,Southern Lake Michigan Management Unit,Round Lake,06/17/2002 12:00,
3409,1,LMB,9831,Round Lake,Southern Lake Michigan Management Unit,Round Lake,06/17/2002 12:00,
3409,1,WAR,9831,Round Lake,Southern Lake Michigan Management Unit,Round Lake,06/17/2002 12:00,
3409,1,YEP,9831,Round Lake,Southern Lake Michigan Management Unit,Round Lake,06/17/2002 12:00,
3409,1,YLB,9831,Round Lake,Southern Lake Michigan Management Unit,Round Lake,06/17/2002 12:00,
3409,2,BRB,9831,Round Lake,Southern Lake Michigan Management Unit,Round Lake,06/17/2002 12:00,
3409,2,CWS,9831,Round Lake,Southern Lake Michigan Management Unit,Round Lake,06/17/2002 12:00,
3409,2,WAR,9831,Round Lake,Southern Lake Michigan Management Unit,Round Lake,06/17/2002 12:00,
3409,2,YLB,9831,Round Lake,Southern Lake Michigan Management Unit,Round Lake,06/17/2002 12:00,
3409,7,BLG,9831,Round Lake,Southern Lake Michigan Management Unit,Round Lake,06/17/2002 12:00,
3409,9,BLG,9831,Round Lake,Southern Lake Michigan Management Unit,Round Lake,06/17/2002 12:00,
3412,2,CCS,9828,Pokagon Creek,Southern Lake Michigan Management Unit,Wood Road ,08/08/2002,
3423,1,RKB,9819,Perch Lake,Northern Lake Michigan Management Unit,Perch Lake,05/03/1999,
3489,2,YLB,9778,Crockery Lake,Southern Lake Michigan Management Unit,Crockery Lake,04/11/2001,
3498,10,IOD,9771,Manistee Lake,Central Lake Michigan Management Unit,Manistee Lake,05/17/2004,
3517,4,BRB,9753,Kelly Lake,Lake Erie Management Unit,Kelly Lake,05/07/2002,
3525,10,CWS,9745,Big Bear Lake,Northern Lake Huron Management Unit,Big Bear Lake,05/07/2002,
3530,1,BLG,9740,Hall Lake,Southern Lake Michigan Management Unit,Hall Lake,01/01/2002,
3530,1,LMB,9740,Hall Lake,Southern Lake Michigan Management Unit,Hall Lake,01/01/2002,
3530,1,PSF,9740,Hall Lake,Southern Lake Michigan Management Unit,Hall Lake,01/01/2002,
3533,1,BLG,9737,Middle Lake,Southern Lake Michigan Management Unit,Middle Lake,01/01/2002 9:43,
3533,2,BLG,9737,Middle Lake,Southern Lake Michigan Management Unit,Middle Lake,01/01/2002 9:43,
3533,3,BLG,9737,Middle Lake,Southern Lake Michigan Management Unit,Middle Lake,01/01/2002 9:43,
3610,25,BNM,9699,Heart Lake,Northern Lake Huron Management Unit,Heart Lake,05/21/2002,
3610,25,SAS,9699,Heart Lake,Northern Lake Huron Management Unit,Heart Lake,05/21/2002,
3689,21,BNM,9686,Bass Lake,Northern Lake Huron Management Unit,Bass Lake,06/03/2002,
3689,21,SAS,9686,Bass Lake,Northern Lake Huron Management Unit,Bass Lake,06/03/2002,
3719,1,BCR,9673,Winfield Lake,Central Lake Michigan Management Unit,Winfield Lake,07/01/2002,
3719,1,BLG,9673,Winfield Lake,Central Lake Michigan Management Unit,Winfield Lake,07/01/2002,
3719,2,BLG,9673,Winfield Lake,Central Lake Michigan Management Unit,Winfield Lake,07/01/2002,
3719,2,BRB,9673,Winfield Lake,Central Lake Michigan Management Unit,Winfield Lake,07/01/2002,
3719,3,BLG,9673,Winfield Lake,Central Lake Michigan Management Unit,Winfield Lake,07/01/2002,
3719,3,LMB,9673,Winfield Lake,Central Lake Michigan Management Unit,Winfield Lake,07/01/2002,
3734,5,BLG,9658,Lost Lake,Central Lake Michigan Management Unit,Lost Lake,06/17/2002,
3734,5,PSF,9658,Lost Lake,Central Lake Michigan Management Unit,Lost Lake,06/17/2002,
3734,5,RKB,9658,Lost Lake,Central Lake Michigan Management Unit,Lost Lake,06/17/2002,
3746,1,CRC,9647,East Branch Maple River,Northern Lake Huron Management Unit,Robinson Road -CO 64,07/31/2002,
3746,1,MUD,9647,East Branch Maple River,Northern Lake Huron Management Unit,Robinson Road -CO 64,07/31/2002,
3762,1,BNM,9637,Looking Glass River,Southern Lake Michigan Management Unit,Monroe Road ,08/12/2002,
3762,1,CSH,9637,Looking Glass River,Southern Lake Michigan Management Unit,Monroe Road ,08/12/2002,
3762,1,HHC,9637,Looking Glass River,Southern Lake Michigan Management Unit,Monroe Road ,08/12/2002,
3816,2,MOS,9587,Au Sable River,Northern Lake Huron Management Unit,Stephan Bridge,09/03/2002,
3816,2,SLS,9587,Au Sable River,Northern Lake Huron Management Unit,Stephan Bridge,09/03/2002,
3822,2,BND,9581,South Branch Au Sable River,Northern Lake Huron Management Unit,Smith Bridge M 72,09/05/2002,
3822,2,GSF,9581,South Branch Au Sable River,Northern Lake Huron Management Unit,Smith Bridge M 72,09/05/2002,
3917,1,WAE GO,9498,Lake Gogebic,Western Lake Superior Management Unit,Lake Gogebic,04/30/2002,
3928,1,CRC,9489,French Annie Creek,Western Lake Superior Management Unit,Burma Rd.,10/01/2002,
3928,1,CWS,9489,French Annie Creek,Western Lake Superior Management Unit,Burma Rd.,10/01/2002,
3928,1,YEP,9489,French Annie Creek,Western Lake Superior Management Unit,Burma Rd.,10/01/2002,
3942,2,YEP,9477,Kelly Lake,Western Lake Superior Management Unit,Kelly Lake,09/16/2002,
3974,1,MOS,9447,Spring Brook,Southern Lake Michigan Management Unit,DE Avenue Fixed Site,09/04/2003,
4015,1,BRB,9410,Bass Lake,Northern Lake Michigan Management Unit,Bass Lake,06/25/2001,
4015,1,GOS,9410,Bass Lake,Northern Lake Michigan Management Unit,Bass Lake,06/25/2001,
4015,1,NOP,9410,Bass Lake,Northern Lake Michigan Management Unit,Bass Lake,06/25/2001,
4017,1,RKB,9408,Lake Ottawa,Northern Lake Michigan Management Unit,Lake Ottawa,06/25/2001,
4017,1,SMB,9408,Lake Ottawa,Northern Lake Michigan Management Unit,Lake Ottawa,06/25/2001,
4021,1,MUS NO,9404,Lake Hudson,Lake Erie Management Unit,Lake Hudson,04/03/2003,
4025,1,SFS,9400,Wamplers Lake,Lake Erie Management Unit,Wamplers Lake,06/04/2003,
4031,3,BLG,9394,Upper Crooked Lake,Southern Lake Michigan Management Unit,Upper Crooked Lake,05/19/2003,
4031,22,BLG,9394,Upper Crooked Lake,Southern Lake Michigan Management Unit,Upper Crooked Lake,05/19/2003,
4031,23,BLG,9394,Upper Crooked Lake,Southern Lake Michigan Management Unit,Upper Crooked Lake,05/19/2003,
4032,3,BLG,9393,Lower Crooked Lake,Southern Lake Michigan Management Unit,Lower Crooked Lake,05/19/2003,
4032,5,BLG,9393,Lower Crooked Lake,Southern Lake Michigan Management Unit,Lower Crooked Lake,05/19/2003,
4032,6,BLG,9393,Lower Crooked Lake,Southern Lake Michigan Management Unit,Lower Crooked Lake,05/19/2003,
4032,8,BLG,9393,Lower Crooked Lake,Southern Lake Michigan Management Unit,Lower Crooked Lake,05/19/2003,
4032,13,BLG,9393,Lower Crooked Lake,Southern Lake Michigan Management Unit,Lower Crooked Lake,05/19/2003,
4032,14,BLG,9393,Lower Crooked Lake,Southern Lake Michigan Management Unit,Lower Crooked Lake,05/19/2003,
4032,18,BLG,9393,Lower Crooked Lake,Southern Lake Michigan Management Unit,Lower Crooked Lake,05/19/2003,
4048,1,BLG,9378,Baptist Lake,Central Lake Michigan Management Unit,Baptist Lake,06/23/2003,
4048,3,BLG,9378,Baptist Lake,Central Lake Michigan Management Unit,Baptist Lake,06/23/2003,
4090,2,GOS,9339,Mud Lake,Northern Lake Huron Management Unit,Mud Lake,06/30/2003,
4100,1863,YEP,9334,Big African Lake,Western Lake Superior Management Unit,Big African Lake,04/23/2002,
4100,1935,NOP,9334,Big African Lake,Western Lake Superior Management Unit,Big African Lake,04/23/2002,
4100,1936,GOS,9334,Big African Lake,Western Lake Superior Management Unit,Big African Lake,04/23/2002,
4101,1667,NOP,9333,Big Lake,Western Lake Superior Management Unit,Big Lake,04/21/2002,
4101,1667,WAE,9333,Big Lake,Western Lake Superior Management Unit,Big Lake,04/21/2002,
4101,1668,NOP,9333,Big Lake,Western Lake Superior Management Unit,Big Lake,04/21/2002,
4101,1668,WAE,9333,Big Lake,Western Lake Superior Management Unit,Big Lake,04/21/2002,
4101,1669,NOP,9333,Big Lake,Western Lake Superior Management Unit,Big Lake,04/21/2002,
4101,1669,WAE,9333,Big Lake,Western Lake Superior Management Unit,Big Lake,04/21/2002,
4101,1699,NOP,9333,Big Lake,Western Lake Superior Management Unit,Big Lake,04/21/2002,
4101,1699,WAE,9333,Big Lake,Western Lake Superior Management Unit,Big Lake,04/21/2002,
4101,1700,RKB,9333,Big Lake,Western Lake Superior Management Unit,Big Lake,04/21/2002,
4101,1700,YEP,9333,Big Lake,Western Lake Superior Management Unit,Big Lake,04/21/2002,
4101,1750,NOP,9333,Big Lake,Western Lake Superior Management Unit,Big Lake,04/21/2002,
4101,1752,NOP,9333,Big Lake,Western Lake Superior Management Unit,Big Lake,04/21/2002,
4101,1753,NOP,9333,Big Lake,Western Lake Superior Management Unit,Big Lake,04/21/2002,
4101,1753,WAE,9333,Big Lake,Western Lake Superior Management Unit,Big Lake,04/21/2002,
4101,1754,NOP,9333,Big Lake,Western Lake Superior Management Unit,Big Lake,04/21/2002,
4101,1754,WAE,9333,Big Lake,Western Lake Superior Management Unit,Big Lake,04/21/2002,
4101,1756,WAE,9333,Big Lake,Western Lake Superior Management Unit,Big Lake,04/21/2002,
4101,1757,NOP,9333,Big Lake,Western Lake Superior Management Unit,Big Lake,04/21/2002,
4101,1758,NOP,9333,Big Lake,Western Lake Superior Management Unit,Big Lake,04/21/2002,
4101,1758,WAE,9333,Big Lake,Western Lake Superior Management Unit,Big Lake,04/21/2002,
4101,1759,NOP,9333,Big Lake,Western Lake Superior Management Unit,Big Lake,04/21/2002,
4101,1783,WAE,9333,Big Lake,Western Lake Superior Management Unit,Big Lake,04/21/2002,
4101,1785,WAE,9333,Big Lake,Western Lake Superior Management Unit,Big Lake,04/21/2002,
4101,1786,NOP,9333,Big Lake,Western Lake Superior Management Unit,Big Lake,04/21/2002,
4101,1787,NOP,9333,Big Lake,Western Lake Superior Management Unit,Big Lake,04/21/2002,
4101,1788,WAE,9333,Big Lake,Western Lake Superior Management Unit,Big Lake,04/21/2002,
4101,1827,WAE,9333,Big Lake,Western Lake Superior Management Unit,Big Lake,04/21/2002,
4101,1829,NOP,9333,Big Lake,Western Lake Superior Management Unit,Big Lake,04/21/2002,
4101,1830,WAE,9333,Big Lake,Western Lake Superior Management Unit,Big Lake,04/21/2002,
4101,1831,WAE,9333,Big Lake,Western Lake Superior Management Unit,Big Lake,04/21/2002,
4101,1832,WAE,9333,Big Lake,Western Lake Superior Management Unit,Big Lake,04/21/2002,
4101,1834,NOP,9333,Big Lake,Western Lake Superior Management Unit,Big Lake,04/21/2002,
4101,1834,WAE,9333,Big Lake,Western Lake Superior Management Unit,Big Lake,04/21/2002,
4101,1897,WAE,9333,Big Lake,Western Lake Superior Management Unit,Big Lake,04/21/2002,
4101,1899,BLG,9333,Big Lake,Western Lake Superior Management Unit,Big Lake,04/21/2002,
4101,1899,NOP,9333,Big Lake,Western Lake Superior Management Unit,Big Lake,04/21/2002,
4101,1899,SMB,9333,Big Lake,Western Lake Superior Management Unit,Big Lake,04/21/2002,
4101,1899,WAE,9333,Big Lake,Western Lake Superior Management Unit,Big Lake,04/21/2002,
4101,1900,BLG,9333,Big Lake,Western Lake Superior Management Unit,Big Lake,04/21/2002,
4101,1900,NOP,9333,Big Lake,Western Lake Superior Management Unit,Big Lake,04/21/2002,
4101,1901,NOP,9333,Big Lake,Western Lake Superior Management Unit,Big Lake,04/21/2002,
4101,1901,WAE,9333,Big Lake,Western Lake Superior Management Unit,Big Lake,04/21/2002,
4101,1902,WAE,9333,Big Lake,Western Lake Superior Management Unit,Big Lake,04/21/2002,
4101,1903,NOP,9333,Big Lake,Western Lake Superior Management Unit,Big Lake,04/21/2002,
4101,1903,WAE,9333,Big Lake,Western Lake Superior Management Unit,Big Lake,04/21/2002,
4101,1904,NOP,9333,Big Lake,Western Lake Superior Management Unit,Big Lake,04/21/2002,
4101,1904,WAE,9333,Big Lake,Western Lake Superior Management Unit,Big Lake,04/21/2002,
4101,1954,NOP,9333,Big Lake,Western Lake Superior Management Unit,Big Lake,04/21/2002,
4101,1954,WAE,9333,Big Lake,Western Lake Superior Management Unit,Big Lake,04/21/2002,
4101,1955,NOP,9333,Big Lake,Western Lake Superior Management Unit,Big Lake,04/21/2002,
4101,1955,WAE,9333,Big Lake,Western Lake Superior Management Unit,Big Lake,04/21/2002,
4101,1956,NOP,9333,Big Lake,Western Lake Superior Management Unit,Big Lake,04/21/2002,
4101,1956,WAE,9333,Big Lake,Western Lake Superior Management Unit,Big Lake,04/21/2002,
4101,1992,WAE,9333,Big Lake,Western Lake Superior Management Unit,Big Lake,04/21/2002,
4101,1993,BCR,9333,Big Lake,Western Lake Superior Management Unit,Big Lake,04/21/2002,
4101,1993,BLG,9333,Big Lake,Western Lake Superior Management Unit,Big Lake,04/21/2002,
4101,1993,NOP,9333,Big Lake,Western Lake Superior Management Unit,Big Lake,04/21/2002,
4101,1993,RKB,9333,Big Lake,Western Lake Superior Management Unit,Big Lake,04/21/2002,
4101,1993,WAE,9333,Big Lake,Western Lake Superior Management Unit,Big Lake,04/21/2002,
4101,2049,NOP,9333,Big Lake,Western Lake Superior Management Unit,Big Lake,04/21/2002,
4101,2051,RKB,9333,Big Lake,Western Lake Superior Management Unit,Big Lake,04/21/2002,
4101,2051,WAE,9333,Big Lake,Western Lake Superior Management Unit,Big Lake,04/21/2002,
4101,2053,WAE,9333,Big Lake,Western Lake Superior Management Unit,Big Lake,04/21/2002,
4102,1687,NOP,9332,East Bay Lake,Western Lake Superior Management Unit,East Bay Lake,04/22/2002,
4102,1689,WAE,9332,East Bay Lake,Western Lake Superior Management Unit,East Bay Lake,04/22/2002,
4102,1689,YEP,9332,East Bay Lake,Western Lake Superior Management Unit,East Bay Lake,04/22/2002,
4102,1766,NOP,9332,East Bay Lake,Western Lake Superior Management Unit,East Bay Lake,04/22/2002,
4102,1797,NOP,9332,East Bay Lake,Western Lake Superior Management Unit,East Bay Lake,04/22/2002,
4102,1798,NOP,9332,East Bay Lake,Western Lake Superior Management Unit,East Bay Lake,04/22/2002,
4102,1798,WAE,9332,East Bay Lake,Western Lake Superior Management Unit,East Bay Lake,04/22/2002,
4102,1799,NOP,9332,East Bay Lake,Western Lake Superior Management Unit,East Bay Lake,04/22/2002,
4102,1881,NOP,9332,East Bay Lake,Western Lake Superior Management Unit,East Bay Lake,04/22/2002,
4102,1882,BLG,9332,East Bay Lake,Western Lake Superior Management Unit,East Bay Lake,04/22/2002,
4102,1882,NOP,9332,East Bay Lake,Western Lake Superior Management Unit,East Bay Lake,04/22/2002,
4102,1882,PSF,9332,East Bay Lake,Western Lake Superior Management Unit,East Bay Lake,04/22/2002,
4102,1883,NOP,9332,East Bay Lake,Western Lake Superior Management Unit,East Bay Lake,04/22/2002,
4102,1884,BCR,9332,East Bay Lake,Western Lake Superior Management Unit,East Bay Lake,04/22/2002,
4102,1884,BLG,9332,East Bay Lake,Western Lake Superior Management Unit,East Bay Lake,04/22/2002,
4102,1884,NOP,9332,East Bay Lake,Western Lake Superior Management Unit,East Bay Lake,04/22/2002,
4102,1885,WAE,9332,East Bay Lake,Western Lake Superior Management Unit,East Bay Lake,04/22/2002,
4102,1914,NOP,9332,East Bay Lake,Western Lake Superior Management Unit,East Bay Lake,04/22/2002,
4102,1914,WAE,9332,East Bay Lake,Western Lake Superior Management Unit,East Bay Lake,04/22/2002,
4102,1915,WAE,9332,East Bay Lake,Western Lake Superior Management Unit,East Bay Lake,04/22/2002,
4102,1917,NOP,9332,East Bay Lake,Western Lake Superior Management Unit,East Bay Lake,04/22/2002,
4102,1917,WAE,9332,East Bay Lake,Western Lake Superior Management Unit,East Bay Lake,04/22/2002,
4102,1918,WAE,9332,East Bay Lake,Western Lake Superior Management Unit,East Bay Lake,04/22/2002,
4102,2010,NOP,9332,East Bay Lake,Western Lake Superior Management Unit,East Bay Lake,04/22/2002,
4102,2012,NOP,9332,East Bay Lake,Western Lake Superior Management Unit,East Bay Lake,04/22/2002,
4102,2012,WAE,9332,East Bay Lake,Western Lake Superior Management Unit,East Bay Lake,04/22/2002,
4102,2013,WAE,9332,East Bay Lake,Western Lake Superior Management Unit,East Bay Lake,04/22/2002,
4103,1767,YEP,9331,Fishhawk Lake,Western Lake Superior Management Unit,Fishhawk Lake,04/22/2002,
4103,1913,BRB,9331,Fishhawk Lake,Western Lake Superior Management Unit,Fishhawk Lake,04/22/2002,
4103,1913,PSF,9331,Fishhawk Lake,Western Lake Superior Management Unit,Fishhawk Lake,04/22/2002,
4103,2070,BLG,9331,Fishhawk Lake,Western Lake Superior Management Unit,Fishhawk Lake,04/22/2002,
4103,2070,RKB,9331,Fishhawk Lake,Western Lake Superior Management Unit,Fishhawk Lake,04/22/2002,
4104,1322,WAE,9330,Muskegon Lake,Central Lake Michigan Management Unit,Muskegon Lake,03/04/2002,
4104,1323,WAE,9330,Muskegon Lake,Central Lake Michigan Management Unit,Muskegon Lake,03/04/2002,
4104,1324,WAE,9330,Muskegon Lake,Central Lake Michigan Management Unit,Muskegon Lake,03/04/2002,
4104,1326,WAE,9330,Muskegon Lake,Central Lake Michigan Management Unit,Muskegon Lake,03/04/2002,
4104,1327,WAE,9330,Muskegon Lake,Central Lake Michigan Management Unit,Muskegon Lake,03/04/2002,
4104,1328,WAE,9330,Muskegon Lake,Central Lake Michigan Management Unit,Muskegon Lake,03/04/2002,
4104,1329,WAE,9330,Muskegon Lake,Central Lake Michigan Management Unit,Muskegon Lake,03/04/2002,
4104,1330,WAE,9330,Muskegon Lake,Central Lake Michigan Management Unit,Muskegon Lake,03/04/2002,
4104,1331,WAE,9330,Muskegon Lake,Central Lake Michigan Management Unit,Muskegon Lake,03/04/2002,
4104,1332,WAE,9330,Muskegon Lake,Central Lake Michigan Management Unit,Muskegon Lake,03/04/2002,
4104,1333,WAE,9330,Muskegon Lake,Central Lake Michigan Management Unit,Muskegon Lake,03/04/2002,
4104,1337,WAE,9330,Muskegon Lake,Central Lake Michigan Management Unit,Muskegon Lake,03/04/2002,
4104,1339,WAE,9330,Muskegon Lake,Central Lake Michigan Management Unit,Muskegon Lake,03/04/2002,
4104,1340,WAE,9330,Muskegon Lake,Central Lake Michigan Management Unit,Muskegon Lake,03/04/2002,
4104,1341,WAE,9330,Muskegon Lake,Central Lake Michigan Management Unit,Muskegon Lake,03/04/2002,
4104,1342,WAE,9330,Muskegon Lake,Central Lake Michigan Management Unit,Muskegon Lake,03/04/2002,
4104,1343,WAE,9330,Muskegon Lake,Central Lake Michigan Management Unit,Muskegon Lake,03/04/2002,
4104,1344,WAE,9330,Muskegon Lake,Central Lake Michigan Management Unit,Muskegon Lake,03/04/2002,
4104,1345,WAE,9330,Muskegon Lake,Central Lake Michigan Management Unit,Muskegon Lake,03/04/2002,
4104,1347,WAE,9330,Muskegon Lake,Central Lake Michigan Management Unit,Muskegon Lake,03/04/2002,
4104,1348,WAE,9330,Muskegon Lake,Central Lake Michigan Management Unit,Muskegon Lake,03/04/2002,
4104,1349,WAE,9330,Muskegon Lake,Central Lake Michigan Management Unit,Muskegon Lake,03/04/2002,
4104,1350,WAE,9330,Muskegon Lake,Central Lake Michigan Management Unit,Muskegon Lake,03/04/2002,
4104,1351,WAE,9330,Muskegon Lake,Central Lake Michigan Management Unit,Muskegon Lake,03/04/2002,
4104,1352,WAE,9330,Muskegon Lake,Central Lake Michigan Management Unit,Muskegon Lake,03/04/2002,
4104,1353,WAE,9330,Muskegon Lake,Central Lake Michigan Management Unit,Muskegon Lake,03/04/2002,
4104,1354,WAE,9330,Muskegon Lake,Central Lake Michigan Management Unit,Muskegon Lake,03/04/2002,
4105,1769,NOP,9329,Indian Lake,Western Lake Superior Management Unit,Indian Lake,04/22/2002,
4105,1770,BCR,9329,Indian Lake,Western Lake Superior Management Unit,Indian Lake,04/22/2002,
4105,1770,BLG,9329,Indian Lake,Western Lake Superior Management Unit,Indian Lake,04/22/2002,
4105,1770,YEP,9329,Indian Lake,Western Lake Superior Management Unit,Indian Lake,04/22/2002,
4105,1771,NOP,9329,Indian Lake,Western Lake Superior Management Unit,Indian Lake,04/22/2002,
4105,1886,NOP,9329,Indian Lake,Western Lake Superior Management Unit,Indian Lake,04/22/2002,
4105,1887,NOP,9329,Indian Lake,Western Lake Superior Management Unit,Indian Lake,04/22/2002,
4105,1888,NOP,9329,Indian Lake,Western Lake Superior Management Unit,Indian Lake,04/22/2002,
4105,1889,NOP,9329,Indian Lake,Western Lake Superior Management Unit,Indian Lake,04/22/2002,
4105,1967,NOP,9329,Indian Lake,Western Lake Superior Management Unit,Indian Lake,04/22/2002,
4105,1969,NOP,9329,Indian Lake,Western Lake Superior Management Unit,Indian Lake,04/22/2002,
4105,1970,YEP,9329,Indian Lake,Western Lake Superior Management Unit,Indian Lake,04/22/2002,
4105,2071,NOP,9329,Indian Lake,Western Lake Superior Management Unit,Indian Lake,04/22/2002,
4105,2072,WAE,9329,Indian Lake,Western Lake Superior Management Unit,Indian Lake,04/22/2002,
4105,2073,NOP,9329,Indian Lake,Western Lake Superior Management Unit,Indian Lake,04/22/2002,
4106,2048,NOP,9328,Little African Lake,Western Lake Superior Management Unit,Little African Lake,05/01/2002,
4107,1693,NOP,9327,Mamie Lake,Western Lake Superior Management Unit,Mamie Lake,04/22/2002,
4107,1693,WAE,9327,Mamie Lake,Western Lake Superior Management Unit,Mamie Lake,04/22/2002,
4107,1717,WAE,9327,Mamie Lake,Western Lake Superior Management Unit,Mamie Lake,04/22/2002,
4107,1718,NOP,9327,Mamie Lake,Western Lake Superior Management Unit,Mamie Lake,04/22/2002,
4107,1718,WAE,9327,Mamie Lake,Western Lake Superior Management Unit,Mamie Lake,04/22/2002,
4107,1772,NOP,9327,Mamie Lake,Western Lake Superior Management Unit,Mamie Lake,04/22/2002,
4107,1810,WAE,9327,Mamie Lake,Western Lake Superior Management Unit,Mamie Lake,04/22/2002,
4107,1811,NOP,9327,Mamie Lake,Western Lake Superior Management Unit,Mamie Lake,04/22/2002,
4107,1811,WAE,9327,Mamie Lake,Western Lake Superior Management Unit,Mamie Lake,04/22/2002,
4107,1828,WAE,9327,Mamie Lake,Western Lake Superior Management Unit,Mamie Lake,04/22/2002,
4107,1852,NOP,9327,Mamie Lake,Western Lake Superior Management Unit,Mamie Lake,04/22/2002,
4107,1852,WAE,9327,Mamie Lake,Western Lake Superior Management Unit,Mamie Lake,04/22/2002,
4107,1853,NOP,9327,Mamie Lake,Western Lake Superior Management Unit,Mamie Lake,04/22/2002,
4107,1854,NOP,9327,Mamie Lake,Western Lake Superior Management Unit,Mamie Lake,04/22/2002,
4107,1854,WAE,9327,Mamie Lake,Western Lake Superior Management Unit,Mamie Lake,04/22/2002,
4107,1855,NOP,9327,Mamie Lake,Western Lake Superior Management Unit,Mamie Lake,04/22/2002,
4107,1890,WAE,9327,Mamie Lake,Western Lake Superior Management Unit,Mamie Lake,04/22/2002,
4107,1891,WAE,9327,Mamie Lake,Western Lake Superior Management Unit,Mamie Lake,04/22/2002,
4107,1926,NOP,9327,Mamie Lake,Western Lake Superior Management Unit,Mamie Lake,04/22/2002,
4107,1926,WAE,9327,Mamie Lake,Western Lake Superior Management Unit,Mamie Lake,04/22/2002,
4107,1929,NOP,9327,Mamie Lake,Western Lake Superior Management Unit,Mamie Lake,04/22/2002,
4107,1929,WAE,9327,Mamie Lake,Western Lake Superior Management Unit,Mamie Lake,04/22/2002,
4107,1930,NOP,9327,Mamie Lake,Western Lake Superior Management Unit,Mamie Lake,04/22/2002,
4107,1930,WAE,9327,Mamie Lake,Western Lake Superior Management Unit,Mamie Lake,04/22/2002,
4107,1931,NOP,9327,Mamie Lake,Western Lake Superior Management Unit,Mamie Lake,04/22/2002,
4107,2022,WAE,9327,Mamie Lake,Western Lake Superior Management Unit,Mamie Lake,04/22/2002,
4107,2024,NOP,9327,Mamie Lake,Western Lake Superior Management Unit,Mamie Lake,04/22/2002,
4107,2024,WAE,9327,Mamie Lake,Western Lake Superior Management Unit,Mamie Lake,04/22/2002,
4108,1144,WAE,9326,Michigamme Reservoir,Northern Lake Michigan Management Unit,Michigamme Reservoir,04/19/2001,
4108,1151,WAE,9326,Michigamme Reservoir,Northern Lake Michigan Management Unit,Michigamme Reservoir,04/19/2001,
4108,1178,CWS,9326,Michigamme Reservoir,Northern Lake Michigan Management Unit,Michigamme Reservoir,04/19/2001,
4108,1180,WAE,9326,Michigamme Reservoir,Northern Lake Michigan Management Unit,Michigamme Reservoir,04/19/2001,
4108,1192,WAE,9326,Michigamme Reservoir,Northern Lake Michigan Management Unit,Michigamme Reservoir,04/19/2001,
4108,1212,NOP,9326,Michigamme Reservoir,Northern Lake Michigan Management Unit,Michigamme Reservoir,04/19/2001,
4108,1213,WAE,9326,Michigamme Reservoir,Northern Lake Michigan Management Unit,Michigamme Reservoir,04/19/2001,
4108,1216,WAE,9326,Michigamme Reservoir,Northern Lake Michigan Management Unit,Michigamme Reservoir,04/19/2001,
4108,1218,WAE,9326,Michigamme Reservoir,Northern Lake Michigan Management Unit,Michigamme Reservoir,04/19/2001,
4108,1221,WAE,9326,Michigamme Reservoir,Northern Lake Michigan Management Unit,Michigamme Reservoir,04/19/2001,
4108,1225,WAE,9326,Michigamme Reservoir,Northern Lake Michigan Management Unit,Michigamme Reservoir,04/19/2001,
4108,1228,WAE,9326,Michigamme Reservoir,Northern Lake Michigan Management Unit,Michigamme Reservoir,04/19/2001,
4108,1229,NOP,9326,Michigamme Reservoir,Northern Lake Michigan Management Unit,Michigamme Reservoir,04/19/2001,
4108,1241,CWS,9326,Michigamme Reservoir,Northern Lake Michigan Management Unit,Michigamme Reservoir,04/19/2001,
4108,1241,NOP,9326,Michigamme Reservoir,Northern Lake Michigan Management Unit,Michigamme Reservoir,04/19/2001,
4108,1241,WAE,9326,Michigamme Reservoir,Northern Lake Michigan Management Unit,Michigamme Reservoir,04/19/2001,
4108,1245,CWS,9326,Michigamme Reservoir,Northern Lake Michigan Management Unit,Michigamme Reservoir,04/19/2001,
4108,1246,CWS,9326,Michigamme Reservoir,Northern Lake Michigan Management Unit,Michigamme Reservoir,04/19/2001,
4108,1250,WAE,9326,Michigamme Reservoir,Northern Lake Michigan Management Unit,Michigamme Reservoir,04/19/2001,
4108,1262,WAE,9326,Michigamme Reservoir,Northern Lake Michigan Management Unit,Michigamme Reservoir,04/19/2001,
4108,1263,WAE,9326,Michigamme Reservoir,Northern Lake Michigan Management Unit,Michigamme Reservoir,04/19/2001,
4108,1264,WAE,9326,Michigamme Reservoir,Northern Lake Michigan Management Unit,Michigamme Reservoir,04/19/2001,
4108,1265,NOP,9326,Michigamme Reservoir,Northern Lake Michigan Management Unit,Michigamme Reservoir,04/19/2001,
4108,1265,WAE,9326,Michigamme Reservoir,Northern Lake Michigan Management Unit,Michigamme Reservoir,04/19/2001,
4108,1266,BCR,9326,Michigamme Reservoir,Northern Lake Michigan Management Unit,Michigamme Reservoir,04/19/2001,
4108,1270,WAE,9326,Michigamme Reservoir,Northern Lake Michigan Management Unit,Michigamme Reservoir,04/19/2001,
4108,1272,BCR,9326,Michigamme Reservoir,Northern Lake Michigan Management Unit,Michigamme Reservoir,04/19/2001,
4108,1273,WAE,9326,Michigamme Reservoir,Northern Lake Michigan Management Unit,Michigamme Reservoir,04/19/2001,
4108,1274,BCR,9326,Michigamme Reservoir,Northern Lake Michigan Management Unit,Michigamme Reservoir,04/19/2001,
4108,1274,WAE,9326,Michigamme Reservoir,Northern Lake Michigan Management Unit,Michigamme Reservoir,04/19/2001,
4108,1276,WAE,9326,Michigamme Reservoir,Northern Lake Michigan Management Unit,Michigamme Reservoir,04/19/2001,
4108,1280,WAE,9326,Michigamme Reservoir,Northern Lake Michigan Management Unit,Michigamme Reservoir,04/19/2001,
4108,1287,WAE,9326,Michigamme Reservoir,Northern Lake Michigan Management Unit,Michigamme Reservoir,04/19/2001,
4108,1288,WAE,9326,Michigamme Reservoir,Northern Lake Michigan Management Unit,Michigamme Reservoir,04/19/2001,
4108,1293,WAE,9326,Michigamme Reservoir,Northern Lake Michigan Management Unit,Michigamme Reservoir,04/19/2001,
4108,1294,WAE,9326,Michigamme Reservoir,Northern Lake Michigan Management Unit,Michigamme Reservoir,04/19/2001,
4108,1296,WAE,9326,Michigamme Reservoir,Northern Lake Michigan Management Unit,Michigamme Reservoir,04/19/2001,
4108,1313,CWS,9326,Michigamme Reservoir,Northern Lake Michigan Management Unit,Michigamme Reservoir,04/19/2001,
4108,1313,NOP,9326,Michigamme Reservoir,Northern Lake Michigan Management Unit,Michigamme Reservoir,04/19/2001,
4108,1313,RKB,9326,Michigamme Reservoir,Northern Lake Michigan Management Unit,Michigamme Reservoir,04/19/2001,
4108,1316,BCR,9326,Michigamme Reservoir,Northern Lake Michigan Management Unit,Michigamme Reservoir,04/19/2001,
4108,1319,WAE,9326,Michigamme Reservoir,Northern Lake Michigan Management Unit,Michigamme Reservoir,04/19/2001,
4109,1694,NOP,9325,Morley Lake,Western Lake Superior Management Unit,Morley Lake,04/22/2002,
4109,1694,WAE,9325,Morley Lake,Western Lake Superior Management Unit,Morley Lake,04/22/2002,
4109,1777,NOP,9325,Morley Lake,Western Lake Superior Management Unit,Morley Lake,04/22/2002,
4109,1892,NOP,9325,Morley Lake,Western Lake Superior Management Unit,Morley Lake,04/22/2002,
4109,1892,WAE,9325,Morley Lake,Western Lake Superior Management Unit,Morley Lake,04/22/2002,
4109,1978,BLG,9325,Morley Lake,Western Lake Superior Management Unit,Morley Lake,04/22/2002,
4109,1978,NOP,9325,Morley Lake,Western Lake Superior Management Unit,Morley Lake,04/22/2002,
4109,1978,RKB,9325,Morley Lake,Western Lake Superior Management Unit,Morley Lake,04/22/2002,
4109,1978,WAE,9325,Morley Lake,Western Lake Superior Management Unit,Morley Lake,04/22/2002,
4109,1978,YEP,9325,Morley Lake,Western Lake Superior Management Unit,Morley Lake,04/22/2002,
4109,2025,NOP,9325,Morley Lake,Western Lake Superior Management Unit,Morley Lake,04/22/2002,
4109,2025,WAE,9325,Morley Lake,Western Lake Superior Management Unit,Morley Lake,04/22/2002,
4109,2082,WAE,9325,Morley Lake,Western Lake Superior Management Unit,Morley Lake,04/22/2002,
4109,2083,WAE,9325,Morley Lake,Western Lake Superior Management Unit,Morley Lake,04/22/2002,
4110,2315,WAE,9324,North Manistique Lake,Northern Lake Michigan Management Unit,North Manistique Lake,04/23/2003,
4110,2320,WAE,9324,North Manistique Lake,Northern Lake Michigan Management Unit,North Manistique Lake,04/23/2003,
4110,2330,WAE,9324,North Manistique Lake,Northern Lake Michigan Management Unit,North Manistique Lake,04/23/2003,
4110,2331,WAE,9324,North Manistique Lake,Northern Lake Michigan Management Unit,North Manistique Lake,04/23/2003,
4110,2333,WAE,9324,North Manistique Lake,Northern Lake Michigan Management Unit,North Manistique Lake,04/23/2003,
4110,2337,WAE,9324,North Manistique Lake,Northern Lake Michigan Management Unit,North Manistique Lake,04/23/2003,
4110,2338,WAE,9324,North Manistique Lake,Northern Lake Michigan Management Unit,North Manistique Lake,04/23/2003,
4110,2340,WAE,9324,North Manistique Lake,Northern Lake Michigan Management Unit,North Manistique Lake,04/23/2003,
4110,2341,WAE,9324,North Manistique Lake,Northern Lake Michigan Management Unit,North Manistique Lake,04/23/2003,
4110,2342,WAE,9324,North Manistique Lake,Northern Lake Michigan Management Unit,North Manistique Lake,04/23/2003,
4110,2343,WAE,9324,North Manistique Lake,Northern Lake Michigan Management Unit,North Manistique Lake,04/23/2003,
4110,2346,WAE,9324,North Manistique Lake,Northern Lake Michigan Management Unit,North Manistique Lake,04/23/2003,
4110,2349,WAE,9324,North Manistique Lake,Northern Lake Michigan Management Unit,North Manistique Lake,04/23/2003,
4110,2351,WAE,9324,North Manistique Lake,Northern Lake Michigan Management Unit,North Manistique Lake,04/23/2003,
4110,2352,WAE,9324,North Manistique Lake,Northern Lake Michigan Management Unit,North Manistique Lake,04/23/2003,
4110,2353,WAE,9324,North Manistique Lake,Northern Lake Michigan Management Unit,North Manistique Lake,04/23/2003,
4110,2354,WAE,9324,North Manistique Lake,Northern Lake Michigan Management Unit,North Manistique Lake,04/23/2003,
4110,2358,WAE,9324,North Manistique Lake,Northern Lake Michigan Management Unit,North Manistique Lake,04/23/2003,
4110,2359,WAE,9324,North Manistique Lake,Northern Lake Michigan Management Unit,North Manistique Lake,04/23/2003,
4110,2360,WAE,9324,North Manistique Lake,Northern Lake Michigan Management Unit,North Manistique Lake,04/23/2003,
4110,2363,WAE,9324,North Manistique Lake,Northern Lake Michigan Management Unit,North Manistique Lake,04/23/2003,
4110,2365,WAE,9324,North Manistique Lake,Northern Lake Michigan Management Unit,North Manistique Lake,04/23/2003,
4110,2367,WAE,9324,North Manistique Lake,Northern Lake Michigan Management Unit,North Manistique Lake,04/23/2003,
4110,2369,WAE,9324,North Manistique Lake,Northern Lake Michigan Management Unit,North Manistique Lake,04/23/2003,
4110,2371,WAE,9324,North Manistique Lake,Northern Lake Michigan Management Unit,North Manistique Lake,04/23/2003,
4110,2376,WAE,9324,North Manistique Lake,Northern Lake Michigan Management Unit,North Manistique Lake,04/23/2003,
4110,2378,WAE,9324,North Manistique Lake,Northern Lake Michigan Management Unit,North Manistique Lake,04/23/2003,
4111,1858,NOP,9323,Poor Lake,Western Lake Superior Management Unit,Poor Lake,04/26/2002,
4111,1979,NOP,9323,Poor Lake,Western Lake Superior Management Unit,Poor Lake,04/26/2002,
4111,1980,NOP,9323,Poor Lake,Western Lake Superior Management Unit,Poor Lake,04/26/2002,
4111,1981,BLG,9323,Poor Lake,Western Lake Superior Management Unit,Poor Lake,04/26/2002,
4111,1981,NOP,9323,Poor Lake,Western Lake Superior Management Unit,Poor Lake,04/26/2002,
4111,1982,NOP,9323,Poor Lake,Western Lake Superior Management Unit,Poor Lake,04/26/2002,
4111,2085,NOP,9323,Poor Lake,Western Lake Superior Management Unit,Poor Lake,04/26/2002,
4111,2086,NOP,9323,Poor Lake,Western Lake Superior Management Unit,Poor Lake,04/26/2002,
4111,2087,NOP,9323,Poor Lake,Western Lake Superior Management Unit,Poor Lake,04/26/2002,
4111,2094,NOP,9323,Poor Lake,Western Lake Superior Management Unit,Poor Lake,04/26/2002,
4111,2094,WAE,9323,Poor Lake,Western Lake Superior Management Unit,Poor Lake,04/26/2002,
4112,1725,NOP,9322,Record Lake,Western Lake Superior Management Unit,Record Lake,04/23/2002,
4112,1725,YEP,9322,Record Lake,Western Lake Superior Management Unit,Record Lake,04/23/2002,
4112,1862,NOP,9322,Record Lake,Western Lake Superior Management Unit,Record Lake,04/23/2002,
4112,2028,GOS,9322,Record Lake,Western Lake Superior Management Unit,Record Lake,04/23/2002,
4112,2125,WAE,9322,Record Lake,Western Lake Superior Management Unit,Record Lake,04/23/2002,
4113,1744,WAE,9321,West Bay Lake,Western Lake Superior Management Unit,West Bay Lake,04/23/2002,
4113,1744,YEP,9321,West Bay Lake,Western Lake Superior Management Unit,West Bay Lake,04/23/2002,
4113,1746,NOP,9321,West Bay Lake,Western Lake Superior Management Unit,West Bay Lake,04/23/2002,
4113,1746,WAE,9321,West Bay Lake,Western Lake Superior Management Unit,West Bay Lake,04/23/2002,
4113,1746,YEP,9321,West Bay Lake,Western Lake Superior Management Unit,West Bay Lake,04/23/2002,
4113,1747,NOP,9321,West Bay Lake,Western Lake Superior Management Unit,West Bay Lake,04/23/2002,
4113,1748,NOP,9321,West Bay Lake,Western Lake Superior Management Unit,West Bay Lake,04/23/2002,
4113,1748,WAE,9321,West Bay Lake,Western Lake Superior Management Unit,West Bay Lake,04/23/2002,
4113,1748,YEP,9321,West Bay Lake,Western Lake Superior Management Unit,West Bay Lake,04/23/2002,
4113,1778,NOP,9321,West Bay Lake,Western Lake Superior Management Unit,West Bay Lake,04/23/2002,
4113,1779,NOP,9321,West Bay Lake,Western Lake Superior Management Unit,West Bay Lake,04/23/2002,
4113,1779,WAE,9321,West Bay Lake,Western Lake Superior Management Unit,West Bay Lake,04/23/2002,
4113,1782,NOP,9321,West Bay Lake,Western Lake Superior Management Unit,West Bay Lake,04/23/2002,
4113,1782,WAE,9321,West Bay Lake,Western Lake Superior Management Unit,West Bay Lake,04/23/2002,
4113,1826,WAE,9321,West Bay Lake,Western Lake Superior Management Unit,West Bay Lake,04/23/2002,
4113,1879,WAE,9321,West Bay Lake,Western Lake Superior Management Unit,West Bay Lake,04/23/2002,
4113,1879,YEP,9321,West Bay Lake,Western Lake Superior Management Unit,West Bay Lake,04/23/2002,
4113,1880,WAE,9321,West Bay Lake,Western Lake Superior Management Unit,West Bay Lake,04/23/2002,
4113,1893,WAE,9321,West Bay Lake,Western Lake Superior Management Unit,West Bay Lake,04/23/2002,
4113,1894,NOP,9321,West Bay Lake,Western Lake Superior Management Unit,West Bay Lake,04/23/2002,
4113,1894,WAE,9321,West Bay Lake,Western Lake Superior Management Unit,West Bay Lake,04/23/2002,
4113,1895,NOP,9321,West Bay Lake,Western Lake Superior Management Unit,West Bay Lake,04/23/2002,
4113,1895,WAE,9321,West Bay Lake,Western Lake Superior Management Unit,West Bay Lake,04/23/2002,
4113,1896,WAE,9321,West Bay Lake,Western Lake Superior Management Unit,West Bay Lake,04/23/2002,
4113,1952,WAE,9321,West Bay Lake,Western Lake Superior Management Unit,West Bay Lake,04/23/2002,
4113,1952,YEP,9321,West Bay Lake,Western Lake Superior Management Unit,West Bay Lake,04/23/2002,
4113,1983,RKB,9321,West Bay Lake,Western Lake Superior Management Unit,West Bay Lake,04/23/2002,
4113,1983,SMB,9321,West Bay Lake,Western Lake Superior Management Unit,West Bay Lake,04/23/2002,
4113,1983,WAE,9321,West Bay Lake,Western Lake Superior Management Unit,West Bay Lake,04/23/2002,
4113,1984,RKB,9321,West Bay Lake,Western Lake Superior Management Unit,West Bay Lake,04/23/2002,
4113,1985,WAE,9321,West Bay Lake,Western Lake Superior Management Unit,West Bay Lake,04/23/2002,
4113,1986,WAE,9321,West Bay Lake,Western Lake Superior Management Unit,West Bay Lake,04/23/2002,
4113,1987,NOP,9321,West Bay Lake,Western Lake Superior Management Unit,West Bay Lake,04/23/2002,
4113,1987,WAE,9321,West Bay Lake,Western Lake Superior Management Unit,West Bay Lake,04/23/2002,
4113,2041,RKB,9321,West Bay Lake,Western Lake Superior Management Unit,West Bay Lake,04/23/2002,
4113,2041,WAE,9321,West Bay Lake,Western Lake Superior Management Unit,West Bay Lake,04/23/2002,
4113,2042,NOP,9321,West Bay Lake,Western Lake Superior Management Unit,West Bay Lake,04/23/2002,
4113,2042,WAE,9321,West Bay Lake,Western Lake Superior Management Unit,West Bay Lake,04/23/2002,
4113,2043,WAE,9321,West Bay Lake,Western Lake Superior Management Unit,West Bay Lake,04/23/2002,
4113,2044,NOP,9321,West Bay Lake,Western Lake Superior Management Unit,West Bay Lake,04/23/2002,
4113,2044,WAE,9321,West Bay Lake,Western Lake Superior Management Unit,West Bay Lake,04/23/2002,
4113,2088,NOP,9321,West Bay Lake,Western Lake Superior Management Unit,West Bay Lake,04/23/2002,
4113,2088,RKB,9321,West Bay Lake,Western Lake Superior Management Unit,West Bay Lake,04/23/2002,
4113,2088,WAE,9321,West Bay Lake,Western Lake Superior Management Unit,West Bay Lake,04/23/2002,
4113,2090,WAE,9321,West Bay Lake,Western Lake Superior Management Unit,West Bay Lake,04/23/2002,
4113,2091,WAE,9321,West Bay Lake,Western Lake Superior Management Unit,West Bay Lake,04/23/2002,
4113,2120,WAE,9321,West Bay Lake,Western Lake Superior Management Unit,West Bay Lake,04/23/2002,
4114,619,WAE,9320,Houghton Lake,Central Lake Michigan Management Unit,Houghton Lake,04/19/2001,
4114,622,WAE,9320,Houghton Lake,Central Lake Michigan Management Unit,Houghton Lake,04/19/2001,
4114,645,NOP,9320,Houghton Lake,Central Lake Michigan Management Unit,Houghton Lake,04/19/2001,
4114,645,WAE,9320,Houghton Lake,Central Lake Michigan Management Unit,Houghton Lake,04/19/2001,
4114,652,WAE,9320,Houghton Lake,Central Lake Michigan Management Unit,Houghton Lake,04/19/2001,
4114,653,CWS,9320,Houghton Lake,Central Lake Michigan Management Unit,Houghton Lake,04/19/2001,
4114,653,PSF,9320,Houghton Lake,Central Lake Michigan Management Unit,Houghton Lake,04/19/2001,
4114,657,NOP,9320,Houghton Lake,Central Lake Michigan Management Unit,Houghton Lake,04/19/2001,
4114,658,WAE,9320,Houghton Lake,Central Lake Michigan Management Unit,Houghton Lake,04/19/2001,
4114,663,WAE,9320,Houghton Lake,Central Lake Michigan Management Unit,Houghton Lake,04/19/2001,
4114,674,NOP,9320,Houghton Lake,Central Lake Michigan Management Unit,Houghton Lake,04/19/2001,
4114,674,WAE,9320,Houghton Lake,Central Lake Michigan Management Unit,Houghton Lake,04/19/2001,
4114,684,WAE,9320,Houghton Lake,Central Lake Michigan Management Unit,Houghton Lake,04/19/2001,
4114,685,NOP,9320,Houghton Lake,Central Lake Michigan Management Unit,Houghton Lake,04/19/2001,
4114,686,NOP,9320,Houghton Lake,Central Lake Michigan Management Unit,Houghton Lake,04/19/2001,
4114,688,WAE,9320,Houghton Lake,Central Lake Michigan Management Unit,Houghton Lake,04/19/2001,
4114,704,WAE,9320,Houghton Lake,Central Lake Michigan Management Unit,Houghton Lake,04/19/2001,
4114,705,WAE,9320,Houghton Lake,Central Lake Michigan Management Unit,Houghton Lake,04/19/2001,
4114,706,NOP,9320,Houghton Lake,Central Lake Michigan Management Unit,Houghton Lake,04/19/2001,
4114,706,WAE,9320,Houghton Lake,Central Lake Michigan Management Unit,Houghton Lake,04/19/2001,
4114,708,NOP,9320,Houghton Lake,Central Lake Michigan Management Unit,Houghton Lake,04/19/2001,
4114,709,NOP,9320,Houghton Lake,Central Lake Michigan Management Unit,Houghton Lake,04/19/2001,
4114,709,WAE,9320,Houghton Lake,Central Lake Michigan Management Unit,Houghton Lake,04/19/2001,
4114,713,WAE,9320,Houghton Lake,Central Lake Michigan Management Unit,Houghton Lake,04/19/2001,
4114,714,NOP,9320,Houghton Lake,Central Lake Michigan Management Unit,Houghton Lake,04/19/2001,
4114,714,WAE,9320,Houghton Lake,Central Lake Michigan Management Unit,Houghton Lake,04/19/2001,
4114,727,WAE,9320,Houghton Lake,Central Lake Michigan Management Unit,Houghton Lake,04/19/2001,
4114,728,WAE,9320,Houghton Lake,Central Lake Michigan Management Unit,Houghton Lake,04/19/2001,
4114,730,WAE,9320,Houghton Lake,Central Lake Michigan Management Unit,Houghton Lake,04/19/2001,
4114,732,WAE,9320,Houghton Lake,Central Lake Michigan Management Unit,Houghton Lake,04/19/2001,
4114,734,WAE,9320,Houghton Lake,Central Lake Michigan Management Unit,Houghton Lake,04/19/2001,
4114,737,NOP,9320,Houghton Lake,Central Lake Michigan Management Unit,Houghton Lake,04/19/2001,
4114,750,WAE,9320,Houghton Lake,Central Lake Michigan Management Unit,Houghton Lake,04/19/2001,
4114,759,WAE,9320,Houghton Lake,Central Lake Michigan Management Unit,Houghton Lake,04/19/2001,
4114,763,WAE,9320,Houghton Lake,Central Lake Michigan Management Unit,Houghton Lake,04/19/2001,
4114,764,NOP,9320,Houghton Lake,Central Lake Michigan Management Unit,Houghton Lake,04/19/2001,
4114,766,NOP,9320,Houghton Lake,Central Lake Michigan Management Unit,Houghton Lake,04/19/2001,
4114,766,WAE,9320,Houghton Lake,Central Lake Michigan Management Unit,Houghton Lake,04/19/2001,
4114,776,WAE,9320,Houghton Lake,Central Lake Michigan Management Unit,Houghton Lake,04/19/2001,
4114,781,WAE,9320,Houghton Lake,Central Lake Michigan Management Unit,Houghton Lake,04/19/2001,
4114,784,WAE,9320,Houghton Lake,Central Lake Michigan Management Unit,Houghton Lake,04/19/2001,
4114,786,WAE,9320,Houghton Lake,Central Lake Michigan Management Unit,Houghton Lake,04/19/2001,
4114,788,WAE,9320,Houghton Lake,Central Lake Michigan Management Unit,Houghton Lake,04/19/2001,
4114,789,NOP,9320,Houghton Lake,Central Lake Michigan Management Unit,Houghton Lake,04/19/2001,
4114,790,NOP,9320,Houghton Lake,Central Lake Michigan Management Unit,Houghton Lake,04/19/2001,
4114,790,WAE,9320,Houghton Lake,Central Lake Michigan Management Unit,Houghton Lake,04/19/2001,
4114,795,WAE,9320,Houghton Lake,Central Lake Michigan Management Unit,Houghton Lake,04/19/2001,
4114,806,WAE,9320,Houghton Lake,Central Lake Michigan Management Unit,Houghton Lake,04/19/2001,
4114,813,WAE,9320,Houghton Lake,Central Lake Michigan Management Unit,Houghton Lake,04/19/2001,
4114,819,WAE,9320,Houghton Lake,Central Lake Michigan Management Unit,Houghton Lake,04/19/2001,
4114,825,WAE,9320,Houghton Lake,Central Lake Michigan Management Unit,Houghton Lake,04/19/2001,
4114,843,WAE,9320,Houghton Lake,Central Lake Michigan Management Unit,Houghton Lake,04/19/2001,
4114,844,WAE,9320,Houghton Lake,Central Lake Michigan Management Unit,Houghton Lake,04/19/2001,
4114,848,WAE,9320,Houghton Lake,Central Lake Michigan Management Unit,Houghton Lake,04/19/2001,
4114,849,NOP,9320,Houghton Lake,Central Lake Michigan Management Unit,Houghton Lake,04/19/2001,
4114,853,NOP,9320,Houghton Lake,Central Lake Michigan Management Unit,Houghton Lake,04/19/2001,
4114,862,WAE,9320,Houghton Lake,Central Lake Michigan Management Unit,Houghton Lake,04/19/2001,
4114,865,WAE,9320,Houghton Lake,Central Lake Michigan Management Unit,Houghton Lake,04/19/2001,
4114,891,WAE,9320,Houghton Lake,Central Lake Michigan Management Unit,Houghton Lake,04/19/2001,
4114,893,NOP,9320,Houghton Lake,Central Lake Michigan Management Unit,Houghton Lake,04/19/2001,
4114,894,WAE,9320,Houghton Lake,Central Lake Michigan Management Unit,Houghton Lake,04/19/2001,
4114,936,NOP,9320,Houghton Lake,Central Lake Michigan Management Unit,Houghton Lake,04/19/2001,
4114,936,WAE,9320,Houghton Lake,Central Lake Michigan Management Unit,Houghton Lake,04/19/2001,
4114,956,NOP,9320,Houghton Lake,Central Lake Michigan Management Unit,Houghton Lake,04/19/2001,
4114,962,WAE,9320,Houghton Lake,Central Lake Michigan Management Unit,Houghton Lake,04/19/2001,
4114,969,WAE,9320,Houghton Lake,Central Lake Michigan Management Unit,Houghton Lake,04/19/2001,
4114,971,WAE,9320,Houghton Lake,Central Lake Michigan Management Unit,Houghton Lake,04/19/2001,
4114,972,WAE,9320,Houghton Lake,Central Lake Michigan Management Unit,Houghton Lake,04/19/2001,
4114,973,WAE,9320,Houghton Lake,Central Lake Michigan Management Unit,Houghton Lake,04/19/2001,
4114,976,NOP,9320,Houghton Lake,Central Lake Michigan Management Unit,Houghton Lake,04/19/2001,
4114,990,WAE,9320,Houghton Lake,Central Lake Michigan Management Unit,Houghton Lake,04/19/2001,
4114,994,WAE,9320,Houghton Lake,Central Lake Michigan Management Unit,Houghton Lake,04/19/2001,
4114,994,YEP,9320,Houghton Lake,Central Lake Michigan Management Unit,Houghton Lake,04/19/2001,
4114,999,WAE,9320,Houghton Lake,Central Lake Michigan Management Unit,Houghton Lake,04/19/2001,
4114,1015,WAE,9320,Houghton Lake,Central Lake Michigan Management Unit,Houghton Lake,04/19/2001,
4114,1018,WAE,9320,Houghton Lake,Central Lake Michigan Management Unit,Houghton Lake,04/19/2001,
4114,1019,WAE,9320,Houghton Lake,Central Lake Michigan Management Unit,Houghton Lake,04/19/2001,
4114,1022,WAE,9320,Houghton Lake,Central Lake Michigan Management Unit,Houghton Lake,04/19/2001,
4114,1029,WAE,9320,Houghton Lake,Central Lake Michigan Management Unit,Houghton Lake,04/19/2001,
4114,1035,WAE,9320,Houghton Lake,Central Lake Michigan Management Unit,Houghton Lake,04/19/2001,
4115,1497,WAE,9319,Lake Leelanau,Central Lake Michigan Management Unit,Lake Leelanau,04/08/2002,
4115,1498,WAE,9319,Lake Leelanau,Central Lake Michigan Management Unit,Lake Leelanau,04/08/2002,
4115,1499,WAE,9319,Lake Leelanau,Central Lake Michigan Management Unit,Lake Leelanau,04/08/2002,
4115,1500,LMB,9319,Lake Leelanau,Central Lake Michigan Management Unit,Lake Leelanau,04/08/2002,
4115,1500,NOP,9319,Lake Leelanau,Central Lake Michigan Management Unit,Lake Leelanau,04/08/2002,
4115,1500,WAE,9319,Lake Leelanau,Central Lake Michigan Management Unit,Lake Leelanau,04/08/2002,
4115,1505,NOP,9319,Lake Leelanau,Central Lake Michigan Management Unit,Lake Leelanau,04/08/2002,
4115,1505,WAE,9319,Lake Leelanau,Central Lake Michigan Management Unit,Lake Leelanau,04/08/2002,
4115,1506,NOP,9319,Lake Leelanau,Central Lake Michigan Management Unit,Lake Leelanau,04/08/2002,
4115,1507,NOP,9319,Lake Leelanau,Central Lake Michigan Management Unit,Lake Leelanau,04/08/2002,
4115,1509,WAE,9319,Lake Leelanau,Central Lake Michigan Management Unit,Lake Leelanau,04/08/2002,
4115,1510,NOP,9319,Lake Leelanau,Central Lake Michigan Management Unit,Lake Leelanau,04/08/2002,
4115,1510,WAE,9319,Lake Leelanau,Central Lake Michigan Management Unit,Lake Leelanau,04/08/2002,
4115,1512,WAE,9319,Lake Leelanau,Central Lake Michigan Management Unit,Lake Leelanau,04/08/2002,
4115,1513,WAE,9319,Lake Leelanau,Central Lake Michigan Management Unit,Lake Leelanau,04/08/2002,
4115,1514,WAE,9319,Lake Leelanau,Central Lake Michigan Management Unit,Lake Leelanau,04/08/2002,
4115,1515,NOP,9319,Lake Leelanau,Central Lake Michigan Management Unit,Lake Leelanau,04/08/2002,
4115,1515,WAE,9319,Lake Leelanau,Central Lake Michigan Management Unit,Lake Leelanau,04/08/2002,
4115,1516,WAE,9319,Lake Leelanau,Central Lake Michigan Management Unit,Lake Leelanau,04/08/2002,
4115,1518,NOP,9319,Lake Leelanau,Central Lake Michigan Management Unit,Lake Leelanau,04/08/2002,
4115,1523,WAE,9319,Lake Leelanau,Central Lake Michigan Management Unit,Lake Leelanau,04/08/2002,
4115,1526,WAE,9319,Lake Leelanau,Central Lake Michigan Management Unit,Lake Leelanau,04/08/2002,
4115,1527,WAE,9319,Lake Leelanau,Central Lake Michigan Management Unit,Lake Leelanau,04/08/2002,
4115,1528,WAE,9319,Lake Leelanau,Central Lake Michigan Management Unit,Lake Leelanau,04/08/2002,
4115,1529,WAE,9319,Lake Leelanau,Central Lake Michigan Management Unit,Lake Leelanau,04/08/2002,
4115,1542,WAE,9319,Lake Leelanau,Central Lake Michigan Management Unit,Lake Leelanau,04/08/2002,
4115,1545,NOP,9319,Lake Leelanau,Central Lake Michigan Management Unit,Lake Leelanau,04/08/2002,
4115,1547,WAE,9319,Lake Leelanau,Central Lake Michigan Management Unit,Lake Leelanau,04/08/2002,
4115,1564,WAE,9319,Lake Leelanau,Central Lake Michigan Management Unit,Lake Leelanau,04/08/2002,
4115,1565,NOP,9319,Lake Leelanau,Central Lake Michigan Management Unit,Lake Leelanau,04/08/2002,
4115,1566,WAE,9319,Lake Leelanau,Central Lake Michigan Management Unit,Lake Leelanau,04/08/2002,
4115,1567,WAE,9319,Lake Leelanau,Central Lake Michigan Management Unit,Lake Leelanau,04/08/2002,
4115,1576,NOP,9319,Lake Leelanau,Central Lake Michigan Management Unit,Lake Leelanau,04/08/2002,
4115,1576,YEP,9319,Lake Leelanau,Central Lake Michigan Management Unit,Lake Leelanau,04/08/2002,
4115,1578,WAE,9319,Lake Leelanau,Central Lake Michigan Management Unit,Lake Leelanau,04/08/2002,
4115,1581,NOP,9319,Lake Leelanau,Central Lake Michigan Management Unit,Lake Leelanau,04/08/2002,
4115,1581,WAE,9319,Lake Leelanau,Central Lake Michigan Management Unit,Lake Leelanau,04/08/2002,
4115,1583,WAE,9319,Lake Leelanau,Central Lake Michigan Management Unit,Lake Leelanau,04/08/2002,
4115,1585,SMB,9319,Lake Leelanau,Central Lake Michigan Management Unit,Lake Leelanau,04/08/2002,
4115,1585,WAE,9319,Lake Leelanau,Central Lake Michigan Management Unit,Lake Leelanau,04/08/2002,
4115,1587,NOP,9319,Lake Leelanau,Central Lake Michigan Management Unit,Lake Leelanau,04/08/2002,
4115,1587,WAE,9319,Lake Leelanau,Central Lake Michigan Management Unit,Lake Leelanau,04/08/2002,
4115,1587,YEP,9319,Lake Leelanau,Central Lake Michigan Management Unit,Lake Leelanau,04/08/2002,
4115,1589,YEP,9319,Lake Leelanau,Central Lake Michigan Management Unit,Lake Leelanau,04/08/2002,
4115,1592,RKB,9319,Lake Leelanau,Central Lake Michigan Management Unit,Lake Leelanau,04/08/2002,
4115,1593,WAE,9319,Lake Leelanau,Central Lake Michigan Management Unit,Lake Leelanau,04/08/2002,
4115,1595,WAE,9319,Lake Leelanau,Central Lake Michigan Management Unit,Lake Leelanau,04/08/2002,
4115,1596,WAE,9319,Lake Leelanau,Central Lake Michigan Management Unit,Lake Leelanau,04/08/2002,
4115,1597,SMB,9319,Lake Leelanau,Central Lake Michigan Management Unit,Lake Leelanau,04/08/2002,
4115,1598,WAE,9319,Lake Leelanau,Central Lake Michigan Management Unit,Lake Leelanau,04/08/2002,
4115,1599,NOP,9319,Lake Leelanau,Central Lake Michigan Management Unit,Lake Leelanau,04/08/2002,
4115,1599,WAE,9319,Lake Leelanau,Central Lake Michigan Management Unit,Lake Leelanau,04/08/2002,
4115,1600,WAE,9319,Lake Leelanau,Central Lake Michigan Management Unit,Lake Leelanau,04/08/2002,
4115,1603,WAE,9319,Lake Leelanau,Central Lake Michigan Management Unit,Lake Leelanau,04/08/2002,
4115,1604,WAE,9319,Lake Leelanau,Central Lake Michigan Management Unit,Lake Leelanau,04/08/2002,
4115,1605,WAE,9319,Lake Leelanau,Central Lake Michigan Management Unit,Lake Leelanau,04/08/2002,
4115,1606,BLG,9319,Lake Leelanau,Central Lake Michigan Management Unit,Lake Leelanau,04/08/2002,
4115,1608,WAE,9319,Lake Leelanau,Central Lake Michigan Management Unit,Lake Leelanau,04/08/2002,
4115,1610,WAE,9319,Lake Leelanau,Central Lake Michigan Management Unit,Lake Leelanau,04/08/2002,
4115,1615,WAE,9319,Lake Leelanau,Central Lake Michigan Management Unit,Lake Leelanau,04/08/2002,
4115,1622,NOP,9319,Lake Leelanau,Central Lake Michigan Management Unit,Lake Leelanau,04/08/2002,
4115,1623,WAE,9319,Lake Leelanau,Central Lake Michigan Management Unit,Lake Leelanau,04/08/2002,
4115,1624,WAE,9319,Lake Leelanau,Central Lake Michigan Management Unit,Lake Leelanau,04/08/2002,
4115,1628,NOP,9319,Lake Leelanau,Central Lake Michigan Management Unit,Lake Leelanau,04/08/2002,
4115,1629,NOP,9319,Lake Leelanau,Central Lake Michigan Management Unit,Lake Leelanau,04/08/2002,
4115,1629,WAE,9319,Lake Leelanau,Central Lake Michigan Management Unit,Lake Leelanau,04/08/2002,
4115,1634,WAE,9319,Lake Leelanau,Central Lake Michigan Management Unit,Lake Leelanau,04/08/2002,
4115,1636,RKB,9319,Lake Leelanau,Central Lake Michigan Management Unit,Lake Leelanau,04/08/2002,
4115,1639,WAE,9319,Lake Leelanau,Central Lake Michigan Management Unit,Lake Leelanau,04/08/2002,
4115,1640,SMB,9319,Lake Leelanau,Central Lake Michigan Management Unit,Lake Leelanau,04/08/2002,
4115,1642,WAE,9319,Lake Leelanau,Central Lake Michigan Management Unit,Lake Leelanau,04/08/2002,
4115,1643,SMB,9319,Lake Leelanau,Central Lake Michigan Management Unit,Lake Leelanau,04/08/2002,
4115,1643,WAE,9319,Lake Leelanau,Central Lake Michigan Management Unit,Lake Leelanau,04/08/2002,
4115,1646,YEP,9319,Lake Leelanau,Central Lake Michigan Management Unit,Lake Leelanau,04/08/2002,
4115,1648,WAE,9319,Lake Leelanau,Central Lake Michigan Management Unit,Lake Leelanau,04/08/2002,
4115,1650,SMB,9319,Lake Leelanau,Central Lake Michigan Management Unit,Lake Leelanau,04/08/2002,
4115,1650,WAE,9319,Lake Leelanau,Central Lake Michigan Management Unit,Lake Leelanau,04/08/2002,
4115,1653,WAE,9319,Lake Leelanau,Central Lake Michigan Management Unit,Lake Leelanau,04/08/2002,
4115,1656,NOP,9319,Lake Leelanau,Central Lake Michigan Management Unit,Lake Leelanau,04/08/2002,
4115,1659,WAE,9319,Lake Leelanau,Central Lake Michigan Management Unit,Lake Leelanau,04/08/2002,
4116,1413,WAE,9318,North Lake Leelanau,Central Lake Michigan Management Unit,North Lake Leelanau,04/09/2002,
4116,1434,CWS,9318,North Lake Leelanau,Central Lake Michigan Management Unit,North Lake Leelanau,04/09/2002,
4116,1491,LHR,9318,North Lake Leelanau,Central Lake Michigan Management Unit,North Lake Leelanau,04/09/2002,
4116,1492,SMB,9318,North Lake Leelanau,Central Lake Michigan Management Unit,North Lake Leelanau,04/09/2002,
4117,202,CWS,9317,Burt Lake,Northern Lake Huron Management Unit,Burt Lake,04/19/2001,
4117,225,NOP,9317,Burt Lake,Northern Lake Huron Management Unit,Burt Lake,04/19/2001,
4117,225,WAE,9317,Burt Lake,Northern Lake Huron Management Unit,Burt Lake,04/19/2001,
4117,231,WAE,9317,Burt Lake,Northern Lake Huron Management Unit,Burt Lake,04/19/2001,
4117,236,WAE,9317,Burt Lake,Northern Lake Huron Management Unit,Burt Lake,04/19/2001,
4117,264,WAE,9317,Burt Lake,Northern Lake Huron Management Unit,Burt Lake,04/19/2001,
4117,273,WAE,9317,Burt Lake,Northern Lake Huron Management Unit,Burt Lake,04/19/2001,
4117,274,WAE,9317,Burt Lake,Northern Lake Huron Management Unit,Burt Lake,04/19/2001,
4117,281,NOP,9317,Burt Lake,Northern Lake Huron Management Unit,Burt Lake,04/19/2001,
4117,281,WAE,9317,Burt Lake,Northern Lake Huron Management Unit,Burt Lake,04/19/2001,
4117,287,WAE,9317,Burt Lake,Northern Lake Huron Management Unit,Burt Lake,04/19/2001,
4117,289,WAE,9317,Burt Lake,Northern Lake Huron Management Unit,Burt Lake,04/19/2001,
4117,293,WAE,9317,Burt Lake,Northern Lake Huron Management Unit,Burt Lake,04/19/2001,
4117,294,WAE,9317,Burt Lake,Northern Lake Huron Management Unit,Burt Lake,04/19/2001,
4117,295,WAE,9317,Burt Lake,Northern Lake Huron Management Unit,Burt Lake,04/19/2001,
4117,308,WAE,9317,Burt Lake,Northern Lake Huron Management Unit,Burt Lake,04/19/2001,
4117,309,WAE,9317,Burt Lake,Northern Lake Huron Management Unit,Burt Lake,04/19/2001,
4117,310,WAE,9317,Burt Lake,Northern Lake Huron Management Unit,Burt Lake,04/19/2001,
4117,313,WAE,9317,Burt Lake,Northern Lake Huron Management Unit,Burt Lake,04/19/2001,
4117,317,WAE,9317,Burt Lake,Northern Lake Huron Management Unit,Burt Lake,04/19/2001,
4117,334,WAE,9317,Burt Lake,Northern Lake Huron Management Unit,Burt Lake,04/19/2001,
4117,335,WAE,9317,Burt Lake,Northern Lake Huron Management Unit,Burt Lake,04/19/2001,
4117,339,RKB,9317,Burt Lake,Northern Lake Huron Management Unit,Burt Lake,04/19/2001,
4117,339,WAE,9317,Burt Lake,Northern Lake Huron Management Unit,Burt Lake,04/19/2001,
4117,342,WAE,9317,Burt Lake,Northern Lake Huron Management Unit,Burt Lake,04/19/2001,
4117,343,WAE,9317,Burt Lake,Northern Lake Huron Management Unit,Burt Lake,04/19/2001,
4117,344,WAE,9317,Burt Lake,Northern Lake Huron Management Unit,Burt Lake,04/19/2001,
4117,346,NOP,9317,Burt Lake,Northern Lake Huron Management Unit,Burt Lake,04/19/2001,
4117,346,WAE,9317,Burt Lake,Northern Lake Huron Management Unit,Burt Lake,04/19/2001,
4117,347,WAE,9317,Burt Lake,Northern Lake Huron Management Unit,Burt Lake,04/19/2001,
4117,349,WAE,9317,Burt Lake,Northern Lake Huron Management Unit,Burt Lake,04/19/2001,
4117,361,WAE,9317,Burt Lake,Northern Lake Huron Management Unit,Burt Lake,04/19/2001,
4117,366,WAE,9317,Burt Lake,Northern Lake Huron Management Unit,Burt Lake,04/19/2001,
4117,370,WAE,9317,Burt Lake,Northern Lake Huron Management Unit,Burt Lake,04/19/2001,
4117,372,WAE,9317,Burt Lake,Northern Lake Huron Management Unit,Burt Lake,04/19/2001,
4117,376,WAE,9317,Burt Lake,Northern Lake Huron Management Unit,Burt Lake,04/19/2001,
4117,379,SMB,9317,Burt Lake,Northern Lake Huron Management Unit,Burt Lake,04/19/2001,
4117,385,WAE,9317,Burt Lake,Northern Lake Huron Management Unit,Burt Lake,04/19/2001,
4117,396,SMB,9317,Burt Lake,Northern Lake Huron Management Unit,Burt Lake,04/19/2001,
4117,396,WAE,9317,Burt Lake,Northern Lake Huron Management Unit,Burt Lake,04/19/2001,
4117,397,WAE,9317,Burt Lake,Northern Lake Huron Management Unit,Burt Lake,04/19/2001,
4117,400,WAE,9317,Burt Lake,Northern Lake Huron Management Unit,Burt Lake,04/19/2001,
4117,402,WAE,9317,Burt Lake,Northern Lake Huron Management Unit,Burt Lake,04/19/2001,
4117,406,WAE,9317,Burt Lake,Northern Lake Huron Management Unit,Burt Lake,04/19/2001,
4117,407,WAE,9317,Burt Lake,Northern Lake Huron Management Unit,Burt Lake,04/19/2001,
4117,408,WAE,9317,Burt Lake,Northern Lake Huron Management Unit,Burt Lake,04/19/2001,
4117,421,WAE,9317,Burt Lake,Northern Lake Huron Management Unit,Burt Lake,04/19/2001,
4117,433,WAE,9317,Burt Lake,Northern Lake Huron Management Unit,Burt Lake,04/19/2001,
4117,434,WAE,9317,Burt Lake,Northern Lake Huron Management Unit,Burt Lake,04/19/2001,
4117,436,WAE,9317,Burt Lake,Northern Lake Huron Management Unit,Burt Lake,04/19/2001,
4117,438,WAE,9317,Burt Lake,Northern Lake Huron Management Unit,Burt Lake,04/19/2001,
4117,442,WAE,9317,Burt Lake,Northern Lake Huron Management Unit,Burt Lake,04/19/2001,
4117,444,WAE,9317,Burt Lake,Northern Lake Huron Management Unit,Burt Lake,04/19/2001,
4117,447,WAE,9317,Burt Lake,Northern Lake Huron Management Unit,Burt Lake,04/19/2001,
4117,457,WAE,9317,Burt Lake,Northern Lake Huron Management Unit,Burt Lake,04/19/2001,
4117,469,WAE,9317,Burt Lake,Northern Lake Huron Management Unit,Burt Lake,04/19/2001,
4117,472,WAE,9317,Burt Lake,Northern Lake Huron Management Unit,Burt Lake,04/19/2001,
4117,473,WAE,9317,Burt Lake,Northern Lake Huron Management Unit,Burt Lake,04/19/2001,
4117,478,WAE,9317,Burt Lake,Northern Lake Huron Management Unit,Burt Lake,04/19/2001,
4117,479,WAE,9317,Burt Lake,Northern Lake Huron Management Unit,Burt Lake,04/19/2001,
4117,480,WAE,9317,Burt Lake,Northern Lake Huron Management Unit,Burt Lake,04/19/2001,
4117,481,WAE,9317,Burt Lake,Northern Lake Huron Management Unit,Burt Lake,04/19/2001,
4117,483,WAE,9317,Burt Lake,Northern Lake Huron Management Unit,Burt Lake,04/19/2001,
4117,493,WAE,9317,Burt Lake,Northern Lake Huron Management Unit,Burt Lake,04/19/2001,
4117,506,WAE,9317,Burt Lake,Northern Lake Huron Management Unit,Burt Lake,04/19/2001,
4117,514,WAE,9317,Burt Lake,Northern Lake Huron Management Unit,Burt Lake,04/19/2001,
4117,516,WAE,9317,Burt Lake,Northern Lake Huron Management Unit,Burt Lake,04/19/2001,
4117,520,WAE,9317,Burt Lake,Northern Lake Huron Management Unit,Burt Lake,04/19/2001,
4117,530,NOP,9317,Burt Lake,Northern Lake Huron Management Unit,Burt Lake,04/19/2001,
4117,531,WAE,9317,Burt Lake,Northern Lake Huron Management Unit,Burt Lake,04/19/2001,
4117,533,NOP,9317,Burt Lake,Northern Lake Huron Management Unit,Burt Lake,04/19/2001,
4117,533,WAE,9317,Burt Lake,Northern Lake Huron Management Unit,Burt Lake,04/19/2001,
4117,534,WAE,9317,Burt Lake,Northern Lake Huron Management Unit,Burt Lake,04/19/2001,
4117,539,WAE,9317,Burt Lake,Northern Lake Huron Management Unit,Burt Lake,04/19/2001,
4117,540,WAE,9317,Burt Lake,Northern Lake Huron Management Unit,Burt Lake,04/19/2001,
4117,551,NOP,9317,Burt Lake,Northern Lake Huron Management Unit,Burt Lake,04/19/2001,
4117,555,WAE,9317,Burt Lake,Northern Lake Huron Management Unit,Burt Lake,04/19/2001,
4118,19,WAE,9316,Crooked Lake,Northern Lake Huron Management Unit,Crooked Lake,04/17/2001,
4118,25,CWS,9316,Crooked Lake,Northern Lake Huron Management Unit,Crooked Lake,04/17/2001,
4118,30,CWS,9316,Crooked Lake,Northern Lake Huron Management Unit,Crooked Lake,04/17/2001,
4118,31,CWS,9316,Crooked Lake,Northern Lake Huron Management Unit,Crooked Lake,04/17/2001,
4118,31,WAE,9316,Crooked Lake,Northern Lake Huron Management Unit,Crooked Lake,04/17/2001,
4118,39,WAE,9316,Crooked Lake,Northern Lake Huron Management Unit,Crooked Lake,04/17/2001,
4118,42,WAE,9316,Crooked Lake,Northern Lake Huron Management Unit,Crooked Lake,04/17/2001,
4118,44,CWS,9316,Crooked Lake,Northern Lake Huron Management Unit,Crooked Lake,04/17/2001,
4118,45,CWS,9316,Crooked Lake,Northern Lake Huron Management Unit,Crooked Lake,04/17/2001,
4119,116,WAE,9315,Pickerel Lake,Northern Lake Huron Management Unit,Pickerel Lake,04/17/2001,
4119,118,WAE,9315,Pickerel Lake,Northern Lake Huron Management Unit,Pickerel Lake,04/17/2001,
4119,119,WAE,9315,Pickerel Lake,Northern Lake Huron Management Unit,Pickerel Lake,04/17/2001,
4119,124,BLG,9315,Pickerel Lake,Northern Lake Huron Management Unit,Pickerel Lake,04/17/2001,
4119,153,WAE,9315,Pickerel Lake,Northern Lake Huron Management Unit,Pickerel Lake,04/17/2001,
4120,2127,CWS,9314,South Manistique Lake,Northern Lake Michigan Management Unit,South Manistique Lake,04/21/2003,
4120,2139,WAE,9314,South Manistique Lake,Northern Lake Michigan Management Unit,South Manistique Lake,04/21/2003,
4120,2140,WAE,9314,South Manistique Lake,Northern Lake Michigan Management Unit,South Manistique Lake,04/21/2003,
4120,2142,WAE,9314,South Manistique Lake,Northern Lake Michigan Management Unit,South Manistique Lake,04/21/2003,
4120,2143,WAE,9314,South Manistique Lake,Northern Lake Michigan Management Unit,South Manistique Lake,04/21/2003,
4120,2144,BLG,9314,South Manistique Lake,Northern Lake Michigan Management Unit,South Manistique Lake,04/21/2003,
4120,2144,CWS,9314,South Manistique Lake,Northern Lake Michigan Management Unit,South Manistique Lake,04/21/2003,
4120,2148,WAE,9314,South Manistique Lake,Northern Lake Michigan Management Unit,South Manistique Lake,04/21/2003,
4120,2155,WAE,9314,South Manistique Lake,Northern Lake Michigan Management Unit,South Manistique Lake,04/21/2003,
4120,2189,WAE,9314,South Manistique Lake,Northern Lake Michigan Management Unit,South Manistique Lake,04/21/2003,
4120,2191,WAE,9314,South Manistique Lake,Northern Lake Michigan Management Unit,South Manistique Lake,04/21/2003,
4120,2192,WAE,9314,South Manistique Lake,Northern Lake Michigan Management Unit,South Manistique Lake,04/21/2003,
4120,2193,WAE,9314,South Manistique Lake,Northern Lake Michigan Management Unit,South Manistique Lake,04/21/2003,
4120,2195,WAE,9314,South Manistique Lake,Northern Lake Michigan Management Unit,South Manistique Lake,04/21/2003,
4120,2196,WAE,9314,South Manistique Lake,Northern Lake Michigan Management Unit,South Manistique Lake,04/21/2003,
4120,2197,WAE,9314,South Manistique Lake,Northern Lake Michigan Management Unit,South Manistique Lake,04/21/2003,
4120,2200,WAE,9314,South Manistique Lake,Northern Lake Michigan Management Unit,South Manistique Lake,04/21/2003,
4120,2201,WAE,9314,South Manistique Lake,Northern Lake Michigan Management Unit,South Manistique Lake,04/21/2003,
4120,2202,WAE,9314,South Manistique Lake,Northern Lake Michigan Management Unit,South Manistique Lake,04/21/2003,
4120,2203,WAE,9314,South Manistique Lake,Northern Lake Michigan Management Unit,South Manistique Lake,04/21/2003,
4120,2204,WAE,9314,South Manistique Lake,Northern Lake Michigan Management Unit,South Manistique Lake,04/21/2003,
4120,2205,WAE,9314,South Manistique Lake,Northern Lake Michigan Management Unit,South Manistique Lake,04/21/2003,
4120,2206,WAE,9314,South Manistique Lake,Northern Lake Michigan Management Unit,South Manistique Lake,04/21/2003,
4120,2207,YEP,9314,South Manistique Lake,Northern Lake Michigan Management Unit,South Manistique Lake,04/21/2003,
4120,2208,WAE,9314,South Manistique Lake,Northern Lake Michigan Management Unit,South Manistique Lake,04/21/2003,
4120,2209,WAE,9314,South Manistique Lake,Northern Lake Michigan Management Unit,South Manistique Lake,04/21/2003,
4120,2210,WAE,9314,South Manistique Lake,Northern Lake Michigan Management Unit,South Manistique Lake,04/21/2003,
4120,2211,WAE,9314,South Manistique Lake,Northern Lake Michigan Management Unit,South Manistique Lake,04/21/2003,
4120,2212,WAE,9314,South Manistique Lake,Northern Lake Michigan Management Unit,South Manistique Lake,04/21/2003,
4120,2213,WAE,9314,South Manistique Lake,Northern Lake Michigan Management Unit,South Manistique Lake,04/21/2003,
4120,2214,WAE,9314,South Manistique Lake,Northern Lake Michigan Management Unit,South Manistique Lake,04/21/2003,
4120,2215,WAE,9314,South Manistique Lake,Northern Lake Michigan Management Unit,South Manistique Lake,04/21/2003,
4120,2216,WAE,9314,South Manistique Lake,Northern Lake Michigan Management Unit,South Manistique Lake,04/21/2003,
4120,2216,YEP,9314,South Manistique Lake,Northern Lake Michigan Management Unit,South Manistique Lake,04/21/2003,
4120,2217,WAE,9314,South Manistique Lake,Northern Lake Michigan Management Unit,South Manistique Lake,04/21/2003,
4120,2218,WAE,9314,South Manistique Lake,Northern Lake Michigan Management Unit,South Manistique Lake,04/21/2003,
4120,2219,WAE,9314,South Manistique Lake,Northern Lake Michigan Management Unit,South Manistique Lake,04/21/2003,
4120,2220,WAE,9314,South Manistique Lake,Northern Lake Michigan Management Unit,South Manistique Lake,04/21/2003,
4120,2221,WAE,9314,South Manistique Lake,Northern Lake Michigan Management Unit,South Manistique Lake,04/21/2003,
4120,2222,WAE,9314,South Manistique Lake,Northern Lake Michigan Management Unit,South Manistique Lake,04/21/2003,
4120,2223,WAE,9314,South Manistique Lake,Northern Lake Michigan Management Unit,South Manistique Lake,04/21/2003,
4120,2224,WAE,9314,South Manistique Lake,Northern Lake Michigan Management Unit,South Manistique Lake,04/21/2003,
4120,2225,WAE,9314,South Manistique Lake,Northern Lake Michigan Management Unit,South Manistique Lake,04/21/2003,
4120,2226,YEP,9314,South Manistique Lake,Northern Lake Michigan Management Unit,South Manistique Lake,04/21/2003,
4120,2227,WAE,9314,South Manistique Lake,Northern Lake Michigan Management Unit,South Manistique Lake,04/21/2003,
4120,2228,WAE,9314,South Manistique Lake,Northern Lake Michigan Management Unit,South Manistique Lake,04/21/2003,
4120,2230,WAE,9314,South Manistique Lake,Northern Lake Michigan Management Unit,South Manistique Lake,04/21/2003,
4120,2231,WAE,9314,South Manistique Lake,Northern Lake Michigan Management Unit,South Manistique Lake,04/21/2003,
4120,2232,WAE,9314,South Manistique Lake,Northern Lake Michigan Management Unit,South Manistique Lake,04/21/2003,
4120,2233,WAE,9314,South Manistique Lake,Northern Lake Michigan Management Unit,South Manistique Lake,04/21/2003,
4120,2234,NOP,9314,South Manistique Lake,Northern Lake Michigan Management Unit,South Manistique Lake,04/21/2003,
4120,2234,WAE,9314,South Manistique Lake,Northern Lake Michigan Management Unit,South Manistique Lake,04/21/2003,
4120,2235,WAE,9314,South Manistique Lake,Northern Lake Michigan Management Unit,South Manistique Lake,04/21/2003,
4120,2236,BLG,9314,South Manistique Lake,Northern Lake Michigan Management Unit,South Manistique Lake,04/21/2003,
4120,2238,WAE,9314,South Manistique Lake,Northern Lake Michigan Management Unit,South Manistique Lake,04/21/2003,
4120,2239,WAE,9314,South Manistique Lake,Northern Lake Michigan Management Unit,South Manistique Lake,04/21/2003,
4120,2240,WAE,9314,South Manistique Lake,Northern Lake Michigan Management Unit,South Manistique Lake,04/21/2003,
4120,2241,WAE,9314,South Manistique Lake,Northern Lake Michigan Management Unit,South Manistique Lake,04/21/2003,
4120,2242,WAE,9314,South Manistique Lake,Northern Lake Michigan Management Unit,South Manistique Lake,04/21/2003,
4120,2243,WAE,9314,South Manistique Lake,Northern Lake Michigan Management Unit,South Manistique Lake,04/21/2003,
4120,2244,WAE,9314,South Manistique Lake,Northern Lake Michigan Management Unit,South Manistique Lake,04/21/2003,
4120,2245,RKB,9314,South Manistique Lake,Northern Lake Michigan Management Unit,South Manistique Lake,04/21/2003,
4120,2245,WAE,9314,South Manistique Lake,Northern Lake Michigan Management Unit,South Manistique Lake,04/21/2003,
4120,2246,WAE,9314,South Manistique Lake,Northern Lake Michigan Management Unit,South Manistique Lake,04/21/2003,
4120,2247,WAE,9314,South Manistique Lake,Northern Lake Michigan Management Unit,South Manistique Lake,04/21/2003,
4120,2248,WAE,9314,South Manistique Lake,Northern Lake Michigan Management Unit,South Manistique Lake,04/21/2003,
4120,2249,WAE,9314,South Manistique Lake,Northern Lake Michigan Management Unit,South Manistique Lake,04/21/2003,
4120,2250,WAE,9314,South Manistique Lake,Northern Lake Michigan Management Unit,South Manistique Lake,04/21/2003,
4120,2251,WAE,9314,South Manistique Lake,Northern Lake Michigan Management Unit,South Manistique Lake,04/21/2003,
4120,2252,WAE,9314,South Manistique Lake,Northern Lake Michigan Management Unit,South Manistique Lake,04/21/2003,
4120,2253,WAE,9314,South Manistique Lake,Northern Lake Michigan Management Unit,South Manistique Lake,04/21/2003,
4120,2254,WAE,9314,South Manistique Lake,Northern Lake Michigan Management Unit,South Manistique Lake,04/21/2003,
4120,2256,WAE,9314,South Manistique Lake,Northern Lake Michigan Management Unit,South Manistique Lake,04/21/2003,
4120,2257,WAE,9314,South Manistique Lake,Northern Lake Michigan Management Unit,South Manistique Lake,04/21/2003,
4120,2258,WAE,9314,South Manistique Lake,Northern Lake Michigan Management Unit,South Manistique Lake,04/21/2003,
4120,2259,WAE,9314,South Manistique Lake,Northern Lake Michigan Management Unit,South Manistique Lake,04/21/2003,
4120,2260,WAE,9314,South Manistique Lake,Northern Lake Michigan Management Unit,South Manistique Lake,04/21/2003,
4120,2261,WAE,9314,South Manistique Lake,Northern Lake Michigan Management Unit,South Manistique Lake,04/21/2003,
4120,2262,WAE,9314,South Manistique Lake,Northern Lake Michigan Management Unit,South Manistique Lake,04/21/2003,
4120,2263,BLB,9314,South Manistique Lake,Northern Lake Michigan Management Unit,South Manistique Lake,04/21/2003,
4120,2263,WAE,9314,South Manistique Lake,Northern Lake Michigan Management Unit,South Manistique Lake,04/21/2003,
4120,2264,WAE,9314,South Manistique Lake,Northern Lake Michigan Management Unit,South Manistique Lake,04/21/2003,
4120,2265,WAE,9314,South Manistique Lake,Northern Lake Michigan Management Unit,South Manistique Lake,04/21/2003,
4120,2266,YEP,9314,South Manistique Lake,Northern Lake Michigan Management Unit,South Manistique Lake,04/21/2003,
4120,2267,WAE,9314,South Manistique Lake,Northern Lake Michigan Management Unit,South Manistique Lake,04/21/2003,
4120,2268,WAE,9314,South Manistique Lake,Northern Lake Michigan Management Unit,South Manistique Lake,04/21/2003,
4120,2269,WAE,9314,South Manistique Lake,Northern Lake Michigan Management Unit,South Manistique Lake,04/21/2003,
4120,2270,WAE,9314,South Manistique Lake,Northern Lake Michigan Management Unit,South Manistique Lake,04/21/2003,
4120,2272,WAE,9314,South Manistique Lake,Northern Lake Michigan Management Unit,South Manistique Lake,04/21/2003,
4120,2273,WAE,9314,South Manistique Lake,Northern Lake Michigan Management Unit,South Manistique Lake,04/21/2003,
4120,2274,WAE,9314,South Manistique Lake,Northern Lake Michigan Management Unit,South Manistique Lake,04/21/2003,
4120,2275,NOP,9314,South Manistique Lake,Northern Lake Michigan Management Unit,South Manistique Lake,04/21/2003,
4120,2275,WAE,9314,South Manistique Lake,Northern Lake Michigan Management Unit,South Manistique Lake,04/21/2003,
4120,2276,YEP,9314,South Manistique Lake,Northern Lake Michigan Management Unit,South Manistique Lake,04/21/2003,
4120,2277,WAE,9314,South Manistique Lake,Northern Lake Michigan Management Unit,South Manistique Lake,04/21/2003,
4120,2278,WAE,9314,South Manistique Lake,Northern Lake Michigan Management Unit,South Manistique Lake,04/21/2003,
4120,2279,WAE,9314,South Manistique Lake,Northern Lake Michigan Management Unit,South Manistique Lake,04/21/2003,
4120,2280,WAE,9314,South Manistique Lake,Northern Lake Michigan Management Unit,South Manistique Lake,04/21/2003,
4120,2281,WAE,9314,South Manistique Lake,Northern Lake Michigan Management Unit,South Manistique Lake,04/21/2003,
4120,2282,BLG,9314,South Manistique Lake,Northern Lake Michigan Management Unit,South Manistique Lake,04/21/2003,
4120,2282,WAE,9314,South Manistique Lake,Northern Lake Michigan Management Unit,South Manistique Lake,04/21/2003,
4120,2283,WAE,9314,South Manistique Lake,Northern Lake Michigan Management Unit,South Manistique Lake,04/21/2003,
4120,2284,WAE,9314,South Manistique Lake,Northern Lake Michigan Management Unit,South Manistique Lake,04/21/2003,
4120,2285,WAE,9314,South Manistique Lake,Northern Lake Michigan Management Unit,South Manistique Lake,04/21/2003,
4120,2286,WAE,9314,South Manistique Lake,Northern Lake Michigan Management Unit,South Manistique Lake,04/21/2003,
4120,2287,WAE,9314,South Manistique Lake,Northern Lake Michigan Management Unit,South Manistique Lake,04/21/2003,
4120,2288,WAE,9314,South Manistique Lake,Northern Lake Michigan Management Unit,South Manistique Lake,04/21/2003,
4120,2289,WAE,9314,South Manistique Lake,Northern Lake Michigan Management Unit,South Manistique Lake,04/21/2003,
4120,2290,WAE,9314,South Manistique Lake,Northern Lake Michigan Management Unit,South Manistique Lake,04/21/2003,
4120,2291,WAE,9314,South Manistique Lake,Northern Lake Michigan Management Unit,South Manistique Lake,04/21/2003,
4120,2292,WAE,9314,South Manistique Lake,Northern Lake Michigan Management Unit,South Manistique Lake,04/21/2003,
4120,2293,WAE,9314,South Manistique Lake,Northern Lake Michigan Management Unit,South Manistique Lake,04/21/2003,
4120,2294,WAE,9314,South Manistique Lake,Northern Lake Michigan Management Unit,South Manistique Lake,04/21/2003,
4120,2295,WAE,9314,South Manistique Lake,Northern Lake Michigan Management Unit,South Manistique Lake,04/21/2003,
4120,2313,SMB,9314,South Manistique Lake,Northern Lake Michigan Management Unit,South Manistique Lake,04/21/2003,
4120,2313,WAE,9314,South Manistique Lake,Northern Lake Michigan Management Unit,South Manistique Lake,04/21/2003,
4120,2314,MUS NO,9314,South Manistique Lake,Northern Lake Michigan Management Unit,South Manistique Lake,04/21/2003,
4120,2314,NOP,9314,South Manistique Lake,Northern Lake Michigan Management Unit,South Manistique Lake,04/21/2003,
4120,2314,SMB,9314,South Manistique Lake,Northern Lake Michigan Management Unit,South Manistique Lake,04/21/2003,
4120,2314,WAE,9314,South Manistique Lake,Northern Lake Michigan Management Unit,South Manistique Lake,04/21/2003,
4121,2177,NOP,9313,Manistique Lake,Northern Lake Michigan Management Unit,Manistique Lake,04/22/2003,
4121,2185,WAE,9313,Manistique Lake,Northern Lake Michigan Management Unit,Manistique Lake,04/22/2003,
4121,2186,WAE,9313,Manistique Lake,Northern Lake Michigan Management Unit,Manistique Lake,04/22/2003,
4121,2188,WAE,9313,Manistique Lake,Northern Lake Michigan Management Unit,Manistique Lake,04/22/2003,
4121,2296,WAE,9313,Manistique Lake,Northern Lake Michigan Management Unit,Manistique Lake,04/22/2003,
4121,2297,WAE,9313,Manistique Lake,Northern Lake Michigan Management Unit,Manistique Lake,04/22/2003,
4121,2298,CWS,9313,Manistique Lake,Northern Lake Michigan Management Unit,Manistique Lake,04/22/2003,
4121,2299,SHR,9313,Manistique Lake,Northern Lake Michigan Management Unit,Manistique Lake,04/22/2003,
4121,2300,WAE,9313,Manistique Lake,Northern Lake Michigan Management Unit,Manistique Lake,04/22/2003,
4121,2301,WAE,9313,Manistique Lake,Northern Lake Michigan Management Unit,Manistique Lake,04/22/2003,
4121,2303,WAE,9313,Manistique Lake,Northern Lake Michigan Management Unit,Manistique Lake,04/22/2003,
4121,2307,WAE,9313,Manistique Lake,Northern Lake Michigan Management Unit,Manistique Lake,04/22/2003,
4121,2308,WAE,9313,Manistique Lake,Northern Lake Michigan Management Unit,Manistique Lake,04/22/2003,
4121,2309,WAE,9313,Manistique Lake,Northern Lake Michigan Management Unit,Manistique Lake,04/22/2003,
4121,2310,WAE,9313,Manistique Lake,Northern Lake Michigan Management Unit,Manistique Lake,04/22/2003,
4121,2311,SHR,9313,Manistique Lake,Northern Lake Michigan Management Unit,Manistique Lake,04/22/2003,
4121,2311,SIR,9313,Manistique Lake,Northern Lake Michigan Management Unit,Manistique Lake,04/22/2003,
4121,2311,WAE,9313,Manistique Lake,Northern Lake Michigan Management Unit,Manistique Lake,04/22/2003,
4121,2312,WAE,9313,Manistique Lake,Northern Lake Michigan Management Unit,Manistique Lake,04/22/2003,
4121,2389,WAE,9313,Manistique Lake,Northern Lake Michigan Management Unit,Manistique Lake,04/22/2003,
4121,2390,WAE,9313,Manistique Lake,Northern Lake Michigan Management Unit,Manistique Lake,04/22/2003,
4121,2391,WAE,9313,Manistique Lake,Northern Lake Michigan Management Unit,Manistique Lake,04/22/2003,
4121,2392,WAE,9313,Manistique Lake,Northern Lake Michigan Management Unit,Manistique Lake,04/22/2003,
4121,2393,WAE,9313,Manistique Lake,Northern Lake Michigan Management Unit,Manistique Lake,04/22/2003,
4121,2395,WAE,9313,Manistique Lake,Northern Lake Michigan Management Unit,Manistique Lake,04/22/2003,
4121,2396,WAE,9313,Manistique Lake,Northern Lake Michigan Management Unit,Manistique Lake,04/22/2003,
4121,2399,YEP,9313,Manistique Lake,Northern Lake Michigan Management Unit,Manistique Lake,04/22/2003,
4121,2401,WAE,9313,Manistique Lake,Northern Lake Michigan Management Unit,Manistique Lake,04/22/2003,
4121,2404,CWS,9313,Manistique Lake,Northern Lake Michigan Management Unit,Manistique Lake,04/22/2003,
4121,2405,CWS,9313,Manistique Lake,Northern Lake Michigan Management Unit,Manistique Lake,04/22/2003,
4121,2407,WAE,9313,Manistique Lake,Northern Lake Michigan Management Unit,Manistique Lake,04/22/2003,
4121,2408,WAE,9313,Manistique Lake,Northern Lake Michigan Management Unit,Manistique Lake,04/22/2003,
4121,2409,WAE,9313,Manistique Lake,Northern Lake Michigan Management Unit,Manistique Lake,04/22/2003,
4121,2413,CWS,9313,Manistique Lake,Northern Lake Michigan Management Unit,Manistique Lake,04/22/2003,
4121,2413,WAE,9313,Manistique Lake,Northern Lake Michigan Management Unit,Manistique Lake,04/22/2003,
4121,2414,WAE,9313,Manistique Lake,Northern Lake Michigan Management Unit,Manistique Lake,04/22/2003,
4121,2415,WAE,9313,Manistique Lake,Northern Lake Michigan Management Unit,Manistique Lake,04/22/2003,
4121,2416,WAE,9313,Manistique Lake,Northern Lake Michigan Management Unit,Manistique Lake,04/22/2003,
4121,2417,WAE,9313,Manistique Lake,Northern Lake Michigan Management Unit,Manistique Lake,04/22/2003,
4121,2418,WAE,9313,Manistique Lake,Northern Lake Michigan Management Unit,Manistique Lake,04/22/2003,
4121,2419,WAE,9313,Manistique Lake,Northern Lake Michigan Management Unit,Manistique Lake,04/22/2003,
4121,2420,WAE,9313,Manistique Lake,Northern Lake Michigan Management Unit,Manistique Lake,04/22/2003,
4121,2421,WAE,9313,Manistique Lake,Northern Lake Michigan Management Unit,Manistique Lake,04/22/2003,
4121,2422,WAE,9313,Manistique Lake,Northern Lake Michigan Management Unit,Manistique Lake,04/22/2003,
4121,2423,WAE,9313,Manistique Lake,Northern Lake Michigan Management Unit,Manistique Lake,04/22/2003,
4121,2424,WAE,9313,Manistique Lake,Northern Lake Michigan Management Unit,Manistique Lake,04/22/2003,
4121,2425,WAE,9313,Manistique Lake,Northern Lake Michigan Management Unit,Manistique Lake,04/22/2003,
4121,2426,WAE,9313,Manistique Lake,Northern Lake Michigan Management Unit,Manistique Lake,04/22/2003,
4121,2427,WAE,9313,Manistique Lake,Northern Lake Michigan Management Unit,Manistique Lake,04/22/2003,
4121,2428,WAE,9313,Manistique Lake,Northern Lake Michigan Management Unit,Manistique Lake,04/22/2003,
4121,2431,WAE,9313,Manistique Lake,Northern Lake Michigan Management Unit,Manistique Lake,04/22/2003,
4121,2432,WAE,9313,Manistique Lake,Northern Lake Michigan Management Unit,Manistique Lake,04/22/2003,
4121,2433,WAE,9313,Manistique Lake,Northern Lake Michigan Management Unit,Manistique Lake,04/22/2003,
4121,2436,WAE,9313,Manistique Lake,Northern Lake Michigan Management Unit,Manistique Lake,04/22/2003,
4121,2437,WAE,9313,Manistique Lake,Northern Lake Michigan Management Unit,Manistique Lake,04/22/2003,
4121,2438,WAE,9313,Manistique Lake,Northern Lake Michigan Management Unit,Manistique Lake,04/22/2003,
4121,2439,WAE,9313,Manistique Lake,Northern Lake Michigan Management Unit,Manistique Lake,04/22/2003,
4121,2440,WAE,9313,Manistique Lake,Northern Lake Michigan Management Unit,Manistique Lake,04/22/2003,
4121,2441,WAE,9313,Manistique Lake,Northern Lake Michigan Management Unit,Manistique Lake,04/22/2003,
4121,2442,WAE,9313,Manistique Lake,Northern Lake Michigan Management Unit,Manistique Lake,04/22/2003,
4121,2443,WAE,9313,Manistique Lake,Northern Lake Michigan Management Unit,Manistique Lake,04/22/2003,
4121,2444,WAE,9313,Manistique Lake,Northern Lake Michigan Management Unit,Manistique Lake,04/22/2003,
4121,2445,WAE,9313,Manistique Lake,Northern Lake Michigan Management Unit,Manistique Lake,04/22/2003,
4121,2446,WAE,9313,Manistique Lake,Northern Lake Michigan Management Unit,Manistique Lake,04/22/2003,
4121,2447,WAE,9313,Manistique Lake,Northern Lake Michigan Management Unit,Manistique Lake,04/22/2003,
4121,2448,WAE,9313,Manistique Lake,Northern Lake Michigan Management Unit,Manistique Lake,04/22/2003,
4121,2449,WAE,9313,Manistique Lake,Northern Lake Michigan Management Unit,Manistique Lake,04/22/2003,
4121,2451,WAE,9313,Manistique Lake,Northern Lake Michigan Management Unit,Manistique Lake,04/22/2003,
4121,2453,WAE,9313,Manistique Lake,Northern Lake Michigan Management Unit,Manistique Lake,04/22/2003,
4121,2454,WAE,9313,Manistique Lake,Northern Lake Michigan Management Unit,Manistique Lake,04/22/2003,
4121,2455,WAE,9313,Manistique Lake,Northern Lake Michigan Management Unit,Manistique Lake,04/22/2003,
4121,2456,WAE,9313,Manistique Lake,Northern Lake Michigan Management Unit,Manistique Lake,04/22/2003,
4121,2457,WAE,9313,Manistique Lake,Northern Lake Michigan Management Unit,Manistique Lake,04/22/2003,
4121,2458,WAE,9313,Manistique Lake,Northern Lake Michigan Management Unit,Manistique Lake,04/22/2003,
4121,2459,WAE,9313,Manistique Lake,Northern Lake Michigan Management Unit,Manistique Lake,04/22/2003,
4121,2460,WAE,9313,Manistique Lake,Northern Lake Michigan Management Unit,Manistique Lake,04/22/2003,
4121,2461,WAE,9313,Manistique Lake,Northern Lake Michigan Management Unit,Manistique Lake,04/22/2003,
4121,2462,WAE,9313,Manistique Lake,Northern Lake Michigan Management Unit,Manistique Lake,04/22/2003,
4121,2463,WAE,9313,Manistique Lake,Northern Lake Michigan Management Unit,Manistique Lake,04/22/2003,
4121,2464,WAE,9313,Manistique Lake,Northern Lake Michigan Management Unit,Manistique Lake,04/22/2003,
4121,2466,WAE,9313,Manistique Lake,Northern Lake Michigan Management Unit,Manistique Lake,04/22/2003,
4121,2467,WAE,9313,Manistique Lake,Northern Lake Michigan Management Unit,Manistique Lake,04/22/2003,
4121,2468,WAE,9313,Manistique Lake,Northern Lake Michigan Management Unit,Manistique Lake,04/22/2003,
4121,2469,WAE,9313,Manistique Lake,Northern Lake Michigan Management Unit,Manistique Lake,04/22/2003,
4121,2470,WAE,9313,Manistique Lake,Northern Lake Michigan Management Unit,Manistique Lake,04/22/2003,
4121,2474,WAE,9313,Manistique Lake,Northern Lake Michigan Management Unit,Manistique Lake,04/22/2003,
4121,2475,NOP,9313,Manistique Lake,Northern Lake Michigan Management Unit,Manistique Lake,04/22/2003,
4121,2475,WAE,9313,Manistique Lake,Northern Lake Michigan Management Unit,Manistique Lake,04/22/2003,
4121,2476,WAE,9313,Manistique Lake,Northern Lake Michigan Management Unit,Manistique Lake,04/22/2003,
4121,2477,WAE,9313,Manistique Lake,Northern Lake Michigan Management Unit,Manistique Lake,04/22/2003,
4121,2478,WAE,9313,Manistique Lake,Northern Lake Michigan Management Unit,Manistique Lake,04/22/2003,
4121,2482,WAE,9313,Manistique Lake,Northern Lake Michigan Management Unit,Manistique Lake,04/22/2003,
4121,2483,SMB,9313,Manistique Lake,Northern Lake Michigan Management Unit,Manistique Lake,04/22/2003,
4121,2486,WAE,9313,Manistique Lake,Northern Lake Michigan Management Unit,Manistique Lake,04/22/2003,
4121,2487,WAE,9313,Manistique Lake,Northern Lake Michigan Management Unit,Manistique Lake,04/22/2003,
4121,2491,WAE,9313,Manistique Lake,Northern Lake Michigan Management Unit,Manistique Lake,04/22/2003,
4121,2492,WAE,9313,Manistique Lake,Northern Lake Michigan Management Unit,Manistique Lake,04/22/2003,
4121,2493,WAE,9313,Manistique Lake,Northern Lake Michigan Management Unit,Manistique Lake,04/22/2003,
4121,2494,WAE,9313,Manistique Lake,Northern Lake Michigan Management Unit,Manistique Lake,04/22/2003,
4121,2495,WAE,9313,Manistique Lake,Northern Lake Michigan Management Unit,Manistique Lake,04/22/2003,
4121,2496,WAE,9313,Manistique Lake,Northern Lake Michigan Management Unit,Manistique Lake,04/22/2003,
4121,2497,WAE,9313,Manistique Lake,Northern Lake Michigan Management Unit,Manistique Lake,04/22/2003,
4121,2498,WAE,9313,Manistique Lake,Northern Lake Michigan Management Unit,Manistique Lake,04/22/2003,
4121,2499,WAE,9313,Manistique Lake,Northern Lake Michigan Management Unit,Manistique Lake,04/22/2003,
4121,2500,WAE,9313,Manistique Lake,Northern Lake Michigan Management Unit,Manistique Lake,04/22/2003,
4121,2501,WAE,9313,Manistique Lake,Northern Lake Michigan Management Unit,Manistique Lake,04/22/2003,
4121,2502,WAE,9313,Manistique Lake,Northern Lake Michigan Management Unit,Manistique Lake,04/22/2003,
4121,2512,WAE,9313,Manistique Lake,Northern Lake Michigan Management Unit,Manistique Lake,04/22/2003,
4121,2514,WAE,9313,Manistique Lake,Northern Lake Michigan Management Unit,Manistique Lake,04/22/2003,
4121,2515,WAE,9313,Manistique Lake,Northern Lake Michigan Management Unit,Manistique Lake,04/22/2003,
4121,2516,WAE,9313,Manistique Lake,Northern Lake Michigan Management Unit,Manistique Lake,04/22/2003,
4121,2517,WAE,9313,Manistique Lake,Northern Lake Michigan Management Unit,Manistique Lake,04/22/2003,
4121,2518,WAE,9313,Manistique Lake,Northern Lake Michigan Management Unit,Manistique Lake,04/22/2003,
4121,2519,WAE,9313,Manistique Lake,Northern Lake Michigan Management Unit,Manistique Lake,04/22/2003,
4121,2520,WAE,9313,Manistique Lake,Northern Lake Michigan Management Unit,Manistique Lake,04/22/2003,
4121,2521,WAE,9313,Manistique Lake,Northern Lake Michigan Management Unit,Manistique Lake,04/22/2003,
4121,2522,WAE,9313,Manistique Lake,Northern Lake Michigan Management Unit,Manistique Lake,04/22/2003,
4121,2523,WAE,9313,Manistique Lake,Northern Lake Michigan Management Unit,Manistique Lake,04/22/2003,
4121,2524,WAE,9313,Manistique Lake,Northern Lake Michigan Management Unit,Manistique Lake,04/22/2003,
4121,2526,WAE,9313,Manistique Lake,Northern Lake Michigan Management Unit,Manistique Lake,04/22/2003,
4121,2527,WAE,9313,Manistique Lake,Northern Lake Michigan Management Unit,Manistique Lake,04/22/2003,
4121,2528,WAE,9313,Manistique Lake,Northern Lake Michigan Management Unit,Manistique Lake,04/22/2003,
4121,2529,WAE,9313,Manistique Lake,Northern Lake Michigan Management Unit,Manistique Lake,04/22/2003,
4121,2530,WAE,9313,Manistique Lake,Northern Lake Michigan Management Unit,Manistique Lake,04/22/2003,
4121,2531,WAE,9313,Manistique Lake,Northern Lake Michigan Management Unit,Manistique Lake,04/22/2003,
4121,2532,WAE,9313,Manistique Lake,Northern Lake Michigan Management Unit,Manistique Lake,04/22/2003,
4121,2533,WAE,9313,Manistique Lake,Northern Lake Michigan Management Unit,Manistique Lake,04/22/2003,
4121,2534,WAE,9313,Manistique Lake,Northern Lake Michigan Management Unit,Manistique Lake,04/22/2003,
4121,2535,WAE,9313,Manistique Lake,Northern Lake Michigan Management Unit,Manistique Lake,04/22/2003,
4121,2536,WAE,9313,Manistique Lake,Northern Lake Michigan Management Unit,Manistique Lake,04/22/2003,
4121,2538,WAE,9313,Manistique Lake,Northern Lake Michigan Management Unit,Manistique Lake,04/22/2003,
4122,1815,NOP,9312,Thousand Island Lake,Western Lake Superior Management Unit,Thousand Island Lake,04/23/2002,
4122,1937,WAE,9312,Thousand Island Lake,Western Lake Superior Management Unit,Thousand Island Lake,04/23/2002,
4122,1941,WAE,9312,Thousand Island Lake,Western Lake Superior Management Unit,Thousand Island Lake,04/23/2002,
4122,1943,NOP,9312,Thousand Island Lake,Western Lake Superior Management Unit,Thousand Island Lake,04/23/2002,
4122,1944,WAE,9312,Thousand Island Lake,Western Lake Superior Management Unit,Thousand Island Lake,04/23/2002,
4122,1945,WAE,9312,Thousand Island Lake,Western Lake Superior Management Unit,Thousand Island Lake,04/23/2002,
4122,1946,WAE,9312,Thousand Island Lake,Western Lake Superior Management Unit,Thousand Island Lake,04/23/2002,
4122,1947,NOP,9312,Thousand Island Lake,Western Lake Superior Management Unit,Thousand Island Lake,04/23/2002,
4122,1949,WAE,9312,Thousand Island Lake,Western Lake Superior Management Unit,Thousand Island Lake,04/23/2002,
4122,1988,NOP,9312,Thousand Island Lake,Western Lake Superior Management Unit,Thousand Island Lake,04/23/2002,
4122,1988,WAE,9312,Thousand Island Lake,Western Lake Superior Management Unit,Thousand Island Lake,04/23/2002,
4122,1989,WAE,9312,Thousand Island Lake,Western Lake Superior Management Unit,Thousand Island Lake,04/23/2002,
4122,2029,WAE,9312,Thousand Island Lake,Western Lake Superior Management Unit,Thousand Island Lake,04/23/2002,
4122,2033,WAE,9312,Thousand Island Lake,Western Lake Superior Management Unit,Thousand Island Lake,04/23/2002,
4122,2037,WAE,9312,Thousand Island Lake,Western Lake Superior Management Unit,Thousand Island Lake,04/23/2002,
4122,2045,WAE,9312,Thousand Island Lake,Western Lake Superior Management Unit,Thousand Island Lake,04/23/2002,
4122,2093,WAE,9312,Thousand Island Lake,Western Lake Superior Management Unit,Thousand Island Lake,04/23/2002,
4122,2103,WAE,9312,Thousand Island Lake,Western Lake Superior Management Unit,Thousand Island Lake,04/23/2002,
4122,2104,WAE,9312,Thousand Island Lake,Western Lake Superior Management Unit,Thousand Island Lake,04/23/2002,
4122,2105,WAE,9312,Thousand Island Lake,Western Lake Superior Management Unit,Thousand Island Lake,04/23/2002,
4122,2106,WAE,9312,Thousand Island Lake,Western Lake Superior Management Unit,Thousand Island Lake,04/23/2002,
4122,2107,WAE,9312,Thousand Island Lake,Western Lake Superior Management Unit,Thousand Island Lake,04/23/2002,
4122,2108,NOP,9312,Thousand Island Lake,Western Lake Superior Management Unit,Thousand Island Lake,04/23/2002,
4122,2108,WAE,9312,Thousand Island Lake,Western Lake Superior Management Unit,Thousand Island Lake,04/23/2002,
4122,2112,WAE,9312,Thousand Island Lake,Western Lake Superior Management Unit,Thousand Island Lake,04/23/2002,
4122,2113,WAE,9312,Thousand Island Lake,Western Lake Superior Management Unit,Thousand Island Lake,04/23/2002,
4122,2114,WAE,9312,Thousand Island Lake,Western Lake Superior Management Unit,Thousand Island Lake,04/23/2002,
4122,2115,WAE,9312,Thousand Island Lake,Western Lake Superior Management Unit,Thousand Island Lake,04/23/2002,
4122,2116,WAE,9312,Thousand Island Lake,Western Lake Superior Management Unit,Thousand Island Lake,04/23/2002,
4122,2117,WAE,9312,Thousand Island Lake,Western Lake Superior Management Unit,Thousand Island Lake,04/23/2002,
4122,2118,WAE,9312,Thousand Island Lake,Western Lake Superior Management Unit,Thousand Island Lake,04/23/2002,
4122,2119,WAE,9312,Thousand Island Lake,Western Lake Superior Management Unit,Thousand Island Lake,04/23/2002,
4123,1673,RKB,9311,Cisco Lake,Western Lake Superior Management Unit,Cisco Lake,04/22/2002,
4123,1677,BLG,9311,Cisco Lake,Western Lake Superior Management Unit,Cisco Lake,04/22/2002,
4123,1677,YEP,9311,Cisco Lake,Western Lake Superior Management Unit,Cisco Lake,04/22/2002,
4123,1835,RKB,9311,Cisco Lake,Western Lake Superior Management Unit,Cisco Lake,04/22/2002,
4123,1905,NOP,9311,Cisco Lake,Western Lake Superior Management Unit,Cisco Lake,04/22/2002,
4123,1905,RKB,9311,Cisco Lake,Western Lake Superior Management Unit,Cisco Lake,04/22/2002,
4123,1906,NOP,9311,Cisco Lake,Western Lake Superior Management Unit,Cisco Lake,04/22/2002,
4123,1907,NOP,9311,Cisco Lake,Western Lake Superior Management Unit,Cisco Lake,04/22/2002,
4123,1910,NOP,9311,Cisco Lake,Western Lake Superior Management Unit,Cisco Lake,04/22/2002,
4123,1960,NOP,9311,Cisco Lake,Western Lake Superior Management Unit,Cisco Lake,04/22/2002,
4123,1963,NOP,9311,Cisco Lake,Western Lake Superior Management Unit,Cisco Lake,04/22/2002,
4123,1996,NOP,9311,Cisco Lake,Western Lake Superior Management Unit,Cisco Lake,04/22/2002,
4123,1999,NOP,9311,Cisco Lake,Western Lake Superior Management Unit,Cisco Lake,04/22/2002,
4123,2008,WAE,9311,Cisco Lake,Western Lake Superior Management Unit,Cisco Lake,04/22/2002,
4123,2055,WAE,9311,Cisco Lake,Western Lake Superior Management Unit,Cisco Lake,04/22/2002,
4123,2056,NOP,9311,Cisco Lake,Western Lake Superior Management Unit,Cisco Lake,04/22/2002,
4123,2068,NOP,9311,Cisco Lake,Western Lake Superior Management Unit,Cisco Lake,04/22/2002,
4123,2068,SMB,9311,Cisco Lake,Western Lake Superior Management Unit,Cisco Lake,04/22/2002,
4123,2092,WAE,9311,Cisco Lake,Western Lake Superior Management Unit,Cisco Lake,04/22/2002,
4123,2095,NOP,9311,Cisco Lake,Western Lake Superior Management Unit,Cisco Lake,04/22/2002,
4123,2095,WAE,9311,Cisco Lake,Western Lake Superior Management Unit,Cisco Lake,04/22/2002,
4123,2096,WAE,9311,Cisco Lake,Western Lake Superior Management Unit,Cisco Lake,04/22/2002,
4123,2097,NOP,9311,Cisco Lake,Western Lake Superior Management Unit,Cisco Lake,04/22/2002,
4123,2097,WAE,9311,Cisco Lake,Western Lake Superior Management Unit,Cisco Lake,04/22/2002,
4123,2098,NOP,9311,Cisco Lake,Western Lake Superior Management Unit,Cisco Lake,04/22/2002,
4123,2100,WAE,9311,Cisco Lake,Western Lake Superior Management Unit,Cisco Lake,04/22/2002,
4123,2101,NOP,9311,Cisco Lake,Western Lake Superior Management Unit,Cisco Lake,04/22/2002,
4123,2102,WAE,9311,Cisco Lake,Western Lake Superior Management Unit,Cisco Lake,04/22/2002,
4124,1919,NOP,9310,Lindsley Lake,Western Lake Superior Management Unit,Lindsley Lake,04/22/2002,
4124,1921,NOP,9310,Lindsley Lake,Western Lake Superior Management Unit,Lindsley Lake,04/22/2002,
4124,1922,WAE,9310,Lindsley Lake,Western Lake Superior Management Unit,Lindsley Lake,04/22/2002,
4124,1923,NOP,9310,Lindsley Lake,Western Lake Superior Management Unit,Lindsley Lake,04/22/2002,
4124,1923,WAE,9310,Lindsley Lake,Western Lake Superior Management Unit,Lindsley Lake,04/22/2002,
4124,1924,WAE,9310,Lindsley Lake,Western Lake Superior Management Unit,Lindsley Lake,04/22/2002,
4124,1925,RKB,9310,Lindsley Lake,Western Lake Superior Management Unit,Lindsley Lake,04/22/2002,
4124,1925,WAE,9310,Lindsley Lake,Western Lake Superior Management Unit,Lindsley Lake,04/22/2002,
4124,1972,WAE,9310,Lindsley Lake,Western Lake Superior Management Unit,Lindsley Lake,04/22/2002,
4124,1975,WAE,9310,Lindsley Lake,Western Lake Superior Management Unit,Lindsley Lake,04/22/2002,
4124,2015,NOP,9310,Lindsley Lake,Western Lake Superior Management Unit,Lindsley Lake,04/22/2002,
4124,2015,WAE,9310,Lindsley Lake,Western Lake Superior Management Unit,Lindsley Lake,04/22/2002,
4124,2018,WAE,9310,Lindsley Lake,Western Lake Superior Management Unit,Lindsley Lake,04/22/2002,
4124,2019,WAE,9310,Lindsley Lake,Western Lake Superior Management Unit,Lindsley Lake,04/22/2002,
4124,2021,WAE,9310,Lindsley Lake,Western Lake Superior Management Unit,Lindsley Lake,04/22/2002,
4124,2075,WAE,9310,Lindsley Lake,Western Lake Superior Management Unit,Lindsley Lake,04/22/2002,
4125,2562,WAE,9309,Bond Falls Flowage,Western Lake Superior Management Unit,Bond Falls Flowage,04/28/2003,
4125,2565,WAE,9309,Bond Falls Flowage,Western Lake Superior Management Unit,Bond Falls Flowage,04/28/2003,
4125,2567,WAE,9309,Bond Falls Flowage,Western Lake Superior Management Unit,Bond Falls Flowage,04/28/2003,
4125,2571,WAE,9309,Bond Falls Flowage,Western Lake Superior Management Unit,Bond Falls Flowage,04/28/2003,
4125,2574,WAE,9309,Bond Falls Flowage,Western Lake Superior Management Unit,Bond Falls Flowage,04/28/2003,
4125,2579,NOP,9309,Bond Falls Flowage,Western Lake Superior Management Unit,Bond Falls Flowage,04/28/2003,
4125,2579,WAE,9309,Bond Falls Flowage,Western Lake Superior Management Unit,Bond Falls Flowage,04/28/2003,
4125,2581,WAE,9309,Bond Falls Flowage,Western Lake Superior Management Unit,Bond Falls Flowage,04/28/2003,
4125,2591,WAE,9309,Bond Falls Flowage,Western Lake Superior Management Unit,Bond Falls Flowage,04/28/2003,
4125,2592,WAE,9309,Bond Falls Flowage,Western Lake Superior Management Unit,Bond Falls Flowage,04/28/2003,
4125,2594,WAE,9309,Bond Falls Flowage,Western Lake Superior Management Unit,Bond Falls Flowage,04/28/2003,
4125,2595,WAE,9309,Bond Falls Flowage,Western Lake Superior Management Unit,Bond Falls Flowage,04/28/2003,
4125,2596,WAE,9309,Bond Falls Flowage,Western Lake Superior Management Unit,Bond Falls Flowage,04/28/2003,
4125,2597,WAE,9309,Bond Falls Flowage,Western Lake Superior Management Unit,Bond Falls Flowage,04/28/2003,
4125,2598,WAE,9309,Bond Falls Flowage,Western Lake Superior Management Unit,Bond Falls Flowage,04/28/2003,
4125,2599,NOP,9309,Bond Falls Flowage,Western Lake Superior Management Unit,Bond Falls Flowage,04/28/2003,
4125,2599,WAE,9309,Bond Falls Flowage,Western Lake Superior Management Unit,Bond Falls Flowage,04/28/2003,
4125,2601,WAE,9309,Bond Falls Flowage,Western Lake Superior Management Unit,Bond Falls Flowage,04/28/2003,
4125,2603,WAE,9309,Bond Falls Flowage,Western Lake Superior Management Unit,Bond Falls Flowage,04/28/2003,
4125,2604,WAE,9309,Bond Falls Flowage,Western Lake Superior Management Unit,Bond Falls Flowage,04/28/2003,
4125,2605,NOP,9309,Bond Falls Flowage,Western Lake Superior Management Unit,Bond Falls Flowage,04/28/2003,
4125,2605,WAE,9309,Bond Falls Flowage,Western Lake Superior Management Unit,Bond Falls Flowage,04/28/2003,
4125,2606,WAE,9309,Bond Falls Flowage,Western Lake Superior Management Unit,Bond Falls Flowage,04/28/2003,
4125,2608,WAE,9309,Bond Falls Flowage,Western Lake Superior Management Unit,Bond Falls Flowage,04/28/2003,
4125,2609,WAE,9309,Bond Falls Flowage,Western Lake Superior Management Unit,Bond Falls Flowage,04/28/2003,
4125,2610,WAE,9309,Bond Falls Flowage,Western Lake Superior Management Unit,Bond Falls Flowage,04/28/2003,
4125,2611,WAE,9309,Bond Falls Flowage,Western Lake Superior Management Unit,Bond Falls Flowage,04/28/2003,
4125,2612,WAE,9309,Bond Falls Flowage,Western Lake Superior Management Unit,Bond Falls Flowage,04/28/2003,
4125,2613,WAE,9309,Bond Falls Flowage,Western Lake Superior Management Unit,Bond Falls Flowage,04/28/2003,
4125,2616,NOP,9309,Bond Falls Flowage,Western Lake Superior Management Unit,Bond Falls Flowage,04/28/2003,
4125,2617,NOP,9309,Bond Falls Flowage,Western Lake Superior Management Unit,Bond Falls Flowage,04/28/2003,
4125,2619,NOP,9309,Bond Falls Flowage,Western Lake Superior Management Unit,Bond Falls Flowage,04/28/2003,
4125,2619,WAE,9309,Bond Falls Flowage,Western Lake Superior Management Unit,Bond Falls Flowage,04/28/2003,
4125,2620,WAE,9309,Bond Falls Flowage,Western Lake Superior Management Unit,Bond Falls Flowage,04/28/2003,
4125,2621,WAE,9309,Bond Falls Flowage,Western Lake Superior Management Unit,Bond Falls Flowage,04/28/2003,
4125,2625,WAE,9309,Bond Falls Flowage,Western Lake Superior Management Unit,Bond Falls Flowage,04/28/2003,
4125,2626,WAE,9309,Bond Falls Flowage,Western Lake Superior Management Unit,Bond Falls Flowage,04/28/2003,
4125,2629,WAE,9309,Bond Falls Flowage,Western Lake Superior Management Unit,Bond Falls Flowage,04/28/2003,
4125,2630,WAE,9309,Bond Falls Flowage,Western Lake Superior Management Unit,Bond Falls Flowage,04/28/2003,
4125,2632,WAE,9309,Bond Falls Flowage,Western Lake Superior Management Unit,Bond Falls Flowage,04/28/2003,
4125,2633,WAE,9309,Bond Falls Flowage,Western Lake Superior Management Unit,Bond Falls Flowage,04/28/2003,
4125,2635,NOP,9309,Bond Falls Flowage,Western Lake Superior Management Unit,Bond Falls Flowage,04/28/2003,
4125,2635,WAE,9309,Bond Falls Flowage,Western Lake Superior Management Unit,Bond Falls Flowage,04/28/2003,
4125,2636,WAE,9309,Bond Falls Flowage,Western Lake Superior Management Unit,Bond Falls Flowage,04/28/2003,
4125,2637,WAE,9309,Bond Falls Flowage,Western Lake Superior Management Unit,Bond Falls Flowage,04/28/2003,
4125,2638,WAE,9309,Bond Falls Flowage,Western Lake Superior Management Unit,Bond Falls Flowage,04/28/2003,
4125,2639,WAE,9309,Bond Falls Flowage,Western Lake Superior Management Unit,Bond Falls Flowage,04/28/2003,
4125,2640,WAE,9309,Bond Falls Flowage,Western Lake Superior Management Unit,Bond Falls Flowage,04/28/2003,
4125,2641,WAE,9309,Bond Falls Flowage,Western Lake Superior Management Unit,Bond Falls Flowage,04/28/2003,
4125,2642,WAE,9309,Bond Falls Flowage,Western Lake Superior Management Unit,Bond Falls Flowage,04/28/2003,
4125,2644,WAE,9309,Bond Falls Flowage,Western Lake Superior Management Unit,Bond Falls Flowage,04/28/2003,
4125,2645,WAE,9309,Bond Falls Flowage,Western Lake Superior Management Unit,Bond Falls Flowage,04/28/2003,
4125,2646,WAE,9309,Bond Falls Flowage,Western Lake Superior Management Unit,Bond Falls Flowage,04/28/2003,
4125,2647,WAE,9309,Bond Falls Flowage,Western Lake Superior Management Unit,Bond Falls Flowage,04/28/2003,
4125,2648,NOP,9309,Bond Falls Flowage,Western Lake Superior Management Unit,Bond Falls Flowage,04/28/2003,
4125,2649,WAE,9309,Bond Falls Flowage,Western Lake Superior Management Unit,Bond Falls Flowage,04/28/2003,
4125,2651,NOP,9309,Bond Falls Flowage,Western Lake Superior Management Unit,Bond Falls Flowage,04/28/2003,
4125,2652,WAE,9309,Bond Falls Flowage,Western Lake Superior Management Unit,Bond Falls Flowage,04/28/2003,
4125,2653,WAE,9309,Bond Falls Flowage,Western Lake Superior Management Unit,Bond Falls Flowage,04/28/2003,
4125,2654,NOP,9309,Bond Falls Flowage,Western Lake Superior Management Unit,Bond Falls Flowage,04/28/2003,
4125,2654,WAE,9309,Bond Falls Flowage,Western Lake Superior Management Unit,Bond Falls Flowage,04/28/2003,
4125,2655,NOP,9309,Bond Falls Flowage,Western Lake Superior Management Unit,Bond Falls Flowage,04/28/2003,
4125,2658,NOP,9309,Bond Falls Flowage,Western Lake Superior Management Unit,Bond Falls Flowage,04/28/2003,
4125,2658,WAE,9309,Bond Falls Flowage,Western Lake Superior Management Unit,Bond Falls Flowage,04/28/2003,
4125,2659,WAE,9309,Bond Falls Flowage,Western Lake Superior Management Unit,Bond Falls Flowage,04/28/2003,
4125,2660,WAE,9309,Bond Falls Flowage,Western Lake Superior Management Unit,Bond Falls Flowage,04/28/2003,
4125,2661,WAE,9309,Bond Falls Flowage,Western Lake Superior Management Unit,Bond Falls Flowage,04/28/2003,
4125,2662,WAE,9309,Bond Falls Flowage,Western Lake Superior Management Unit,Bond Falls Flowage,04/28/2003,
4125,2663,NOP,9309,Bond Falls Flowage,Western Lake Superior Management Unit,Bond Falls Flowage,04/28/2003,
4125,2663,WAE,9309,Bond Falls Flowage,Western Lake Superior Management Unit,Bond Falls Flowage,04/28/2003,
4125,2664,WAE,9309,Bond Falls Flowage,Western Lake Superior Management Unit,Bond Falls Flowage,04/28/2003,
4125,2665,NOP,9309,Bond Falls Flowage,Western Lake Superior Management Unit,Bond Falls Flowage,04/28/2003,
4125,2665,WAE,9309,Bond Falls Flowage,Western Lake Superior Management Unit,Bond Falls Flowage,04/28/2003,
4125,2666,WAE,9309,Bond Falls Flowage,Western Lake Superior Management Unit,Bond Falls Flowage,04/28/2003,
4125,2670,WAE,9309,Bond Falls Flowage,Western Lake Superior Management Unit,Bond Falls Flowage,04/28/2003,
4125,2673,WAE,9309,Bond Falls Flowage,Western Lake Superior Management Unit,Bond Falls Flowage,04/28/2003,
4125,2674,WAE,9309,Bond Falls Flowage,Western Lake Superior Management Unit,Bond Falls Flowage,04/28/2003,
4125,2675,WAE,9309,Bond Falls Flowage,Western Lake Superior Management Unit,Bond Falls Flowage,04/28/2003,
4125,2676,WAE,9309,Bond Falls Flowage,Western Lake Superior Management Unit,Bond Falls Flowage,04/28/2003,
4125,2677,WAE,9309,Bond Falls Flowage,Western Lake Superior Management Unit,Bond Falls Flowage,04/28/2003,
4125,2678,WAE,9309,Bond Falls Flowage,Western Lake Superior Management Unit,Bond Falls Flowage,04/28/2003,
4125,2679,WAE,9309,Bond Falls Flowage,Western Lake Superior Management Unit,Bond Falls Flowage,04/28/2003,
4125,2680,NOP,9309,Bond Falls Flowage,Western Lake Superior Management Unit,Bond Falls Flowage,04/28/2003,
4125,2680,WAE,9309,Bond Falls Flowage,Western Lake Superior Management Unit,Bond Falls Flowage,04/28/2003,
4125,2681,WAE,9309,Bond Falls Flowage,Western Lake Superior Management Unit,Bond Falls Flowage,04/28/2003,
4125,2682,WAE,9309,Bond Falls Flowage,Western Lake Superior Management Unit,Bond Falls Flowage,04/28/2003,
4125,2684,WAE,9309,Bond Falls Flowage,Western Lake Superior Management Unit,Bond Falls Flowage,04/28/2003,
4125,2685,NOP,9309,Bond Falls Flowage,Western Lake Superior Management Unit,Bond Falls Flowage,04/28/2003,
4125,2689,WAE,9309,Bond Falls Flowage,Western Lake Superior Management Unit,Bond Falls Flowage,04/28/2003,
4125,2690,WAE,9309,Bond Falls Flowage,Western Lake Superior Management Unit,Bond Falls Flowage,04/28/2003,
4125,2691,WAE,9309,Bond Falls Flowage,Western Lake Superior Management Unit,Bond Falls Flowage,04/28/2003,
4125,2692,WAE,9309,Bond Falls Flowage,Western Lake Superior Management Unit,Bond Falls Flowage,04/28/2003,
4125,2693,WAE,9309,Bond Falls Flowage,Western Lake Superior Management Unit,Bond Falls Flowage,04/28/2003,
4125,2694,WAE,9309,Bond Falls Flowage,Western Lake Superior Management Unit,Bond Falls Flowage,04/28/2003,
4125,2695,WAE,9309,Bond Falls Flowage,Western Lake Superior Management Unit,Bond Falls Flowage,04/28/2003,
4125,2698,NOP,9309,Bond Falls Flowage,Western Lake Superior Management Unit,Bond Falls Flowage,04/28/2003,
4125,2698,WAE,9309,Bond Falls Flowage,Western Lake Superior Management Unit,Bond Falls Flowage,04/28/2003,
4125,2699,NOP,9309,Bond Falls Flowage,Western Lake Superior Management Unit,Bond Falls Flowage,04/28/2003,
4125,2700,WAE,9309,Bond Falls Flowage,Western Lake Superior Management Unit,Bond Falls Flowage,04/28/2003,
4125,2701,WAE,9309,Bond Falls Flowage,Western Lake Superior Management Unit,Bond Falls Flowage,04/28/2003,
4125,2702,WAE,9309,Bond Falls Flowage,Western Lake Superior Management Unit,Bond Falls Flowage,04/28/2003,
4125,2703,NOP,9309,Bond Falls Flowage,Western Lake Superior Management Unit,Bond Falls Flowage,04/28/2003,
4125,2704,NOP,9309,Bond Falls Flowage,Western Lake Superior Management Unit,Bond Falls Flowage,04/28/2003,
4125,2704,WAE,9309,Bond Falls Flowage,Western Lake Superior Management Unit,Bond Falls Flowage,04/28/2003,
4125,2705,NOP,9309,Bond Falls Flowage,Western Lake Superior Management Unit,Bond Falls Flowage,04/28/2003,
4125,2706,WAE,9309,Bond Falls Flowage,Western Lake Superior Management Unit,Bond Falls Flowage,04/28/2003,
4125,2707,NOP,9309,Bond Falls Flowage,Western Lake Superior Management Unit,Bond Falls Flowage,04/28/2003,
4125,2708,WAE,9309,Bond Falls Flowage,Western Lake Superior Management Unit,Bond Falls Flowage,04/28/2003,
4125,2709,WAE,9309,Bond Falls Flowage,Western Lake Superior Management Unit,Bond Falls Flowage,04/28/2003,
4125,2710,NOP,9309,Bond Falls Flowage,Western Lake Superior Management Unit,Bond Falls Flowage,04/28/2003,
4125,2711,WAE,9309,Bond Falls Flowage,Western Lake Superior Management Unit,Bond Falls Flowage,04/28/2003,
4125,2712,WAE,9309,Bond Falls Flowage,Western Lake Superior Management Unit,Bond Falls Flowage,04/28/2003,
4125,2713,WAE,9309,Bond Falls Flowage,Western Lake Superior Management Unit,Bond Falls Flowage,04/28/2003,
4125,2714,WAE,9309,Bond Falls Flowage,Western Lake Superior Management Unit,Bond Falls Flowage,04/28/2003,
4125,2717,NOP,9309,Bond Falls Flowage,Western Lake Superior Management Unit,Bond Falls Flowage,04/28/2003,
4125,2719,WAE,9309,Bond Falls Flowage,Western Lake Superior Management Unit,Bond Falls Flowage,04/28/2003,
4125,2720,WAE,9309,Bond Falls Flowage,Western Lake Superior Management Unit,Bond Falls Flowage,04/28/2003,
4125,2721,WAE,9309,Bond Falls Flowage,Western Lake Superior Management Unit,Bond Falls Flowage,04/28/2003,
4125,2722,WAE,9309,Bond Falls Flowage,Western Lake Superior Management Unit,Bond Falls Flowage,04/28/2003,
4125,2723,WAE,9309,Bond Falls Flowage,Western Lake Superior Management Unit,Bond Falls Flowage,04/28/2003,
4125,2724,WAE,9309,Bond Falls Flowage,Western Lake Superior Management Unit,Bond Falls Flowage,04/28/2003,
4125,2725,WAE,9309,Bond Falls Flowage,Western Lake Superior Management Unit,Bond Falls Flowage,04/28/2003,
4125,2726,WAE,9309,Bond Falls Flowage,Western Lake Superior Management Unit,Bond Falls Flowage,04/28/2003,
4125,2727,WAE,9309,Bond Falls Flowage,Western Lake Superior Management Unit,Bond Falls Flowage,04/28/2003,
4125,2735,WAE,9309,Bond Falls Flowage,Western Lake Superior Management Unit,Bond Falls Flowage,04/28/2003,
4125,2738,WAE,9309,Bond Falls Flowage,Western Lake Superior Management Unit,Bond Falls Flowage,04/28/2003,
4125,2740,WAE,9309,Bond Falls Flowage,Western Lake Superior Management Unit,Bond Falls Flowage,04/28/2003,
4125,2741,WAE,9309,Bond Falls Flowage,Western Lake Superior Management Unit,Bond Falls Flowage,04/28/2003,
4125,2742,WAE,9309,Bond Falls Flowage,Western Lake Superior Management Unit,Bond Falls Flowage,04/28/2003,
4125,2743,WAE,9309,Bond Falls Flowage,Western Lake Superior Management Unit,Bond Falls Flowage,04/28/2003,
4125,2744,WAE,9309,Bond Falls Flowage,Western Lake Superior Management Unit,Bond Falls Flowage,04/28/2003,
4125,2746,WAE,9309,Bond Falls Flowage,Western Lake Superior Management Unit,Bond Falls Flowage,04/28/2003,
4125,2747,WAE,9309,Bond Falls Flowage,Western Lake Superior Management Unit,Bond Falls Flowage,04/28/2003,
4144,2,RBT,9291;15982,Brandywine Creek,Southern Lake Michigan Management Unit,Bond St.;3rd street,07/28/2003,
4156,27,BNM,9280,Ess Lake,Northern Lake Huron Management Unit,Ess Lake,05/27/2003,
4156,28,BLG,9280,Ess Lake,Northern Lake Huron Management Unit,Ess Lake,05/27/2003,
4156,28,YEP,9280,Ess Lake,Northern Lake Huron Management Unit,Ess Lake,05/27/2003,
4163,8,BRB,9275,Sheephead Lake,Eastern Lake Superior Management Unit,Sheephead Lake,07/07/2003,
4217,2,CAR,9222;15985,Kalamazoo River,Southern Lake Michigan Management Unit,Bear Creek Confluence;Kalamazoo River at M-89 Launch Allegan SGA,09/17/2003,
4378,1,BNT,9072,South Branch Paint River,Northern Lake Michigan Management Unit,South Branch Paint River - Upper Goldmine Rd,08/06/2003,
4386,4,BND,9067,Rock River,Eastern Lake Superior Management Unit,H01- S&T site,08/20/2002,
4386,4,CWS,9067,Rock River,Eastern Lake Superior Management Unit,H01- S&T site,08/20/2002,
4410,1,BKT,9047,Kopf Creek,Southern Lake Michigan Management Unit,3180 Pratt Lake Avenue,07/02/2001,
4447,1,BNM,9019;16004,Stony Creek,Southern Lake Michigan Management Unit,Tallman Road;Lowell Road,08/01/2003,
4447,1,STS,9019;16004,Stony Creek,Southern Lake Michigan Management Unit,Tallman Road;Lowell Road,08/01/2003,
4447,2,EMS,9019;16004,Stony Creek,Southern Lake Michigan Management Unit,Tallman Road;Lowell Road,08/01/2003,
4447,2,STS,9019;16004,Stony Creek,Southern Lake Michigan Management Unit,Tallman Road;Lowell Road,08/01/2003,
4475,1,BNT,8997,Cooks Run,Northern Lake Michigan Management Unit,Cooks Run - Meadows Station,08/13/2003,
4504,1,RBT,8971,Little Manistee River,Central Lake Michigan Management Unit,Johnson's Bridge,08/26/1981,
4504,2,RBT,8971,Little Manistee River,Central Lake Michigan Management Unit,Johnson's Bridge,08/26/1981,
4504,3,BNT,8971,Little Manistee River,Central Lake Michigan Management Unit,Johnson's Bridge,08/26/1981,
4504,4,BNT,8971,Little Manistee River,Central Lake Michigan Management Unit,Johnson's Bridge,08/26/1981,
4544,35,YEP,8938,Bond Falls Flowage,Western Lake Superior Management Unit,Bond Falls Flowage,06/23/2003,
4604,26,R08,8895,Five Lakes,Southern Lake Huron Management Unit,Five Lakes,05/10/2004,
4605,2,BLG,8894,Tipsico Lake,Southern Lake Huron Management Unit,Tipsico Lake,05/10/2004,
4687,23,BRB,8824,Cleveland Cliffs Basin,Eastern Lake Superior Management Unit,Cleveland Cliffs Basin,06/08/2004,
4713,6,BLG,8801,Duck Lake,Western Lake Superior Management Unit,Duck Lake,06/10/2003,
4713,10,BLG,8801,Duck Lake,Western Lake Superior Management Unit,Duck Lake,06/10/2003,
4713,32,BLG,8801,Duck Lake,Western Lake Superior Management Unit,Duck Lake,06/10/2003,
4713,38,BLG,8801,Duck Lake,Western Lake Superior Management Unit,Duck Lake,06/10/2003,
4716,1,WAE GO,8798,Lake Gogebic,Western Lake Superior Management Unit,Lake Gogebic,04/30/2003,
4717,1,CWS,8797,Lake Gerald,Western Lake Superior Management Unit,Lake Gerald,05/08/2003,
4901,5,BLG,8625,Grand River,Southern Lake Michigan Management Unit,Moores Impoundment,06/07/2004,
4901,11,BLG,8625,Grand River,Southern Lake Michigan Management Unit,Moores Impoundment,06/07/2004,
4931,4,CAR,8596;16051;16052;16053,Grand River,Southern Lake Michigan Management Unit,Kinneville Road;Smithville Road;Waverly Rd near VFW Rd;Eaton Rapids WWTP,06/21/2004,
4948,1,CAR,8581,Grand River,Southern Lake Michigan Management Unit,Tompkins Road Boat Ramp,06/30/2004,
4962,1,MUD,8567,Turtle Creek,Northern Lake Huron Management Unit,Old State Road ,07/14/2004,
5007,2,PSF,8525,Parent Lake,Western Lake Superior Management Unit,Parent Lake,09/18/2003,
5007,2,YEP,8525,Parent Lake,Western Lake Superior Management Unit,Parent Lake,09/18/2003,
5072,3241,YEP,8462,Grand Lake,Northern Lake Huron Management Unit,Grand Lake,04/09/2004,
5072,3246,BOW,8462,Grand Lake,Northern Lake Huron Management Unit,Grand Lake,04/09/2004,
5072,3246,CWS,8462,Grand Lake,Northern Lake Huron Management Unit,Grand Lake,04/09/2004,
5072,3246,YEP,8462,Grand Lake,Northern Lake Huron Management Unit,Grand Lake,04/09/2004,
5072,3247,CWS,8462,Grand Lake,Northern Lake Huron Management Unit,Grand Lake,04/09/2004,
5072,3251,CWS,8462,Grand Lake,Northern Lake Huron Management Unit,Grand Lake,04/09/2004,
5072,3260,YEP,8462,Grand Lake,Northern Lake Huron Management Unit,Grand Lake,04/09/2004,
5072,3262,WAE,8462,Grand Lake,Northern Lake Huron Management Unit,Grand Lake,04/09/2004,
5072,3264,WAE,8462,Grand Lake,Northern Lake Huron Management Unit,Grand Lake,04/09/2004,
5072,3265,WAE,8462,Grand Lake,Northern Lake Huron Management Unit,Grand Lake,04/09/2004,
5072,3272,WAE,8462,Grand Lake,Northern Lake Huron Management Unit,Grand Lake,04/09/2004,
5072,3282,WAE,8462,Grand Lake,Northern Lake Huron Management Unit,Grand Lake,04/09/2004,
5072,3285,NOP,8462,Grand Lake,Northern Lake Huron Management Unit,Grand Lake,04/09/2004,
5072,3340,WAE,8462,Grand Lake,Northern Lake Huron Management Unit,Grand Lake,04/09/2004,
5072,3351,WAE,8462,Grand Lake,Northern Lake Huron Management Unit,Grand Lake,04/09/2004,
5072,3352,WAE,8462,Grand Lake,Northern Lake Huron Management Unit,Grand Lake,04/09/2004,
5072,3354,WAE,8462,Grand Lake,Northern Lake Huron Management Unit,Grand Lake,04/09/2004,
5072,3356,WAE,8462,Grand Lake,Northern Lake Huron Management Unit,Grand Lake,04/09/2004,
5072,3359,WAE,8462,Grand Lake,Northern Lake Huron Management Unit,Grand Lake,04/09/2004,
5072,3368,WAE,8462,Grand Lake,Northern Lake Huron Management Unit,Grand Lake,04/09/2004,
5072,3371,WAE,8462,Grand Lake,Northern Lake Huron Management Unit,Grand Lake,04/09/2004,
5072,3384,SMB,8462,Grand Lake,Northern Lake Huron Management Unit,Grand Lake,04/09/2004,
5072,3384,WAE,8462,Grand Lake,Northern Lake Huron Management Unit,Grand Lake,04/09/2004,
5072,3386,WAE,8462,Grand Lake,Northern Lake Huron Management Unit,Grand Lake,04/09/2004,
5072,3387,WAE,8462,Grand Lake,Northern Lake Huron Management Unit,Grand Lake,04/09/2004,
5072,3388,WAE,8462,Grand Lake,Northern Lake Huron Management Unit,Grand Lake,04/09/2004,
5072,3390,WAE,8462,Grand Lake,Northern Lake Huron Management Unit,Grand Lake,04/09/2004,
5072,3391,WAE,8462,Grand Lake,Northern Lake Huron Management Unit,Grand Lake,04/09/2004,
5072,3392,WAE,8462,Grand Lake,Northern Lake Huron Management Unit,Grand Lake,04/09/2004,
5072,3396,WAE,8462,Grand Lake,Northern Lake Huron Management Unit,Grand Lake,04/09/2004,
5072,3398,WAE,8462,Grand Lake,Northern Lake Huron Management Unit,Grand Lake,04/09/2004,
5072,3404,WAE,8462,Grand Lake,Northern Lake Huron Management Unit,Grand Lake,04/09/2004,
5072,3405,WAE,8462,Grand Lake,Northern Lake Huron Management Unit,Grand Lake,04/09/2004,
5072,3406,SMB,8462,Grand Lake,Northern Lake Huron Management Unit,Grand Lake,04/09/2004,
5072,3422,WAE,8462,Grand Lake,Northern Lake Huron Management Unit,Grand Lake,04/09/2004,
5072,3429,WAE,8462,Grand Lake,Northern Lake Huron Management Unit,Grand Lake,04/09/2004,
5072,3431,WAE,8462,Grand Lake,Northern Lake Huron Management Unit,Grand Lake,04/09/2004,
5072,3436,WAE,8462,Grand Lake,Northern Lake Huron Management Unit,Grand Lake,04/09/2004,
5072,3437,WAE,8462,Grand Lake,Northern Lake Huron Management Unit,Grand Lake,04/09/2004,
5072,3442,NOP,8462,Grand Lake,Northern Lake Huron Management Unit,Grand Lake,04/09/2004,
5072,3442,SMB,8462,Grand Lake,Northern Lake Huron Management Unit,Grand Lake,04/09/2004,
5072,3444,WAE,8462,Grand Lake,Northern Lake Huron Management Unit,Grand Lake,04/09/2004,
5072,3445,WAE,8462,Grand Lake,Northern Lake Huron Management Unit,Grand Lake,04/09/2004,
5072,3446,WAE,8462,Grand Lake,Northern Lake Huron Management Unit,Grand Lake,04/09/2004,
5072,3447,WAE,8462,Grand Lake,Northern Lake Huron Management Unit,Grand Lake,04/09/2004,
5072,3449,SMB,8462,Grand Lake,Northern Lake Huron Management Unit,Grand Lake,04/09/2004,
5072,3449,WAE,8462,Grand Lake,Northern Lake Huron Management Unit,Grand Lake,04/09/2004,
5072,3450,SMB,8462,Grand Lake,Northern Lake Huron Management Unit,Grand Lake,04/09/2004,
5072,3451,SMB,8462,Grand Lake,Northern Lake Huron Management Unit,Grand Lake,04/09/2004,
5072,3453,WAE,8462,Grand Lake,Northern Lake Huron Management Unit,Grand Lake,04/09/2004,
5072,3466,WAE,8462,Grand Lake,Northern Lake Huron Management Unit,Grand Lake,04/09/2004,
5072,3467,SMB,8462,Grand Lake,Northern Lake Huron Management Unit,Grand Lake,04/09/2004,
5072,3468,WAE,8462,Grand Lake,Northern Lake Huron Management Unit,Grand Lake,04/09/2004,
5072,3469,WAE,8462,Grand Lake,Northern Lake Huron Management Unit,Grand Lake,04/09/2004,
5072,3471,WAE,8462,Grand Lake,Northern Lake Huron Management Unit,Grand Lake,04/09/2004,
5072,3476,WAE,8462,Grand Lake,Northern Lake Huron Management Unit,Grand Lake,04/09/2004,
5072,3477,WAE,8462,Grand Lake,Northern Lake Huron Management Unit,Grand Lake,04/09/2004,
5072,3480,WAE,8462,Grand Lake,Northern Lake Huron Management Unit,Grand Lake,04/09/2004,
5072,3482,WAE,8462,Grand Lake,Northern Lake Huron Management Unit,Grand Lake,04/09/2004,
5072,3483,WAE,8462,Grand Lake,Northern Lake Huron Management Unit,Grand Lake,04/09/2004,
5072,3484,WAE,8462,Grand Lake,Northern Lake Huron Management Unit,Grand Lake,04/09/2004,
5072,3488,WAE,8462,Grand Lake,Northern Lake Huron Management Unit,Grand Lake,04/09/2004,
5072,3497,YEP,8462,Grand Lake,Northern Lake Huron Management Unit,Grand Lake,04/09/2004,
5072,3503,NOP,8462,Grand Lake,Northern Lake Huron Management Unit,Grand Lake,04/09/2004,
5072,3504,WAE,8462,Grand Lake,Northern Lake Huron Management Unit,Grand Lake,04/09/2004,
5072,3505,WAE,8462,Grand Lake,Northern Lake Huron Management Unit,Grand Lake,04/09/2004,
5072,3506,WAE,8462,Grand Lake,Northern Lake Huron Management Unit,Grand Lake,04/09/2004,
5072,3509,WAE,8462,Grand Lake,Northern Lake Huron Management Unit,Grand Lake,04/09/2004,
5072,3513,WAE,8462,Grand Lake,Northern Lake Huron Management Unit,Grand Lake,04/09/2004,
5072,3516,WAE,8462,Grand Lake,Northern Lake Huron Management Unit,Grand Lake,04/09/2004,
5072,3518,WAE,8462,Grand Lake,Northern Lake Huron Management Unit,Grand Lake,04/09/2004,
5072,3519,WAE,8462,Grand Lake,Northern Lake Huron Management Unit,Grand Lake,04/09/2004,
5072,3520,WAE,8462,Grand Lake,Northern Lake Huron Management Unit,Grand Lake,04/09/2004,
5072,3521,WAE,8462,Grand Lake,Northern Lake Huron Management Unit,Grand Lake,04/09/2004,
5072,3522,WAE,8462,Grand Lake,Northern Lake Huron Management Unit,Grand Lake,04/09/2004,
5072,3525,WAE,8462,Grand Lake,Northern Lake Huron Management Unit,Grand Lake,04/09/2004,
5072,3526,SMB,8462,Grand Lake,Northern Lake Huron Management Unit,Grand Lake,04/09/2004,
5072,3527,SMB,8462,Grand Lake,Northern Lake Huron Management Unit,Grand Lake,04/09/2004,
5072,3527,WAE,8462,Grand Lake,Northern Lake Huron Management Unit,Grand Lake,04/09/2004,
5072,3532,SMB,8462,Grand Lake,Northern Lake Huron Management Unit,Grand Lake,04/09/2004,
5072,3533,WAE,8462,Grand Lake,Northern Lake Huron Management Unit,Grand Lake,04/09/2004,
5072,3534,WAE,8462,Grand Lake,Northern Lake Huron Management Unit,Grand Lake,04/09/2004,
5072,3540,WAE,8462,Grand Lake,Northern Lake Huron Management Unit,Grand Lake,04/09/2004,
5072,3541,WAE,8462,Grand Lake,Northern Lake Huron Management Unit,Grand Lake,04/09/2004,
5072,3546,WAE,8462,Grand Lake,Northern Lake Huron Management Unit,Grand Lake,04/09/2004,
5072,3547,WAE,8462,Grand Lake,Northern Lake Huron Management Unit,Grand Lake,04/09/2004,
5072,3548,SMB,8462,Grand Lake,Northern Lake Huron Management Unit,Grand Lake,04/09/2004,
5072,3548,WAE,8462,Grand Lake,Northern Lake Huron Management Unit,Grand Lake,04/09/2004,
5072,3549,SMB,8462,Grand Lake,Northern Lake Huron Management Unit,Grand Lake,04/09/2004,
5072,3549,YEP,8462,Grand Lake,Northern Lake Huron Management Unit,Grand Lake,04/09/2004,
5072,3550,SMB,8462,Grand Lake,Northern Lake Huron Management Unit,Grand Lake,04/09/2004,
5072,3550,WAE,8462,Grand Lake,Northern Lake Huron Management Unit,Grand Lake,04/09/2004,
5072,3551,RKB,8462,Grand Lake,Northern Lake Huron Management Unit,Grand Lake,04/09/2004,
5072,3551,SMB,8462,Grand Lake,Northern Lake Huron Management Unit,Grand Lake,04/09/2004,
5072,3552,RKB,8462,Grand Lake,Northern Lake Huron Management Unit,Grand Lake,04/09/2004,
5072,3552,WAE,8462,Grand Lake,Northern Lake Huron Management Unit,Grand Lake,04/09/2004,
5072,3553,SMB,8462,Grand Lake,Northern Lake Huron Management Unit,Grand Lake,04/09/2004,
5072,3557,SMB,8462,Grand Lake,Northern Lake Huron Management Unit,Grand Lake,04/09/2004,
5072,3560,WAE,8462,Grand Lake,Northern Lake Huron Management Unit,Grand Lake,04/09/2004,
5072,3561,SMB,8462,Grand Lake,Northern Lake Huron Management Unit,Grand Lake,04/09/2004,
5072,3562,SMB,8462,Grand Lake,Northern Lake Huron Management Unit,Grand Lake,04/09/2004,
5072,3563,SMB,8462,Grand Lake,Northern Lake Huron Management Unit,Grand Lake,04/09/2004,
5072,3564,WAE,8462,Grand Lake,Northern Lake Huron Management Unit,Grand Lake,04/09/2004,
5072,3570,WAE,8462,Grand Lake,Northern Lake Huron Management Unit,Grand Lake,04/09/2004,
5072,3571,WAE,8462,Grand Lake,Northern Lake Huron Management Unit,Grand Lake,04/09/2004,
5072,3572,WAE,8462,Grand Lake,Northern Lake Huron Management Unit,Grand Lake,04/09/2004,
5072,3573,PSF,8462,Grand Lake,Northern Lake Huron Management Unit,Grand Lake,04/09/2004,
5072,3576,PSF,8462,Grand Lake,Northern Lake Huron Management Unit,Grand Lake,04/09/2004,
5072,3576,WAE,8462,Grand Lake,Northern Lake Huron Management Unit,Grand Lake,04/09/2004,
5072,3577,SMB,8462,Grand Lake,Northern Lake Huron Management Unit,Grand Lake,04/09/2004,
5072,3584,SMB,8462,Grand Lake,Northern Lake Huron Management Unit,Grand Lake,04/09/2004,
5072,3587,WAE,8462,Grand Lake,Northern Lake Huron Management Unit,Grand Lake,04/09/2004,
5072,3592,WAE,8462,Grand Lake,Northern Lake Huron Management Unit,Grand Lake,04/09/2004,
5072,3593,WAE,8462,Grand Lake,Northern Lake Huron Management Unit,Grand Lake,04/09/2004,
5072,3594,SMB,8462,Grand Lake,Northern Lake Huron Management Unit,Grand Lake,04/09/2004,
5072,3596,WAE,8462,Grand Lake,Northern Lake Huron Management Unit,Grand Lake,04/09/2004,
5072,3597,WAE,8462,Grand Lake,Northern Lake Huron Management Unit,Grand Lake,04/09/2004,
5072,3608,WAE,8462,Grand Lake,Northern Lake Huron Management Unit,Grand Lake,04/09/2004,
5072,3609,SMB,8462,Grand Lake,Northern Lake Huron Management Unit,Grand Lake,04/09/2004,
5072,3609,WAE,8462,Grand Lake,Northern Lake Huron Management Unit,Grand Lake,04/09/2004,
5072,3610,WAE,8462,Grand Lake,Northern Lake Huron Management Unit,Grand Lake,04/09/2004,
5072,3611,SMB,8462,Grand Lake,Northern Lake Huron Management Unit,Grand Lake,04/09/2004,
5072,3611,YEP,8462,Grand Lake,Northern Lake Huron Management Unit,Grand Lake,04/09/2004,
5072,3617,SMB,8462,Grand Lake,Northern Lake Huron Management Unit,Grand Lake,04/09/2004,
5072,3617,WAE,8462,Grand Lake,Northern Lake Huron Management Unit,Grand Lake,04/09/2004,
5072,3618,WAE,8462,Grand Lake,Northern Lake Huron Management Unit,Grand Lake,04/09/2004,
5072,3619,SMB,8462,Grand Lake,Northern Lake Huron Management Unit,Grand Lake,04/09/2004,
5072,3619,WAE,8462,Grand Lake,Northern Lake Huron Management Unit,Grand Lake,04/09/2004,
5072,3620,SMB,8462,Grand Lake,Northern Lake Huron Management Unit,Grand Lake,04/09/2004,
5072,3620,WAE,8462,Grand Lake,Northern Lake Huron Management Unit,Grand Lake,04/09/2004,
5072,3623,SMB,8462,Grand Lake,Northern Lake Huron Management Unit,Grand Lake,04/09/2004,
5072,3623,YEP,8462,Grand Lake,Northern Lake Huron Management Unit,Grand Lake,04/09/2004,
5072,3624,WAE,8462,Grand Lake,Northern Lake Huron Management Unit,Grand Lake,04/09/2004,
5072,3625,SMB,8462,Grand Lake,Northern Lake Huron Management Unit,Grand Lake,04/09/2004,
5072,3640,SMB,8462,Grand Lake,Northern Lake Huron Management Unit,Grand Lake,04/09/2004,
5072,3642,WAE,8462,Grand Lake,Northern Lake Huron Management Unit,Grand Lake,04/09/2004,
5072,3644,WAE,8462,Grand Lake,Northern Lake Huron Management Unit,Grand Lake,04/09/2004,
5072,3645,WAE,8462,Grand Lake,Northern Lake Huron Management Unit,Grand Lake,04/09/2004,
5072,3648,WAE,8462,Grand Lake,Northern Lake Huron Management Unit,Grand Lake,04/09/2004,
5072,3649,WAE,8462,Grand Lake,Northern Lake Huron Management Unit,Grand Lake,04/09/2004,
5072,3663,WAE,8462,Grand Lake,Northern Lake Huron Management Unit,Grand Lake,04/09/2004,
5072,3667,WAE,8462,Grand Lake,Northern Lake Huron Management Unit,Grand Lake,04/09/2004,
5072,3669,SMB,8462,Grand Lake,Northern Lake Huron Management Unit,Grand Lake,04/09/2004,
5072,3674,SMB,8462,Grand Lake,Northern Lake Huron Management Unit,Grand Lake,04/09/2004,
5072,3674,WAE,8462,Grand Lake,Northern Lake Huron Management Unit,Grand Lake,04/09/2004,
5072,3676,YEP,8462,Grand Lake,Northern Lake Huron Management Unit,Grand Lake,04/09/2004,
5072,3685,WAE,8462,Grand Lake,Northern Lake Huron Management Unit,Grand Lake,04/09/2004,
5072,3685,YEP,8462,Grand Lake,Northern Lake Huron Management Unit,Grand Lake,04/09/2004,
5072,3686,SMB,8462,Grand Lake,Northern Lake Huron Management Unit,Grand Lake,04/09/2004,
5072,3687,SMB,8462,Grand Lake,Northern Lake Huron Management Unit,Grand Lake,04/09/2004,
5072,3687,WAE,8462,Grand Lake,Northern Lake Huron Management Unit,Grand Lake,04/09/2004,
5072,3688,SMB,8462,Grand Lake,Northern Lake Huron Management Unit,Grand Lake,04/09/2004,
5072,3689,YEP,8462,Grand Lake,Northern Lake Huron Management Unit,Grand Lake,04/09/2004,
5072,3690,SMB,8462,Grand Lake,Northern Lake Huron Management Unit,Grand Lake,04/09/2004,
5072,3694,SMB,8462,Grand Lake,Northern Lake Huron Management Unit,Grand Lake,04/09/2004,
5073,2778,NOP,8461,Long Lake,Northern Lake Huron Management Unit,Long Lake,04/07/2004,
5073,2813,RKB,8461,Long Lake,Northern Lake Huron Management Unit,Long Lake,04/07/2004,
5073,2837,CWS,8461,Long Lake,Northern Lake Huron Management Unit,Long Lake,04/07/2004,
5073,2876,WAE,8461,Long Lake,Northern Lake Huron Management Unit,Long Lake,04/07/2004,
5073,2885,WAE,8461,Long Lake,Northern Lake Huron Management Unit,Long Lake,04/07/2004,
5073,2886,NOP,8461,Long Lake,Northern Lake Huron Management Unit,Long Lake,04/07/2004,
5073,2888,NOP,8461,Long Lake,Northern Lake Huron Management Unit,Long Lake,04/07/2004,
5073,2946,WAE,8461,Long Lake,Northern Lake Huron Management Unit,Long Lake,04/07/2004,
5073,2950,NOP,8461,Long Lake,Northern Lake Huron Management Unit,Long Lake,04/07/2004,
5073,2967,WAE,8461,Long Lake,Northern Lake Huron Management Unit,Long Lake,04/07/2004,
5073,2973,NOP,8461,Long Lake,Northern Lake Huron Management Unit,Long Lake,04/07/2004,
5073,2981,WAE,8461,Long Lake,Northern Lake Huron Management Unit,Long Lake,04/07/2004,
5073,2982,WAE,8461,Long Lake,Northern Lake Huron Management Unit,Long Lake,04/07/2004,
5073,2983,WAE,8461,Long Lake,Northern Lake Huron Management Unit,Long Lake,04/07/2004,
5073,2989,WAE,8461,Long Lake,Northern Lake Huron Management Unit,Long Lake,04/07/2004,
5073,3004,WAE,8461,Long Lake,Northern Lake Huron Management Unit,Long Lake,04/07/2004,
5073,3009,WAE,8461,Long Lake,Northern Lake Huron Management Unit,Long Lake,04/07/2004,
5073,3013,WAE,8461,Long Lake,Northern Lake Huron Management Unit,Long Lake,04/07/2004,
5073,3022,NOP,8461,Long Lake,Northern Lake Huron Management Unit,Long Lake,04/07/2004,
5073,3053,WAE,8461,Long Lake,Northern Lake Huron Management Unit,Long Lake,04/07/2004,
5073,3085,WAE,8461,Long Lake,Northern Lake Huron Management Unit,Long Lake,04/07/2004,
5073,3104,WAE,8461,Long Lake,Northern Lake Huron Management Unit,Long Lake,04/07/2004,
5073,3105,WAE,8461,Long Lake,Northern Lake Huron Management Unit,Long Lake,04/07/2004,
5073,3107,SMB,8461,Long Lake,Northern Lake Huron Management Unit,Long Lake,04/07/2004,
5073,3108,WAE,8461,Long Lake,Northern Lake Huron Management Unit,Long Lake,04/07/2004,
5073,3112,SMB,8461,Long Lake,Northern Lake Huron Management Unit,Long Lake,04/07/2004,
5073,3113,SMB,8461,Long Lake,Northern Lake Huron Management Unit,Long Lake,04/07/2004,
5073,3126,WAE,8461,Long Lake,Northern Lake Huron Management Unit,Long Lake,04/07/2004,
5073,3127,WAE,8461,Long Lake,Northern Lake Huron Management Unit,Long Lake,04/07/2004,
5073,3137,WAE,8461,Long Lake,Northern Lake Huron Management Unit,Long Lake,04/07/2004,
5073,3142,SMB,8461,Long Lake,Northern Lake Huron Management Unit,Long Lake,04/07/2004,
5073,3147,YEP,8461,Long Lake,Northern Lake Huron Management Unit,Long Lake,04/07/2004,
5073,3148,SMB,8461,Long Lake,Northern Lake Huron Management Unit,Long Lake,04/07/2004,
5073,3149,SMB,8461,Long Lake,Northern Lake Huron Management Unit,Long Lake,04/07/2004,
5073,3153,WAE,8461,Long Lake,Northern Lake Huron Management Unit,Long Lake,04/07/2004,
5073,3154,WAE,8461,Long Lake,Northern Lake Huron Management Unit,Long Lake,04/07/2004,
5073,3158,SMB,8461,Long Lake,Northern Lake Huron Management Unit,Long Lake,04/07/2004,
5073,3158,WAE,8461,Long Lake,Northern Lake Huron Management Unit,Long Lake,04/07/2004,
5073,3159,WAE,8461,Long Lake,Northern Lake Huron Management Unit,Long Lake,04/07/2004,
5073,3164,WAE,8461,Long Lake,Northern Lake Huron Management Unit,Long Lake,04/07/2004,
5073,3172,YEP,8461,Long Lake,Northern Lake Huron Management Unit,Long Lake,04/07/2004,
5073,3180,WAE,8461,Long Lake,Northern Lake Huron Management Unit,Long Lake,04/07/2004,
5073,3182,SMB,8461,Long Lake,Northern Lake Huron Management Unit,Long Lake,04/07/2004,
5073,3184,WAE,8461,Long Lake,Northern Lake Huron Management Unit,Long Lake,04/07/2004,
5073,3186,SMB,8461,Long Lake,Northern Lake Huron Management Unit,Long Lake,04/07/2004,
5073,3194,SMB,8461,Long Lake,Northern Lake Huron Management Unit,Long Lake,04/07/2004,
5073,3198,WAE,8461,Long Lake,Northern Lake Huron Management Unit,Long Lake,04/07/2004,
5073,3199,SMB,8461,Long Lake,Northern Lake Huron Management Unit,Long Lake,04/07/2004,
5073,3202,WAE,8461,Long Lake,Northern Lake Huron Management Unit,Long Lake,04/07/2004,
5073,3203,WAE,8461,Long Lake,Northern Lake Huron Management Unit,Long Lake,04/07/2004,
5073,3213,SMB,8461,Long Lake,Northern Lake Huron Management Unit,Long Lake,04/07/2004,
5073,3228,WAE,8461,Long Lake,Northern Lake Huron Management Unit,Long Lake,04/07/2004,
5073,3630,SMB,8461,Long Lake,Northern Lake Huron Management Unit,Long Lake,04/07/2004,
5073,3634,WAE,8461,Long Lake,Northern Lake Huron Management Unit,Long Lake,04/07/2004,
5074,3697,WAE,8460,Michigamme River,Northern Lake Michigan Management Unit,Michigamme River - M69,04/19/2004,
5074,3698,WAE,8460,Michigamme River,Northern Lake Michigan Management Unit,Michigamme River - M69,04/19/2004,
5074,3701,WAE,8460,Michigamme River,Northern Lake Michigan Management Unit,Michigamme River - M69,04/19/2004,
5074,3702,WAE,8460,Michigamme River,Northern Lake Michigan Management Unit,Michigamme River - M69,04/19/2004,
5074,3703,WAE,8460,Michigamme River,Northern Lake Michigan Management Unit,Michigamme River - M69,04/19/2004,
5074,3735,WAE,8460,Michigamme River,Northern Lake Michigan Management Unit,Michigamme River - M69,04/19/2004,
5074,3768,WAE,8460,Michigamme River,Northern Lake Michigan Management Unit,Michigamme River - M69,04/19/2004,
5074,3834,WAE,8460,Michigamme River,Northern Lake Michigan Management Unit,Michigamme River - M69,04/19/2004,
5074,3865,WAE,8460,Michigamme River,Northern Lake Michigan Management Unit,Michigamme River - M69,04/19/2004,
5074,3867,WAE,8460,Michigamme River,Northern Lake Michigan Management Unit,Michigamme River - M69,04/19/2004,
5074,3903,WAE,8460,Michigamme River,Northern Lake Michigan Management Unit,Michigamme River - M69,04/19/2004,
5074,3904,WAE,8460,Michigamme River,Northern Lake Michigan Management Unit,Michigamme River - M69,04/19/2004,
5074,3905,WAE,8460,Michigamme River,Northern Lake Michigan Management Unit,Michigamme River - M69,04/19/2004,
5074,3906,WAE,8460,Michigamme River,Northern Lake Michigan Management Unit,Michigamme River - M69,04/19/2004,
5074,3945,WAE,8460,Michigamme River,Northern Lake Michigan Management Unit,Michigamme River - M69,04/19/2004,
5074,3982,WAE,8460,Michigamme River,Northern Lake Michigan Management Unit,Michigamme River - M69,04/19/2004,
5074,4020,WAE,8460,Michigamme River,Northern Lake Michigan Management Unit,Michigamme River - M69,04/19/2004,
5074,4021,WAE,8460,Michigamme River,Northern Lake Michigan Management Unit,Michigamme River - M69,04/19/2004,
5074,4055,WAE,8460,Michigamme River,Northern Lake Michigan Management Unit,Michigamme River - M69,04/19/2004,
5074,4056,WAE,8460,Michigamme River,Northern Lake Michigan Management Unit,Michigamme River - M69,04/19/2004,
5075,3767,WAE,8459,Michigamme River,Northern Lake Michigan Management Unit,Michigamme River - Above Peavy,04/15/2004,
5075,3943,NOP,8459,Michigamme River,Northern Lake Michigan Management Unit,Michigamme River - Above Peavy,04/15/2004,
5075,3943,WAE,8459,Michigamme River,Northern Lake Michigan Management Unit,Michigamme River - Above Peavy,04/15/2004,
5075,3944,WAE,8459,Michigamme River,Northern Lake Michigan Management Unit,Michigamme River - Above Peavy,04/15/2004,
5075,3946,NOP,8459,Michigamme River,Northern Lake Michigan Management Unit,Michigamme River - Above Peavy,04/15/2004,
5075,3946,WAE,8459,Michigamme River,Northern Lake Michigan Management Unit,Michigamme River - Above Peavy,04/15/2004,
5075,3981,WAE,8459,Michigamme River,Northern Lake Michigan Management Unit,Michigamme River - Above Peavy,04/15/2004,
5075,4019,WAE,8459,Michigamme River,Northern Lake Michigan Management Unit,Michigamme River - Above Peavy,04/15/2004,
5075,4022,NOP,8459,Michigamme River,Northern Lake Michigan Management Unit,Michigamme River - Above Peavy,04/15/2004,
5075,4022,SMB,8459,Michigamme River,Northern Lake Michigan Management Unit,Michigamme River - Above Peavy,04/15/2004,
5075,4022,WAE,8459,Michigamme River,Northern Lake Michigan Management Unit,Michigamme River - Above Peavy,04/15/2004,
5075,4092,NOP,8459,Michigamme River,Northern Lake Michigan Management Unit,Michigamme River - Above Peavy,04/15/2004,
5075,4092,WAE,8459,Michigamme River,Northern Lake Michigan Management Unit,Michigamme River - Above Peavy,04/15/2004,
5076,3800,WAE,8458,Paint River,Northern Lake Michigan Management Unit,Paint River - Below Crystal Falls Dam,04/15/2004,
5076,3868,WAE,8458,Paint River,Northern Lake Michigan Management Unit,Paint River - Below Crystal Falls Dam,04/15/2004,
5076,3907,WAE,8458,Paint River,Northern Lake Michigan Management Unit,Paint River - Below Crystal Falls Dam,04/15/2004,
5076,3984,WAE,8458,Paint River,Northern Lake Michigan Management Unit,Paint River - Below Crystal Falls Dam,04/15/2004,
5076,4093,WAE,8458,Paint River,Northern Lake Michigan Management Unit,Paint River - Below Crystal Falls Dam,04/15/2004,
5077,3746,NOP,8457,Peavy Pond,Northern Lake Michigan Management Unit,Peavy Pond,04/20/2004,
5077,3748,NOP,8457,Peavy Pond,Northern Lake Michigan Management Unit,Peavy Pond,04/20/2004,
5077,3749,NOP,8457,Peavy Pond,Northern Lake Michigan Management Unit,Peavy Pond,04/20/2004,
5077,3750,NOP,8457,Peavy Pond,Northern Lake Michigan Management Unit,Peavy Pond,04/20/2004,
5077,3751,NOP,8457,Peavy Pond,Northern Lake Michigan Management Unit,Peavy Pond,04/20/2004,
5077,3752,NOP,8457,Peavy Pond,Northern Lake Michigan Management Unit,Peavy Pond,04/20/2004,
5077,3755,NOP,8457,Peavy Pond,Northern Lake Michigan Management Unit,Peavy Pond,04/20/2004,
5077,3757,NOP,8457,Peavy Pond,Northern Lake Michigan Management Unit,Peavy Pond,04/20/2004,
5077,3758,NOP,8457,Peavy Pond,Northern Lake Michigan Management Unit,Peavy Pond,04/20/2004,
5077,3759,NOP,8457,Peavy Pond,Northern Lake Michigan Management Unit,Peavy Pond,04/20/2004,
5077,3762,NOP,8457,Peavy Pond,Northern Lake Michigan Management Unit,Peavy Pond,04/20/2004,
5077,3762,TMT,8457,Peavy Pond,Northern Lake Michigan Management Unit,Peavy Pond,04/20/2004,
5077,3763,NOP,8457,Peavy Pond,Northern Lake Michigan Management Unit,Peavy Pond,04/20/2004,
5077,3765,NOP,8457,Peavy Pond,Northern Lake Michigan Management Unit,Peavy Pond,04/20/2004,
5077,3766,NOP,8457,Peavy Pond,Northern Lake Michigan Management Unit,Peavy Pond,04/20/2004,
5077,3769,NOP,8457,Peavy Pond,Northern Lake Michigan Management Unit,Peavy Pond,04/20/2004,
5077,3772,NOP,8457,Peavy Pond,Northern Lake Michigan Management Unit,Peavy Pond,04/20/2004,
5077,3780,NOP,8457,Peavy Pond,Northern Lake Michigan Management Unit,Peavy Pond,04/20/2004,
5077,3781,NOP,8457,Peavy Pond,Northern Lake Michigan Management Unit,Peavy Pond,04/20/2004,
5077,3782,NOP,8457,Peavy Pond,Northern Lake Michigan Management Unit,Peavy Pond,04/20/2004,
5077,3783,NOP,8457,Peavy Pond,Northern Lake Michigan Management Unit,Peavy Pond,04/20/2004,
5077,3784,NOP,8457,Peavy Pond,Northern Lake Michigan Management Unit,Peavy Pond,04/20/2004,
5077,3785,NOP,8457,Peavy Pond,Northern Lake Michigan Management Unit,Peavy Pond,04/20/2004,
5077,3787,NOP,8457,Peavy Pond,Northern Lake Michigan Management Unit,Peavy Pond,04/20/2004,
5077,3788,NOP,8457,Peavy Pond,Northern Lake Michigan Management Unit,Peavy Pond,04/20/2004,
5077,3789,NOP,8457,Peavy Pond,Northern Lake Michigan Management Unit,Peavy Pond,04/20/2004,
5077,3790,NOP,8457,Peavy Pond,Northern Lake Michigan Management Unit,Peavy Pond,04/20/2004,
5077,3791,NOP,8457,Peavy Pond,Northern Lake Michigan Management Unit,Peavy Pond,04/20/2004,
5077,3792,NOP,8457,Peavy Pond,Northern Lake Michigan Management Unit,Peavy Pond,04/20/2004,
5077,3793,NOP,8457,Peavy Pond,Northern Lake Michigan Management Unit,Peavy Pond,04/20/2004,
5077,3796,NOP,8457,Peavy Pond,Northern Lake Michigan Management Unit,Peavy Pond,04/20/2004,
5077,3797,NOP,8457,Peavy Pond,Northern Lake Michigan Management Unit,Peavy Pond,04/20/2004,
5077,3798,NOP,8457,Peavy Pond,Northern Lake Michigan Management Unit,Peavy Pond,04/20/2004,
5077,3804,NOP,8457,Peavy Pond,Northern Lake Michigan Management Unit,Peavy Pond,04/20/2004,
5077,3805,NOP,8457,Peavy Pond,Northern Lake Michigan Management Unit,Peavy Pond,04/20/2004,
5077,3805,WAE,8457,Peavy Pond,Northern Lake Michigan Management Unit,Peavy Pond,04/20/2004,
5077,3807,NOP,8457,Peavy Pond,Northern Lake Michigan Management Unit,Peavy Pond,04/20/2004,
5077,3808,NOP,8457,Peavy Pond,Northern Lake Michigan Management Unit,Peavy Pond,04/20/2004,
5077,3808,WAE,8457,Peavy Pond,Northern Lake Michigan Management Unit,Peavy Pond,04/20/2004,
5077,3808,YEP,8457,Peavy Pond,Northern Lake Michigan Management Unit,Peavy Pond,04/20/2004,
5077,3809,NOP,8457,Peavy Pond,Northern Lake Michigan Management Unit,Peavy Pond,04/20/2004,
5077,3810,NOP,8457,Peavy Pond,Northern Lake Michigan Management Unit,Peavy Pond,04/20/2004,
5077,3811,NOP,8457,Peavy Pond,Northern Lake Michigan Management Unit,Peavy Pond,04/20/2004,
5077,3813,NOP,8457,Peavy Pond,Northern Lake Michigan Management Unit,Peavy Pond,04/20/2004,
5077,3813,YEP,8457,Peavy Pond,Northern Lake Michigan Management Unit,Peavy Pond,04/20/2004,
5077,3814,NOP,8457,Peavy Pond,Northern Lake Michigan Management Unit,Peavy Pond,04/20/2004,
5077,3818,NOP,8457,Peavy Pond,Northern Lake Michigan Management Unit,Peavy Pond,04/20/2004,
5077,3822,NOP,8457,Peavy Pond,Northern Lake Michigan Management Unit,Peavy Pond,04/20/2004,
5077,3823,NOP,8457,Peavy Pond,Northern Lake Michigan Management Unit,Peavy Pond,04/20/2004,
5077,3826,NOP,8457,Peavy Pond,Northern Lake Michigan Management Unit,Peavy Pond,04/20/2004,
5077,3827,NOP,8457,Peavy Pond,Northern Lake Michigan Management Unit,Peavy Pond,04/20/2004,
5077,3828,NOP,8457,Peavy Pond,Northern Lake Michigan Management Unit,Peavy Pond,04/20/2004,
5077,3829,NOP,8457,Peavy Pond,Northern Lake Michigan Management Unit,Peavy Pond,04/20/2004,
5077,3832,NOP,8457,Peavy Pond,Northern Lake Michigan Management Unit,Peavy Pond,04/20/2004,
5077,3833,NOP,8457,Peavy Pond,Northern Lake Michigan Management Unit,Peavy Pond,04/20/2004,
5077,3837,NOP,8457,Peavy Pond,Northern Lake Michigan Management Unit,Peavy Pond,04/20/2004,
5077,3838,NOP,8457,Peavy Pond,Northern Lake Michigan Management Unit,Peavy Pond,04/20/2004,
5077,3839,NOP,8457,Peavy Pond,Northern Lake Michigan Management Unit,Peavy Pond,04/20/2004,
5077,3841,NOP,8457,Peavy Pond,Northern Lake Michigan Management Unit,Peavy Pond,04/20/2004,
5077,3842,NOP,8457,Peavy Pond,Northern Lake Michigan Management Unit,Peavy Pond,04/20/2004,
5077,3844,NOP,8457,Peavy Pond,Northern Lake Michigan Management Unit,Peavy Pond,04/20/2004,
5077,3846,NOP,8457,Peavy Pond,Northern Lake Michigan Management Unit,Peavy Pond,04/20/2004,
5077,3847,NOP,8457,Peavy Pond,Northern Lake Michigan Management Unit,Peavy Pond,04/20/2004,
5077,3848,NOP,8457,Peavy Pond,Northern Lake Michigan Management Unit,Peavy Pond,04/20/2004,
5077,3849,NOP,8457,Peavy Pond,Northern Lake Michigan Management Unit,Peavy Pond,04/20/2004,
5077,3850,NOP,8457,Peavy Pond,Northern Lake Michigan Management Unit,Peavy Pond,04/20/2004,
5077,3851,NOP,8457,Peavy Pond,Northern Lake Michigan Management Unit,Peavy Pond,04/20/2004,
5077,3852,NOP,8457,Peavy Pond,Northern Lake Michigan Management Unit,Peavy Pond,04/20/2004,
5077,3854,NOP,8457,Peavy Pond,Northern Lake Michigan Management Unit,Peavy Pond,04/20/2004,
5077,3855,NOP,8457,Peavy Pond,Northern Lake Michigan Management Unit,Peavy Pond,04/20/2004,
5077,3857,NOP,8457,Peavy Pond,Northern Lake Michigan Management Unit,Peavy Pond,04/20/2004,
5077,3858,NOP,8457,Peavy Pond,Northern Lake Michigan Management Unit,Peavy Pond,04/20/2004,
5077,3860,NOP,8457,Peavy Pond,Northern Lake Michigan Management Unit,Peavy Pond,04/20/2004,
5077,3861,NOP,8457,Peavy Pond,Northern Lake Michigan Management Unit,Peavy Pond,04/20/2004,
5077,3863,NOP,8457,Peavy Pond,Northern Lake Michigan Management Unit,Peavy Pond,04/20/2004,
5077,3869,NOP,8457,Peavy Pond,Northern Lake Michigan Management Unit,Peavy Pond,04/20/2004,
5077,3871,NOP,8457,Peavy Pond,Northern Lake Michigan Management Unit,Peavy Pond,04/20/2004,
5077,3872,NOP,8457,Peavy Pond,Northern Lake Michigan Management Unit,Peavy Pond,04/20/2004,
5077,3873,NOP,8457,Peavy Pond,Northern Lake Michigan Management Unit,Peavy Pond,04/20/2004,
5077,3874,NOP,8457,Peavy Pond,Northern Lake Michigan Management Unit,Peavy Pond,04/20/2004,
5077,3876,NOP,8457,Peavy Pond,Northern Lake Michigan Management Unit,Peavy Pond,04/20/2004,
5077,3878,WAE,8457,Peavy Pond,Northern Lake Michigan Management Unit,Peavy Pond,04/20/2004,
5077,3880,NOP,8457,Peavy Pond,Northern Lake Michigan Management Unit,Peavy Pond,04/20/2004,
5077,3881,NOP,8457,Peavy Pond,Northern Lake Michigan Management Unit,Peavy Pond,04/20/2004,
5077,3885,NOP,8457,Peavy Pond,Northern Lake Michigan Management Unit,Peavy Pond,04/20/2004,
5077,3886,NOP,8457,Peavy Pond,Northern Lake Michigan Management Unit,Peavy Pond,04/20/2004,
5077,3886,WAE,8457,Peavy Pond,Northern Lake Michigan Management Unit,Peavy Pond,04/20/2004,
5077,3887,NOP,8457,Peavy Pond,Northern Lake Michigan Management Unit,Peavy Pond,04/20/2004,
5077,3889,NOP,8457,Peavy Pond,Northern Lake Michigan Management Unit,Peavy Pond,04/20/2004,
5077,3890,NOP,8457,Peavy Pond,Northern Lake Michigan Management Unit,Peavy Pond,04/20/2004,
5077,3891,NOP,8457,Peavy Pond,Northern Lake Michigan Management Unit,Peavy Pond,04/20/2004,
5077,3892,NOP,8457,Peavy Pond,Northern Lake Michigan Management Unit,Peavy Pond,04/20/2004,
5077,3894,NOP,8457,Peavy Pond,Northern Lake Michigan Management Unit,Peavy Pond,04/20/2004,
5077,3895,NOP,8457,Peavy Pond,Northern Lake Michigan Management Unit,Peavy Pond,04/20/2004,
5077,3896,NOP,8457,Peavy Pond,Northern Lake Michigan Management Unit,Peavy Pond,04/20/2004,
5077,3898,NOP,8457,Peavy Pond,Northern Lake Michigan Management Unit,Peavy Pond,04/20/2004,
5077,3899,NOP,8457,Peavy Pond,Northern Lake Michigan Management Unit,Peavy Pond,04/20/2004,
5077,3901,NOP,8457,Peavy Pond,Northern Lake Michigan Management Unit,Peavy Pond,04/20/2004,
5077,3902,NOP,8457,Peavy Pond,Northern Lake Michigan Management Unit,Peavy Pond,04/20/2004,
5077,3902,WAE,8457,Peavy Pond,Northern Lake Michigan Management Unit,Peavy Pond,04/20/2004,
5077,3911,NOP,8457,Peavy Pond,Northern Lake Michigan Management Unit,Peavy Pond,04/20/2004,
5077,3912,NOP,8457,Peavy Pond,Northern Lake Michigan Management Unit,Peavy Pond,04/20/2004,
5077,3913,NOP,8457,Peavy Pond,Northern Lake Michigan Management Unit,Peavy Pond,04/20/2004,
5077,3914,NOP,8457,Peavy Pond,Northern Lake Michigan Management Unit,Peavy Pond,04/20/2004,
5077,3915,WAE,8457,Peavy Pond,Northern Lake Michigan Management Unit,Peavy Pond,04/20/2004,
5077,3919,NOP,8457,Peavy Pond,Northern Lake Michigan Management Unit,Peavy Pond,04/20/2004,
5077,3920,NOP,8457,Peavy Pond,Northern Lake Michigan Management Unit,Peavy Pond,04/20/2004,
5077,3921,NOP,8457,Peavy Pond,Northern Lake Michigan Management Unit,Peavy Pond,04/20/2004,
5077,3924,NOP,8457,Peavy Pond,Northern Lake Michigan Management Unit,Peavy Pond,04/20/2004,
5077,3925,NOP,8457,Peavy Pond,Northern Lake Michigan Management Unit,Peavy Pond,04/20/2004,
5077,3926,NOP,8457,Peavy Pond,Northern Lake Michigan Management Unit,Peavy Pond,04/20/2004,
5077,3928,NOP,8457,Peavy Pond,Northern Lake Michigan Management Unit,Peavy Pond,04/20/2004,
5077,3930,NOP,8457,Peavy Pond,Northern Lake Michigan Management Unit,Peavy Pond,04/20/2004,
5077,3931,NOP,8457,Peavy Pond,Northern Lake Michigan Management Unit,Peavy Pond,04/20/2004,
5077,3932,NOP,8457,Peavy Pond,Northern Lake Michigan Management Unit,Peavy Pond,04/20/2004,
5077,3933,NOP,8457,Peavy Pond,Northern Lake Michigan Management Unit,Peavy Pond,04/20/2004,
5077,3934,NOP,8457,Peavy Pond,Northern Lake Michigan Management Unit,Peavy Pond,04/20/2004,
5077,3935,NOP,8457,Peavy Pond,Northern Lake Michigan Management Unit,Peavy Pond,04/20/2004,
5077,3937,NOP,8457,Peavy Pond,Northern Lake Michigan Management Unit,Peavy Pond,04/20/2004,
5077,3939,NOP,8457,Peavy Pond,Northern Lake Michigan Management Unit,Peavy Pond,04/20/2004,
5077,3941,NOP,8457,Peavy Pond,Northern Lake Michigan Management Unit,Peavy Pond,04/20/2004,
5077,3947,NOP,8457,Peavy Pond,Northern Lake Michigan Management Unit,Peavy Pond,04/20/2004,
5077,3948,NOP,8457,Peavy Pond,Northern Lake Michigan Management Unit,Peavy Pond,04/20/2004,
5077,3949,NOP,8457,Peavy Pond,Northern Lake Michigan Management Unit,Peavy Pond,04/20/2004,
5077,3950,NOP,8457,Peavy Pond,Northern Lake Michigan Management Unit,Peavy Pond,04/20/2004,
5077,3951,NOP,8457,Peavy Pond,Northern Lake Michigan Management Unit,Peavy Pond,04/20/2004,
5077,3952,NOP,8457,Peavy Pond,Northern Lake Michigan Management Unit,Peavy Pond,04/20/2004,
5077,3954,NOP,8457,Peavy Pond,Northern Lake Michigan Management Unit,Peavy Pond,04/20/2004,
5077,3955,NOP,8457,Peavy Pond,Northern Lake Michigan Management Unit,Peavy Pond,04/20/2004,
5077,3962,NOP,8457,Peavy Pond,Northern Lake Michigan Management Unit,Peavy Pond,04/20/2004,
5077,3964,NOP,8457,Peavy Pond,Northern Lake Michigan Management Unit,Peavy Pond,04/20/2004,
5077,3965,NOP,8457,Peavy Pond,Northern Lake Michigan Management Unit,Peavy Pond,04/20/2004,
5077,3966,NOP,8457,Peavy Pond,Northern Lake Michigan Management Unit,Peavy Pond,04/20/2004,
5077,3967,NOP,8457,Peavy Pond,Northern Lake Michigan Management Unit,Peavy Pond,04/20/2004,
5077,3968,NOP,8457,Peavy Pond,Northern Lake Michigan Management Unit,Peavy Pond,04/20/2004,
5077,3969,NOP,8457,Peavy Pond,Northern Lake Michigan Management Unit,Peavy Pond,04/20/2004,
5077,3971,NOP,8457,Peavy Pond,Northern Lake Michigan Management Unit,Peavy Pond,04/20/2004,
5077,3972,NOP,8457,Peavy Pond,Northern Lake Michigan Management Unit,Peavy Pond,04/20/2004,
5077,3973,NOP,8457,Peavy Pond,Northern Lake Michigan Management Unit,Peavy Pond,04/20/2004,
5077,3973,WAE,8457,Peavy Pond,Northern Lake Michigan Management Unit,Peavy Pond,04/20/2004,
5077,3974,NOP,8457,Peavy Pond,Northern Lake Michigan Management Unit,Peavy Pond,04/20/2004,
5077,3975,NOP,8457,Peavy Pond,Northern Lake Michigan Management Unit,Peavy Pond,04/20/2004,
5077,3976,NOP,8457,Peavy Pond,Northern Lake Michigan Management Unit,Peavy Pond,04/20/2004,
5077,3977,NOP,8457,Peavy Pond,Northern Lake Michigan Management Unit,Peavy Pond,04/20/2004,
5077,3979,NOP,8457,Peavy Pond,Northern Lake Michigan Management Unit,Peavy Pond,04/20/2004,
5077,3980,NOP,8457,Peavy Pond,Northern Lake Michigan Management Unit,Peavy Pond,04/20/2004,
5077,3987,NOP,8457,Peavy Pond,Northern Lake Michigan Management Unit,Peavy Pond,04/20/2004,
5077,3989,NOP,8457,Peavy Pond,Northern Lake Michigan Management Unit,Peavy Pond,04/20/2004,
5077,3991,NOP,8457,Peavy Pond,Northern Lake Michigan Management Unit,Peavy Pond,04/20/2004,
5077,3992,NOP,8457,Peavy Pond,Northern Lake Michigan Management Unit,Peavy Pond,04/20/2004,
5077,3993,NOP,8457,Peavy Pond,Northern Lake Michigan Management Unit,Peavy Pond,04/20/2004,
5077,3994,NOP,8457,Peavy Pond,Northern Lake Michigan Management Unit,Peavy Pond,04/20/2004,
5077,3996,NOP,8457,Peavy Pond,Northern Lake Michigan Management Unit,Peavy Pond,04/20/2004,
5077,3996,WAE,8457,Peavy Pond,Northern Lake Michigan Management Unit,Peavy Pond,04/20/2004,
5077,3997,NOP,8457,Peavy Pond,Northern Lake Michigan Management Unit,Peavy Pond,04/20/2004,
5077,3999,NOP,8457,Peavy Pond,Northern Lake Michigan Management Unit,Peavy Pond,04/20/2004,
5077,4000,NOP,8457,Peavy Pond,Northern Lake Michigan Management Unit,Peavy Pond,04/20/2004,
5077,4001,NOP,8457,Peavy Pond,Northern Lake Michigan Management Unit,Peavy Pond,04/20/2004,
5077,4001,WAE,8457,Peavy Pond,Northern Lake Michigan Management Unit,Peavy Pond,04/20/2004,
5077,4003,NOP,8457,Peavy Pond,Northern Lake Michigan Management Unit,Peavy Pond,04/20/2004,
5077,4004,NOP,8457,Peavy Pond,Northern Lake Michigan Management Unit,Peavy Pond,04/20/2004,
5077,4005,NOP,8457,Peavy Pond,Northern Lake Michigan Management Unit,Peavy Pond,04/20/2004,
5077,4009,NOP,8457,Peavy Pond,Northern Lake Michigan Management Unit,Peavy Pond,04/20/2004,
5077,4010,NOP,8457,Peavy Pond,Northern Lake Michigan Management Unit,Peavy Pond,04/20/2004,
5077,4012,NOP,8457,Peavy Pond,Northern Lake Michigan Management Unit,Peavy Pond,04/20/2004,
5077,4013,NOP,8457,Peavy Pond,Northern Lake Michigan Management Unit,Peavy Pond,04/20/2004,
5077,4014,NOP,8457,Peavy Pond,Northern Lake Michigan Management Unit,Peavy Pond,04/20/2004,
5077,4015,NOP,8457,Peavy Pond,Northern Lake Michigan Management Unit,Peavy Pond,04/20/2004,
5077,4017,NOP,8457,Peavy Pond,Northern Lake Michigan Management Unit,Peavy Pond,04/20/2004,
5077,4018,NOP,8457,Peavy Pond,Northern Lake Michigan Management Unit,Peavy Pond,04/20/2004,
5077,4024,NOP,8457,Peavy Pond,Northern Lake Michigan Management Unit,Peavy Pond,04/20/2004,
5077,4025,NOP,8457,Peavy Pond,Northern Lake Michigan Management Unit,Peavy Pond,04/20/2004,
5077,4027,NOP,8457,Peavy Pond,Northern Lake Michigan Management Unit,Peavy Pond,04/20/2004,
5077,4030,NOP,8457,Peavy Pond,Northern Lake Michigan Management Unit,Peavy Pond,04/20/2004,
5077,4033,NOP,8457,Peavy Pond,Northern Lake Michigan Management Unit,Peavy Pond,04/20/2004,
5077,4036,NOP,8457,Peavy Pond,Northern Lake Michigan Management Unit,Peavy Pond,04/20/2004,
5077,4037,NOP,8457,Peavy Pond,Northern Lake Michigan Management Unit,Peavy Pond,04/20/2004,
5077,4040,NOP,8457,Peavy Pond,Northern Lake Michigan Management Unit,Peavy Pond,04/20/2004,
5077,4041,NOP,8457,Peavy Pond,Northern Lake Michigan Management Unit,Peavy Pond,04/20/2004,
5077,4042,NOP,8457,Peavy Pond,Northern Lake Michigan Management Unit,Peavy Pond,04/20/2004,
5077,4042,WAE,8457,Peavy Pond,Northern Lake Michigan Management Unit,Peavy Pond,04/20/2004,
5077,4046,NOP,8457,Peavy Pond,Northern Lake Michigan Management Unit,Peavy Pond,04/20/2004,
5077,4048,WAE,8457,Peavy Pond,Northern Lake Michigan Management Unit,Peavy Pond,04/20/2004,
5077,4049,NOP,8457,Peavy Pond,Northern Lake Michigan Management Unit,Peavy Pond,04/20/2004,
5077,4050,NOP,8457,Peavy Pond,Northern Lake Michigan Management Unit,Peavy Pond,04/20/2004,
5077,4052,NOP,8457,Peavy Pond,Northern Lake Michigan Management Unit,Peavy Pond,04/20/2004,
5077,4057,NOP,8457,Peavy Pond,Northern Lake Michigan Management Unit,Peavy Pond,04/20/2004,
5077,4057,WAE,8457,Peavy Pond,Northern Lake Michigan Management Unit,Peavy Pond,04/20/2004,
5077,4058,NOP,8457,Peavy Pond,Northern Lake Michigan Management Unit,Peavy Pond,04/20/2004,
5077,4059,NOP,8457,Peavy Pond,Northern Lake Michigan Management Unit,Peavy Pond,04/20/2004,
5077,4060,WAE,8457,Peavy Pond,Northern Lake Michigan Management Unit,Peavy Pond,04/20/2004,
5077,4061,NOP,8457,Peavy Pond,Northern Lake Michigan Management Unit,Peavy Pond,04/20/2004,
5077,4062,NOP,8457,Peavy Pond,Northern Lake Michigan Management Unit,Peavy Pond,04/20/2004,
5077,4063,WAE,8457,Peavy Pond,Northern Lake Michigan Management Unit,Peavy Pond,04/20/2004,
5077,4064,NOP,8457,Peavy Pond,Northern Lake Michigan Management Unit,Peavy Pond,04/20/2004,
5077,4066,NOP,8457,Peavy Pond,Northern Lake Michigan Management Unit,Peavy Pond,04/20/2004,
5077,4067,NOP,8457,Peavy Pond,Northern Lake Michigan Management Unit,Peavy Pond,04/20/2004,
5077,4070,NOP,8457,Peavy Pond,Northern Lake Michigan Management Unit,Peavy Pond,04/20/2004,
5077,4071,NOP,8457,Peavy Pond,Northern Lake Michigan Management Unit,Peavy Pond,04/20/2004,
5077,4072,NOP,8457,Peavy Pond,Northern Lake Michigan Management Unit,Peavy Pond,04/20/2004,
5077,4073,NOP,8457,Peavy Pond,Northern Lake Michigan Management Unit,Peavy Pond,04/20/2004,
5077,4075,NOP,8457,Peavy Pond,Northern Lake Michigan Management Unit,Peavy Pond,04/20/2004,
5077,4076,NOP,8457,Peavy Pond,Northern Lake Michigan Management Unit,Peavy Pond,04/20/2004,
5077,4077,NOP,8457,Peavy Pond,Northern Lake Michigan Management Unit,Peavy Pond,04/20/2004,
5077,4078,NOP,8457,Peavy Pond,Northern Lake Michigan Management Unit,Peavy Pond,04/20/2004,
5077,4079,NOP,8457,Peavy Pond,Northern Lake Michigan Management Unit,Peavy Pond,04/20/2004,
5077,4080,NOP,8457,Peavy Pond,Northern Lake Michigan Management Unit,Peavy Pond,04/20/2004,
5077,4082,NOP,8457,Peavy Pond,Northern Lake Michigan Management Unit,Peavy Pond,04/20/2004,
5077,4083,NOP,8457,Peavy Pond,Northern Lake Michigan Management Unit,Peavy Pond,04/20/2004,
5077,4084,NOP,8457,Peavy Pond,Northern Lake Michigan Management Unit,Peavy Pond,04/20/2004,
5077,4085,NOP,8457,Peavy Pond,Northern Lake Michigan Management Unit,Peavy Pond,04/20/2004,
5077,4087,NOP,8457,Peavy Pond,Northern Lake Michigan Management Unit,Peavy Pond,04/20/2004,
5077,4088,NOP,8457,Peavy Pond,Northern Lake Michigan Management Unit,Peavy Pond,04/20/2004,
5077,4094,NOP,8457,Peavy Pond,Northern Lake Michigan Management Unit,Peavy Pond,04/20/2004,
5077,4094,WAE,8457,Peavy Pond,Northern Lake Michigan Management Unit,Peavy Pond,04/20/2004,
5077,4095,NOP,8457,Peavy Pond,Northern Lake Michigan Management Unit,Peavy Pond,04/20/2004,
5077,4096,NOP,8457,Peavy Pond,Northern Lake Michigan Management Unit,Peavy Pond,04/20/2004,
5077,4097,NOP,8457,Peavy Pond,Northern Lake Michigan Management Unit,Peavy Pond,04/20/2004,
5077,4098,NOP,8457,Peavy Pond,Northern Lake Michigan Management Unit,Peavy Pond,04/20/2004,
5077,4098,WAE,8457,Peavy Pond,Northern Lake Michigan Management Unit,Peavy Pond,04/20/2004,
5077,4100,NOP,8457,Peavy Pond,Northern Lake Michigan Management Unit,Peavy Pond,04/20/2004,
5077,4101,NOP,8457,Peavy Pond,Northern Lake Michigan Management Unit,Peavy Pond,04/20/2004,
5077,4102,NOP,8457,Peavy Pond,Northern Lake Michigan Management Unit,Peavy Pond,04/20/2004,
5077,4105,NOP,8457,Peavy Pond,Northern Lake Michigan Management Unit,Peavy Pond,04/20/2004,
5077,4107,NOP,8457,Peavy Pond,Northern Lake Michigan Management Unit,Peavy Pond,04/20/2004,
5077,4108,NOP,8457,Peavy Pond,Northern Lake Michigan Management Unit,Peavy Pond,04/20/2004,
5077,4109,NOP,8457,Peavy Pond,Northern Lake Michigan Management Unit,Peavy Pond,04/20/2004,
5077,4110,NOP,8457,Peavy Pond,Northern Lake Michigan Management Unit,Peavy Pond,04/20/2004,
5077,4111,NOP,8457,Peavy Pond,Northern Lake Michigan Management Unit,Peavy Pond,04/20/2004,
5077,4112,NOP,8457,Peavy Pond,Northern Lake Michigan Management Unit,Peavy Pond,04/20/2004,
5077,4113,NOP,8457,Peavy Pond,Northern Lake Michigan Management Unit,Peavy Pond,04/20/2004,
5077,4114,NOP,8457,Peavy Pond,Northern Lake Michigan Management Unit,Peavy Pond,04/20/2004,
5077,4115,NOP,8457,Peavy Pond,Northern Lake Michigan Management Unit,Peavy Pond,04/20/2004,
5077,4115,WAE,8457,Peavy Pond,Northern Lake Michigan Management Unit,Peavy Pond,04/20/2004,
5077,4116,NOP,8457,Peavy Pond,Northern Lake Michigan Management Unit,Peavy Pond,04/20/2004,
5077,4118,NOP,8457,Peavy Pond,Northern Lake Michigan Management Unit,Peavy Pond,04/20/2004,
5077,4119,NOP,8457,Peavy Pond,Northern Lake Michigan Management Unit,Peavy Pond,04/20/2004,
5077,4120,NOP,8457,Peavy Pond,Northern Lake Michigan Management Unit,Peavy Pond,04/20/2004,
5077,4121,NOP,8457,Peavy Pond,Northern Lake Michigan Management Unit,Peavy Pond,04/20/2004,
5077,4121,WAE,8457,Peavy Pond,Northern Lake Michigan Management Unit,Peavy Pond,04/20/2004,
5077,4122,NOP,8457,Peavy Pond,Northern Lake Michigan Management Unit,Peavy Pond,04/20/2004,
5077,4123,NOP,8457,Peavy Pond,Northern Lake Michigan Management Unit,Peavy Pond,04/20/2004,
5077,4124,NOP,8457,Peavy Pond,Northern Lake Michigan Management Unit,Peavy Pond,04/20/2004,
5077,4127,NOP,8457,Peavy Pond,Northern Lake Michigan Management Unit,Peavy Pond,04/20/2004,
5077,4128,WAE,8457,Peavy Pond,Northern Lake Michigan Management Unit,Peavy Pond,04/20/2004,
5077,4129,NOP,8457,Peavy Pond,Northern Lake Michigan Management Unit,Peavy Pond,04/20/2004,
5077,4130,NOP,8457,Peavy Pond,Northern Lake Michigan Management Unit,Peavy Pond,04/20/2004,
5077,4131,NOP,8457,Peavy Pond,Northern Lake Michigan Management Unit,Peavy Pond,04/20/2004,
5077,4131,WAE,8457,Peavy Pond,Northern Lake Michigan Management Unit,Peavy Pond,04/20/2004,
5077,4132,NOP,8457,Peavy Pond,Northern Lake Michigan Management Unit,Peavy Pond,04/20/2004,
5077,4133,NOP,8457,Peavy Pond,Northern Lake Michigan Management Unit,Peavy Pond,04/20/2004,
5077,4134,NOP,8457,Peavy Pond,Northern Lake Michigan Management Unit,Peavy Pond,04/20/2004,
5077,4134,WAE,8457,Peavy Pond,Northern Lake Michigan Management Unit,Peavy Pond,04/20/2004,
5077,4135,NOP,8457,Peavy Pond,Northern Lake Michigan Management Unit,Peavy Pond,04/20/2004,
5077,4136,NOP,8457,Peavy Pond,Northern Lake Michigan Management Unit,Peavy Pond,04/20/2004,
5077,4137,NOP,8457,Peavy Pond,Northern Lake Michigan Management Unit,Peavy Pond,04/20/2004,
5077,4138,NOP,8457,Peavy Pond,Northern Lake Michigan Management Unit,Peavy Pond,04/20/2004,
5077,4139,NOP,8457,Peavy Pond,Northern Lake Michigan Management Unit,Peavy Pond,04/20/2004,
5077,4139,WAE,8457,Peavy Pond,Northern Lake Michigan Management Unit,Peavy Pond,04/20/2004,
5077,4140,WAE,8457,Peavy Pond,Northern Lake Michigan Management Unit,Peavy Pond,04/20/2004,
5077,4141,NOP,8457,Peavy Pond,Northern Lake Michigan Management Unit,Peavy Pond,04/20/2004,
5077,4144,NOP,8457,Peavy Pond,Northern Lake Michigan Management Unit,Peavy Pond,04/20/2004,
5077,4147,NOP,8457,Peavy Pond,Northern Lake Michigan Management Unit,Peavy Pond,04/20/2004,
5077,4148,NOP,8457,Peavy Pond,Northern Lake Michigan Management Unit,Peavy Pond,04/20/2004,
5081,1,CWS,8454,Alberta Pond,Western Lake Superior Management Unit,Alberta Pond,10/28/2003,
5082,2,YEP,8453,Lake Manganese,Western Lake Superior Management Unit,Lake Manganese,10/14/2003,
5082,13,YEP,8453,Lake Manganese,Western Lake Superior Management Unit,Lake Manganese,10/14/2003,
5085,1,BNM,8450,Turtle Creek,Northern Lake Huron Management Unit,Unnamed road on Turtle Creek,07/15/2004,
5085,1,CRC,8450,Turtle Creek,Northern Lake Huron Management Unit,Unnamed road on Turtle Creek,07/15/2004,
5085,1,MMW,8450,Turtle Creek,Northern Lake Huron Management Unit,Unnamed road on Turtle Creek,07/15/2004,
5171,1,CWS,8375,Beatons Lake,Western Lake Superior Management Unit,Beatons Lake,05/04/2004,
5202,14,BLG,8348,Hanley Lake,Central Lake Michigan Management Unit,Hanley Lake,06/20/2005,
5235,4599,WAE,8326,Black Lake,Northern Lake Huron Management Unit,Black Lake,04/11/2005,
5235,4603,WAE,8326,Black Lake,Northern Lake Huron Management Unit,Black Lake,04/11/2005,
5235,4606,NOP,8326,Black Lake,Northern Lake Huron Management Unit,Black Lake,04/11/2005,
5235,4608,NOP,8326,Black Lake,Northern Lake Huron Management Unit,Black Lake,04/11/2005,
5235,4609,NOP,8326,Black Lake,Northern Lake Huron Management Unit,Black Lake,04/11/2005,
5235,4615,WAE,8326,Black Lake,Northern Lake Huron Management Unit,Black Lake,04/11/2005,
5235,4624,WAE,8326,Black Lake,Northern Lake Huron Management Unit,Black Lake,04/11/2005,
5235,4627,WAE,8326,Black Lake,Northern Lake Huron Management Unit,Black Lake,04/11/2005,
5235,4634,NOP,8326,Black Lake,Northern Lake Huron Management Unit,Black Lake,04/11/2005,
5235,4637,WAE,8326,Black Lake,Northern Lake Huron Management Unit,Black Lake,04/11/2005,
5235,4638,WAE,8326,Black Lake,Northern Lake Huron Management Unit,Black Lake,04/11/2005,
5235,4648,WAE,8326,Black Lake,Northern Lake Huron Management Unit,Black Lake,04/11/2005,
5235,4649,WAE,8326,Black Lake,Northern Lake Huron Management Unit,Black Lake,04/11/2005,
5235,4653,NOP,8326,Black Lake,Northern Lake Huron Management Unit,Black Lake,04/11/2005,
5235,4657,WAE,8326,Black Lake,Northern Lake Huron Management Unit,Black Lake,04/11/2005,
5235,4659,NOP,8326,Black Lake,Northern Lake Huron Management Unit,Black Lake,04/11/2005,
5235,4660,WAE,8326,Black Lake,Northern Lake Huron Management Unit,Black Lake,04/11/2005,
5235,4662,NOP,8326,Black Lake,Northern Lake Huron Management Unit,Black Lake,04/11/2005,
5235,4670,WAE,8326,Black Lake,Northern Lake Huron Management Unit,Black Lake,04/11/2005,
5235,4671,NOP,8326,Black Lake,Northern Lake Huron Management Unit,Black Lake,04/11/2005,
5235,4671,WAE,8326,Black Lake,Northern Lake Huron Management Unit,Black Lake,04/11/2005,
5235,4673,NOP,8326,Black Lake,Northern Lake Huron Management Unit,Black Lake,04/11/2005,
5235,4678,WAE,8326,Black Lake,Northern Lake Huron Management Unit,Black Lake,04/11/2005,
5235,4682,WAE,8326,Black Lake,Northern Lake Huron Management Unit,Black Lake,04/11/2005,
5235,4689,NOP,8326,Black Lake,Northern Lake Huron Management Unit,Black Lake,04/11/2005,
5235,4689,WAE,8326,Black Lake,Northern Lake Huron Management Unit,Black Lake,04/11/2005,
5235,4704,WAE,8326,Black Lake,Northern Lake Huron Management Unit,Black Lake,04/11/2005,
5235,4709,NOP,8326,Black Lake,Northern Lake Huron Management Unit,Black Lake,04/11/2005,
5235,4720,WAE,8326,Black Lake,Northern Lake Huron Management Unit,Black Lake,04/11/2005,
5235,4734,SMB,8326,Black Lake,Northern Lake Huron Management Unit,Black Lake,04/11/2005,
5235,4748,SMB,8326,Black Lake,Northern Lake Huron Management Unit,Black Lake,04/11/2005,
5235,4750,NOP,8326,Black Lake,Northern Lake Huron Management Unit,Black Lake,04/11/2005,
5235,4754,NOP,8326,Black Lake,Northern Lake Huron Management Unit,Black Lake,04/11/2005,
5235,4757,NOP,8326,Black Lake,Northern Lake Huron Management Unit,Black Lake,04/11/2005,
5235,4760,NOP,8326,Black Lake,Northern Lake Huron Management Unit,Black Lake,04/11/2005,
5235,4764,RKB,8326,Black Lake,Northern Lake Huron Management Unit,Black Lake,04/11/2005,
5235,4767,WAE,8326,Black Lake,Northern Lake Huron Management Unit,Black Lake,04/11/2005,
5235,4769,NOP,8326,Black Lake,Northern Lake Huron Management Unit,Black Lake,04/11/2005,
5235,4769,WAE,8326,Black Lake,Northern Lake Huron Management Unit,Black Lake,04/11/2005,
5235,4773,NOP,8326,Black Lake,Northern Lake Huron Management Unit,Black Lake,04/11/2005,
5235,4775,NOP,8326,Black Lake,Northern Lake Huron Management Unit,Black Lake,04/11/2005,
5235,4778,NOP,8326,Black Lake,Northern Lake Huron Management Unit,Black Lake,04/11/2005,
5235,4779,WAE,8326,Black Lake,Northern Lake Huron Management Unit,Black Lake,04/11/2005,
5235,4780,WAE,8326,Black Lake,Northern Lake Huron Management Unit,Black Lake,04/11/2005,
5235,4781,NOP,8326,Black Lake,Northern Lake Huron Management Unit,Black Lake,04/11/2005,
5235,4783,NOP,8326,Black Lake,Northern Lake Huron Management Unit,Black Lake,04/11/2005,
5235,4788,NOP,8326,Black Lake,Northern Lake Huron Management Unit,Black Lake,04/11/2005,
5235,4790,NOP,8326,Black Lake,Northern Lake Huron Management Unit,Black Lake,04/11/2005,
5235,4791,NOP,8326,Black Lake,Northern Lake Huron Management Unit,Black Lake,04/11/2005,
5235,4797,NOP,8326,Black Lake,Northern Lake Huron Management Unit,Black Lake,04/11/2005,
5235,4803,NOP,8326,Black Lake,Northern Lake Huron Management Unit,Black Lake,04/11/2005,
5235,4811,NOP,8326,Black Lake,Northern Lake Huron Management Unit,Black Lake,04/11/2005,
5235,4813,NOP,8326,Black Lake,Northern Lake Huron Management Unit,Black Lake,04/11/2005,
5235,4826,NOP,8326,Black Lake,Northern Lake Huron Management Unit,Black Lake,04/11/2005,
5235,4832,NOP,8326,Black Lake,Northern Lake Huron Management Unit,Black Lake,04/11/2005,
5235,4837,NOP,8326,Black Lake,Northern Lake Huron Management Unit,Black Lake,04/11/2005,
5235,4849,NOP,8326,Black Lake,Northern Lake Huron Management Unit,Black Lake,04/11/2005,
5235,4853,NOP,8326,Black Lake,Northern Lake Huron Management Unit,Black Lake,04/11/2005,
5235,4858,NOP,8326,Black Lake,Northern Lake Huron Management Unit,Black Lake,04/11/2005,
5235,4861,NOP,8326,Black Lake,Northern Lake Huron Management Unit,Black Lake,04/11/2005,
5235,4870,NOP,8326,Black Lake,Northern Lake Huron Management Unit,Black Lake,04/11/2005,
5235,4872,NOP,8326,Black Lake,Northern Lake Huron Management Unit,Black Lake,04/11/2005,
5235,4936,WAE,8326,Black Lake,Northern Lake Huron Management Unit,Black Lake,04/11/2005,
5235,4944,NOP,8326,Black Lake,Northern Lake Huron Management Unit,Black Lake,04/11/2005,
5235,4949,WAE,8326,Black Lake,Northern Lake Huron Management Unit,Black Lake,04/11/2005,
5235,4950,WAE,8326,Black Lake,Northern Lake Huron Management Unit,Black Lake,04/11/2005,
5235,4955,WAE,8326,Black Lake,Northern Lake Huron Management Unit,Black Lake,04/11/2005,
5235,4958,WAE,8326,Black Lake,Northern Lake Huron Management Unit,Black Lake,04/11/2005,
5235,4972,WAE,8326,Black Lake,Northern Lake Huron Management Unit,Black Lake,04/11/2005,
5235,4974,WAE,8326,Black Lake,Northern Lake Huron Management Unit,Black Lake,04/11/2005,
5235,4985,WAE,8326,Black Lake,Northern Lake Huron Management Unit,Black Lake,04/11/2005,
5235,4986,NOP,8326,Black Lake,Northern Lake Huron Management Unit,Black Lake,04/11/2005,
5235,4986,WAE,8326,Black Lake,Northern Lake Huron Management Unit,Black Lake,04/11/2005,
5235,4990,NOP,8326,Black Lake,Northern Lake Huron Management Unit,Black Lake,04/11/2005,
5235,4993,WAE,8326,Black Lake,Northern Lake Huron Management Unit,Black Lake,04/11/2005,
5235,5012,WAE,8326,Black Lake,Northern Lake Huron Management Unit,Black Lake,04/11/2005,
5235,5015,WAE,8326,Black Lake,Northern Lake Huron Management Unit,Black Lake,04/11/2005,
5235,5027,WAE,8326,Black Lake,Northern Lake Huron Management Unit,Black Lake,04/11/2005,
5237,3,LND,8324;16074;16075,Carp River,Eastern Lake Superior Management Unit,M-35;County Road NP;Heritage Drive,08/16/2004,
5258,2,BNT,8305,East Branch Fox River,Northern Lake Michigan Management Unit,M-77 S&T Fixed Site,08/30/2004,
5260,1,YEP,8303,Plymouth Lake,Western Lake Superior Management Unit,Plymouth Lake,10/19/2004,
5283,3,FHM,8282,Swanzy Lake,Northern Lake Michigan Management Unit,Swanzy Lake,10/01/2002,
5283,3,GOS,8282,Swanzy Lake,Northern Lake Michigan Management Unit,Swanzy Lake,10/01/2002,
5283,3,PSF,8282,Swanzy Lake,Northern Lake Michigan Management Unit,Swanzy Lake,10/01/2002,
5306,1,BLG,8259,Lake Bellaire,Central Lake Michigan Management Unit,Lake Bellaire,06/06/2005,
5306,3,LNG,8259,Lake Bellaire,Central Lake Michigan Management Unit,Lake Bellaire,06/06/2005,
5307,1,BKT,8258,East Branch Tahquamenon River,Eastern Lake Superior Management Unit,M-28,07/21/2004,
5323,1,CHS,8245,Carp River,NA,DNR PAS- Mouth,09/13/2004,
5323,1,CWS,8245,Carp River,NA,DNR PAS- Mouth,09/13/2004,
5323,1,PKS,8245,Carp River,NA,DNR PAS- Mouth,09/13/2004,
5355,1,YEP,8219,Hagerman Lake,Northern Lake Michigan Management Unit,Hagerman Lake,01/18/1986,
5365,1,RBT EL,8209,Big Trout Lake,Eastern Lake Superior Management Unit,Big Trout Lake,05/05/2004,
5365,1,SMB,8209,Big Trout Lake,Eastern Lake Superior Management Unit,Big Trout Lake,05/05/2004,
5365,1,YEP,8209,Big Trout Lake,Eastern Lake Superior Management Unit,Big Trout Lake,05/05/2004,
5366,1,CWS,8208,Sporley Lake,Eastern Lake Superior Management Unit,Sporley Lake,05/05/2004,
5366,1,YEP,8208,Sporley Lake,Eastern Lake Superior Management Unit,Sporley Lake,05/05/2004,
5368,28,BLG,8206,Langford Lake,Western Lake Superior Management Unit,Langford Lake,06/07/2004,
5375,4,BUL,8200,Bob Lake,Western Lake Superior Management Unit,Bob Lake,06/14/2004,
5375,6,GOS,8200,Bob Lake,Western Lake Superior Management Unit,Bob Lake,06/14/2004,
5375,26,YEP,8200,Bob Lake,Western Lake Superior Management Unit,Bob Lake,06/14/2004,
5408,10,YEP,8169,Lake Medora,Western Lake Superior Management Unit,Lake Medora,06/14/2004,
5408,19,BNM,8169,Lake Medora,Western Lake Superior Management Unit,Lake Medora,06/14/2004,
5411,1,CWS,8166,Winslow Lake,Northern Lake Michigan Management Unit,Winslow Lake,04/23/1991,
5411,1,YEP,8166,Winslow Lake,Northern Lake Michigan Management Unit,Winslow Lake,04/23/1991,
5448,9,YEP,8139,Lake Manganese,Western Lake Superior Management Unit,Lake Manganese,09/27/2004,
5463,1,WAE,8129,Stager Lake,Northern Lake Michigan Management Unit,Stager Lake,05/13/1995,
5474,1,CWS,8118,Teal Lake,Eastern Lake Superior Management Unit,Teal Lake,05/10/2004,
5493,2,BKT,8106,Hopkins Creek,Central Lake Michigan Management Unit,Old S&T Fixed Site,08/29/2005,
5493,2,BNT,8106,Hopkins Creek,Central Lake Michigan Management Unit,Old S&T Fixed Site,08/29/2005,
5493,2,RBT,8106,Hopkins Creek,Central Lake Michigan Management Unit,Old S&T Fixed Site,08/29/2005,
5499,2,BKT,8105,Clam River,Central Lake Michigan Management Unit,M-55,08/22/2005,
5505,19,LMB,8099,Murray Lake,Southern Lake Michigan Management Unit,Murray Lake,05/01/2005,
5506,5,CWS,8098,Lake Gratiot,Western Lake Superior Management Unit,Lake Gratiot,05/23/2005,
5510,2,BCR,8094,Fletcher Pond,Northern Lake Huron Management Unit,Fletcher Pond,05/16/2005,
5510,5,BCR,8094,Fletcher Pond,Northern Lake Huron Management Unit,Fletcher Pond,05/16/2005,
5510,6,BCR,8094,Fletcher Pond,Northern Lake Huron Management Unit,Fletcher Pond,05/16/2005,
5510,9,BCR,8094,Fletcher Pond,Northern Lake Huron Management Unit,Fletcher Pond,05/16/2005,
5510,9,PSF,8094,Fletcher Pond,Northern Lake Huron Management Unit,Fletcher Pond,05/16/2005,
5510,13,BCR,8094,Fletcher Pond,Northern Lake Huron Management Unit,Fletcher Pond,05/16/2005,
5510,17,BCR,8094,Fletcher Pond,Northern Lake Huron Management Unit,Fletcher Pond,05/16/2005,
5510,21,BCR,8094,Fletcher Pond,Northern Lake Huron Management Unit,Fletcher Pond,05/16/2005,
5510,32,YEP,8094,Fletcher Pond,Northern Lake Huron Management Unit,Fletcher Pond,05/16/2005,
5510,38,RKB,8094,Fletcher Pond,Northern Lake Huron Management Unit,Fletcher Pond,05/16/2005,
5510,39,YEP,8094,Fletcher Pond,Northern Lake Huron Management Unit,Fletcher Pond,05/16/2005,
5510,52,BCR,8094,Fletcher Pond,Northern Lake Huron Management Unit,Fletcher Pond,05/16/2005,
5510,54,BCR,8094,Fletcher Pond,Northern Lake Huron Management Unit,Fletcher Pond,05/16/2005,
5510,61,BCR,8094,Fletcher Pond,Northern Lake Huron Management Unit,Fletcher Pond,05/16/2005,
5513,1,GOS,8091,Hoar Lake,Western Lake Superior Management Unit,Hoar Lake,08/24/2004,
5513,2,CRC,8091,Hoar Lake,Western Lake Superior Management Unit,Hoar Lake,08/24/2004,
5513,6,YEP,8091,Hoar Lake,Western Lake Superior Management Unit,Hoar Lake,08/24/2004,
5585,1,CAR,8028,Grand River,Southern Lake Michigan Management Unit,Below Portland Dam,06/28/2005,
5591,1,RBT,8022,Elm River,Western Lake Superior Management Unit,North Road,07/21/2004,
5599,2,BKT,8014,Manistee River,Central Lake Michigan Management Unit,M-72,08/27/1997,
5599,2,BNT,8014,Manistee River,Central Lake Michigan Management Unit,M-72,08/27/1997,
5602,2,BNT,8011,Manistee River,Central Lake Michigan Management Unit,M-72,08/30/2000,
5626,1,CAR,8003;16245,Battle Creek,Southern Lake Michigan Management Unit,Above former Elm St Dam;Trail crossing E of Division St,06/10/2004,
5655,4149,CWS,7986,Lake Gogebic,Western Lake Superior Management Unit,Lake Gogebic,04/13/2005,
5655,4149,NOP,7986,Lake Gogebic,Western Lake Superior Management Unit,Lake Gogebic,04/13/2005,
5655,4160,NOP,7986,Lake Gogebic,Western Lake Superior Management Unit,Lake Gogebic,04/13/2005,
5655,4161,NOP,7986,Lake Gogebic,Western Lake Superior Management Unit,Lake Gogebic,04/13/2005,
5655,4169,NOP,7986,Lake Gogebic,Western Lake Superior Management Unit,Lake Gogebic,04/13/2005,
5655,4170,NOP,7986,Lake Gogebic,Western Lake Superior Management Unit,Lake Gogebic,04/13/2005,
5655,4171,NOP,7986,Lake Gogebic,Western Lake Superior Management Unit,Lake Gogebic,04/13/2005,
5655,4180,NOP,7986,Lake Gogebic,Western Lake Superior Management Unit,Lake Gogebic,04/13/2005,
5655,4185,NOP,7986,Lake Gogebic,Western Lake Superior Management Unit,Lake Gogebic,04/13/2005,
5655,4186,CWS,7986,Lake Gogebic,Western Lake Superior Management Unit,Lake Gogebic,04/13/2005,
5655,4186,NOP,7986,Lake Gogebic,Western Lake Superior Management Unit,Lake Gogebic,04/13/2005,
5655,4187,NOP,7986,Lake Gogebic,Western Lake Superior Management Unit,Lake Gogebic,04/13/2005,
5655,4204,CWS,7986,Lake Gogebic,Western Lake Superior Management Unit,Lake Gogebic,04/13/2005,
5655,4213,WAE,7986,Lake Gogebic,Western Lake Superior Management Unit,Lake Gogebic,04/13/2005,
5655,4226,WAE,7986,Lake Gogebic,Western Lake Superior Management Unit,Lake Gogebic,04/13/2005,
5655,4228,WAE,7986,Lake Gogebic,Western Lake Superior Management Unit,Lake Gogebic,04/13/2005,
5655,4235,WAE,7986,Lake Gogebic,Western Lake Superior Management Unit,Lake Gogebic,04/13/2005,
5655,4243,WAE,7986,Lake Gogebic,Western Lake Superior Management Unit,Lake Gogebic,04/13/2005,
5655,4248,WAE,7986,Lake Gogebic,Western Lake Superior Management Unit,Lake Gogebic,04/13/2005,
5655,4250,WAE,7986,Lake Gogebic,Western Lake Superior Management Unit,Lake Gogebic,04/13/2005,
5655,4251,WAE,7986,Lake Gogebic,Western Lake Superior Management Unit,Lake Gogebic,04/13/2005,
5655,4252,WAE,7986,Lake Gogebic,Western Lake Superior Management Unit,Lake Gogebic,04/13/2005,
5655,4259,WAE,7986,Lake Gogebic,Western Lake Superior Management Unit,Lake Gogebic,04/13/2005,
5655,4262,WAE,7986,Lake Gogebic,Western Lake Superior Management Unit,Lake Gogebic,04/13/2005,
5655,4263,WAE,7986,Lake Gogebic,Western Lake Superior Management Unit,Lake Gogebic,04/13/2005,
5655,4264,NOP,7986,Lake Gogebic,Western Lake Superior Management Unit,Lake Gogebic,04/13/2005,
5655,4266,WAE,7986,Lake Gogebic,Western Lake Superior Management Unit,Lake Gogebic,04/13/2005,
5655,4267,WAE,7986,Lake Gogebic,Western Lake Superior Management Unit,Lake Gogebic,04/13/2005,
5655,4268,WAE,7986,Lake Gogebic,Western Lake Superior Management Unit,Lake Gogebic,04/13/2005,
5655,4270,WAE,7986,Lake Gogebic,Western Lake Superior Management Unit,Lake Gogebic,04/13/2005,
5655,4273,WAE,7986,Lake Gogebic,Western Lake Superior Management Unit,Lake Gogebic,04/13/2005,
5655,4274,WAE,7986,Lake Gogebic,Western Lake Superior Management Unit,Lake Gogebic,04/13/2005,
5655,4279,WAE,7986,Lake Gogebic,Western Lake Superior Management Unit,Lake Gogebic,04/13/2005,
5655,4281,WAE,7986,Lake Gogebic,Western Lake Superior Management Unit,Lake Gogebic,04/13/2005,
5655,4283,WAE,7986,Lake Gogebic,Western Lake Superior Management Unit,Lake Gogebic,04/13/2005,
5655,4287,WAE,7986,Lake Gogebic,Western Lake Superior Management Unit,Lake Gogebic,04/13/2005,
5655,4289,WAE,7986,Lake Gogebic,Western Lake Superior Management Unit,Lake Gogebic,04/13/2005,
5655,4291,WAE,7986,Lake Gogebic,Western Lake Superior Management Unit,Lake Gogebic,04/13/2005,
5655,4294,WAE,7986,Lake Gogebic,Western Lake Superior Management Unit,Lake Gogebic,04/13/2005,
5655,4295,WAE,7986,Lake Gogebic,Western Lake Superior Management Unit,Lake Gogebic,04/13/2005,
5655,4296,WAE,7986,Lake Gogebic,Western Lake Superior Management Unit,Lake Gogebic,04/13/2005,
5655,4297,WAE,7986,Lake Gogebic,Western Lake Superior Management Unit,Lake Gogebic,04/13/2005,
5655,4299,WAE,7986,Lake Gogebic,Western Lake Superior Management Unit,Lake Gogebic,04/13/2005,
5655,4299,YEP,7986,Lake Gogebic,Western Lake Superior Management Unit,Lake Gogebic,04/13/2005,
5655,4300,RKB,7986,Lake Gogebic,Western Lake Superior Management Unit,Lake Gogebic,04/13/2005,
5655,4300,YEP,7986,Lake Gogebic,Western Lake Superior Management Unit,Lake Gogebic,04/13/2005,
5655,4301,WAE,7986,Lake Gogebic,Western Lake Superior Management Unit,Lake Gogebic,04/13/2005,
5655,4302,WAE,7986,Lake Gogebic,Western Lake Superior Management Unit,Lake Gogebic,04/13/2005,
5655,4304,WAE,7986,Lake Gogebic,Western Lake Superior Management Unit,Lake Gogebic,04/13/2005,
5655,4305,NOP,7986,Lake Gogebic,Western Lake Superior Management Unit,Lake Gogebic,04/13/2005,
5655,4305,WAE,7986,Lake Gogebic,Western Lake Superior Management Unit,Lake Gogebic,04/13/2005,
5655,4306,WAE,7986,Lake Gogebic,Western Lake Superior Management Unit,Lake Gogebic,04/13/2005,
5655,4308,NOP,7986,Lake Gogebic,Western Lake Superior Management Unit,Lake Gogebic,04/13/2005,
5655,4308,WAE,7986,Lake Gogebic,Western Lake Superior Management Unit,Lake Gogebic,04/13/2005,
5655,4309,WAE,7986,Lake Gogebic,Western Lake Superior Management Unit,Lake Gogebic,04/13/2005,
5655,4311,WAE,7986,Lake Gogebic,Western Lake Superior Management Unit,Lake Gogebic,04/13/2005,
5655,4313,WAE,7986,Lake Gogebic,Western Lake Superior Management Unit,Lake Gogebic,04/13/2005,
5655,4314,WAE,7986,Lake Gogebic,Western Lake Superior Management Unit,Lake Gogebic,04/13/2005,
5655,4315,WAE,7986,Lake Gogebic,Western Lake Superior Management Unit,Lake Gogebic,04/13/2005,
5655,4320,WAE,7986,Lake Gogebic,Western Lake Superior Management Unit,Lake Gogebic,04/13/2005,
5655,4321,WAE,7986,Lake Gogebic,Western Lake Superior Management Unit,Lake Gogebic,04/13/2005,
5655,4322,WAE,7986,Lake Gogebic,Western Lake Superior Management Unit,Lake Gogebic,04/13/2005,
5655,4323,WAE,7986,Lake Gogebic,Western Lake Superior Management Unit,Lake Gogebic,04/13/2005,
5655,4324,WAE,7986,Lake Gogebic,Western Lake Superior Management Unit,Lake Gogebic,04/13/2005,
5655,4331,WAE,7986,Lake Gogebic,Western Lake Superior Management Unit,Lake Gogebic,04/13/2005,
5655,4332,WAE,7986,Lake Gogebic,Western Lake Superior Management Unit,Lake Gogebic,04/13/2005,
5655,4333,NOP,7986,Lake Gogebic,Western Lake Superior Management Unit,Lake Gogebic,04/13/2005,
5655,4333,WAE,7986,Lake Gogebic,Western Lake Superior Management Unit,Lake Gogebic,04/13/2005,
5655,4334,WAE,7986,Lake Gogebic,Western Lake Superior Management Unit,Lake Gogebic,04/13/2005,
5655,4335,WAE,7986,Lake Gogebic,Western Lake Superior Management Unit,Lake Gogebic,04/13/2005,
5655,4336,WAE,7986,Lake Gogebic,Western Lake Superior Management Unit,Lake Gogebic,04/13/2005,
5655,4337,WAE,7986,Lake Gogebic,Western Lake Superior Management Unit,Lake Gogebic,04/13/2005,
5655,4338,WAE,7986,Lake Gogebic,Western Lake Superior Management Unit,Lake Gogebic,04/13/2005,
5655,4339,WAE,7986,Lake Gogebic,Western Lake Superior Management Unit,Lake Gogebic,04/13/2005,
5655,4340,WAE,7986,Lake Gogebic,Western Lake Superior Management Unit,Lake Gogebic,04/13/2005,
5655,4341,WAE,7986,Lake Gogebic,Western Lake Superior Management Unit,Lake Gogebic,04/13/2005,
5655,4342,WAE,7986,Lake Gogebic,Western Lake Superior Management Unit,Lake Gogebic,04/13/2005,
5655,4343,WAE,7986,Lake Gogebic,Western Lake Superior Management Unit,Lake Gogebic,04/13/2005,
5655,4344,WAE,7986,Lake Gogebic,Western Lake Superior Management Unit,Lake Gogebic,04/13/2005,
5655,4345,WAE,7986,Lake Gogebic,Western Lake Superior Management Unit,Lake Gogebic,04/13/2005,
5655,4346,WAE,7986,Lake Gogebic,Western Lake Superior Management Unit,Lake Gogebic,04/13/2005,
5655,4347,WAE,7986,Lake Gogebic,Western Lake Superior Management Unit,Lake Gogebic,04/13/2005,
5655,4348,WAE,7986,Lake Gogebic,Western Lake Superior Management Unit,Lake Gogebic,04/13/2005,
5655,4350,WAE,7986,Lake Gogebic,Western Lake Superior Management Unit,Lake Gogebic,04/13/2005,
5655,4352,WAE,7986,Lake Gogebic,Western Lake Superior Management Unit,Lake Gogebic,04/13/2005,
5655,4353,WAE,7986,Lake Gogebic,Western Lake Superior Management Unit,Lake Gogebic,04/13/2005,
5655,4354,WAE,7986,Lake Gogebic,Western Lake Superior Management Unit,Lake Gogebic,04/13/2005,
5655,4355,WAE,7986,Lake Gogebic,Western Lake Superior Management Unit,Lake Gogebic,04/13/2005,
5655,4356,WAE,7986,Lake Gogebic,Western Lake Superior Management Unit,Lake Gogebic,04/13/2005,
5655,4357,WAE,7986,Lake Gogebic,Western Lake Superior Management Unit,Lake Gogebic,04/13/2005,
5655,4358,WAE,7986,Lake Gogebic,Western Lake Superior Management Unit,Lake Gogebic,04/13/2005,
5655,4359,WAE,7986,Lake Gogebic,Western Lake Superior Management Unit,Lake Gogebic,04/13/2005,
5655,4360,WAE,7986,Lake Gogebic,Western Lake Superior Management Unit,Lake Gogebic,04/13/2005,
5655,4361,WAE,7986,Lake Gogebic,Western Lake Superior Management Unit,Lake Gogebic,04/13/2005,
5655,4362,WAE,7986,Lake Gogebic,Western Lake Superior Management Unit,Lake Gogebic,04/13/2005,
5655,4363,WAE,7986,Lake Gogebic,Western Lake Superior Management Unit,Lake Gogebic,04/13/2005,
5655,4364,WAE,7986,Lake Gogebic,Western Lake Superior Management Unit,Lake Gogebic,04/13/2005,
5655,4365,WAE,7986,Lake Gogebic,Western Lake Superior Management Unit,Lake Gogebic,04/13/2005,
5655,4366,WAE,7986,Lake Gogebic,Western Lake Superior Management Unit,Lake Gogebic,04/13/2005,
5655,4367,WAE,7986,Lake Gogebic,Western Lake Superior Management Unit,Lake Gogebic,04/13/2005,
5655,4368,WAE,7986,Lake Gogebic,Western Lake Superior Management Unit,Lake Gogebic,04/13/2005,
5655,4369,WAE,7986,Lake Gogebic,Western Lake Superior Management Unit,Lake Gogebic,04/13/2005,
5655,4370,WAE,7986,Lake Gogebic,Western Lake Superior Management Unit,Lake Gogebic,04/13/2005,
5655,4371,WAE,7986,Lake Gogebic,Western Lake Superior Management Unit,Lake Gogebic,04/13/2005,
5655,4372,WAE,7986,Lake Gogebic,Western Lake Superior Management Unit,Lake Gogebic,04/13/2005,
5655,4374,WAE,7986,Lake Gogebic,Western Lake Superior Management Unit,Lake Gogebic,04/13/2005,
5655,4376,WAE,7986,Lake Gogebic,Western Lake Superior Management Unit,Lake Gogebic,04/13/2005,
5655,4377,WAE,7986,Lake Gogebic,Western Lake Superior Management Unit,Lake Gogebic,04/13/2005,
5655,4378,WAE,7986,Lake Gogebic,Western Lake Superior Management Unit,Lake Gogebic,04/13/2005,
5655,4378,YEP,7986,Lake Gogebic,Western Lake Superior Management Unit,Lake Gogebic,04/13/2005,
5655,4380,WAE,7986,Lake Gogebic,Western Lake Superior Management Unit,Lake Gogebic,04/13/2005,
5655,4381,NOP,7986,Lake Gogebic,Western Lake Superior Management Unit,Lake Gogebic,04/13/2005,
5655,4381,WAE,7986,Lake Gogebic,Western Lake Superior Management Unit,Lake Gogebic,04/13/2005,
5655,4382,WAE,7986,Lake Gogebic,Western Lake Superior Management Unit,Lake Gogebic,04/13/2005,
5655,4383,WAE,7986,Lake Gogebic,Western Lake Superior Management Unit,Lake Gogebic,04/13/2005,
5655,4384,WAE,7986,Lake Gogebic,Western Lake Superior Management Unit,Lake Gogebic,04/13/2005,
5655,4386,WAE,7986,Lake Gogebic,Western Lake Superior Management Unit,Lake Gogebic,04/13/2005,
5655,4387,WAE,7986,Lake Gogebic,Western Lake Superior Management Unit,Lake Gogebic,04/13/2005,
5655,4388,WAE,7986,Lake Gogebic,Western Lake Superior Management Unit,Lake Gogebic,04/13/2005,
5655,4389,WAE,7986,Lake Gogebic,Western Lake Superior Management Unit,Lake Gogebic,04/13/2005,
5655,4390,WAE,7986,Lake Gogebic,Western Lake Superior Management Unit,Lake Gogebic,04/13/2005,
5655,4391,WAE,7986,Lake Gogebic,Western Lake Superior Management Unit,Lake Gogebic,04/13/2005,
5655,4392,WAE,7986,Lake Gogebic,Western Lake Superior Management Unit,Lake Gogebic,04/13/2005,
5655,4393,WAE,7986,Lake Gogebic,Western Lake Superior Management Unit,Lake Gogebic,04/13/2005,
5655,4394,WAE,7986,Lake Gogebic,Western Lake Superior Management Unit,Lake Gogebic,04/13/2005,
5655,4397,WAE,7986,Lake Gogebic,Western Lake Superior Management Unit,Lake Gogebic,04/13/2005,
5655,4398,WAE,7986,Lake Gogebic,Western Lake Superior Management Unit,Lake Gogebic,04/13/2005,
5655,4400,WAE,7986,Lake Gogebic,Western Lake Superior Management Unit,Lake Gogebic,04/13/2005,
5655,4401,WAE,7986,Lake Gogebic,Western Lake Superior Management Unit,Lake Gogebic,04/13/2005,
5655,4402,WAE,7986,Lake Gogebic,Western Lake Superior Management Unit,Lake Gogebic,04/13/2005,
5655,4403,WAE,7986,Lake Gogebic,Western Lake Superior Management Unit,Lake Gogebic,04/13/2005,
5655,4405,WAE,7986,Lake Gogebic,Western Lake Superior Management Unit,Lake Gogebic,04/13/2005,
5655,4406,WAE,7986,Lake Gogebic,Western Lake Superior Management Unit,Lake Gogebic,04/13/2005,
5655,4407,WAE,7986,Lake Gogebic,Western Lake Superior Management Unit,Lake Gogebic,04/13/2005,
5655,4408,WAE,7986,Lake Gogebic,Western Lake Superior Management Unit,Lake Gogebic,04/13/2005,
5655,4409,WAE,7986,Lake Gogebic,Western Lake Superior Management Unit,Lake Gogebic,04/13/2005,
5655,4410,WAE,7986,Lake Gogebic,Western Lake Superior Management Unit,Lake Gogebic,04/13/2005,
5655,4412,WAE,7986,Lake Gogebic,Western Lake Superior Management Unit,Lake Gogebic,04/13/2005,
5655,4413,WAE,7986,Lake Gogebic,Western Lake Superior Management Unit,Lake Gogebic,04/13/2005,
5655,4416,NOP,7986,Lake Gogebic,Western Lake Superior Management Unit,Lake Gogebic,04/13/2005,
5655,4417,WAE,7986,Lake Gogebic,Western Lake Superior Management Unit,Lake Gogebic,04/13/2005,
5655,4419,WAE,7986,Lake Gogebic,Western Lake Superior Management Unit,Lake Gogebic,04/13/2005,
5655,4420,WAE,7986,Lake Gogebic,Western Lake Superior Management Unit,Lake Gogebic,04/13/2005,
5655,4421,WAE,7986,Lake Gogebic,Western Lake Superior Management Unit,Lake Gogebic,04/13/2005,
5655,4422,WAE,7986,Lake Gogebic,Western Lake Superior Management Unit,Lake Gogebic,04/13/2005,
5655,4423,WAE,7986,Lake Gogebic,Western Lake Superior Management Unit,Lake Gogebic,04/13/2005,
5655,4425,WAE,7986,Lake Gogebic,Western Lake Superior Management Unit,Lake Gogebic,04/13/2005,
5655,4426,WAE,7986,Lake Gogebic,Western Lake Superior Management Unit,Lake Gogebic,04/13/2005,
5655,4427,WAE,7986,Lake Gogebic,Western Lake Superior Management Unit,Lake Gogebic,04/13/2005,
5655,4428,NOP,7986,Lake Gogebic,Western Lake Superior Management Unit,Lake Gogebic,04/13/2005,
5655,4428,WAE,7986,Lake Gogebic,Western Lake Superior Management Unit,Lake Gogebic,04/13/2005,
5655,4430,WAE,7986,Lake Gogebic,Western Lake Superior Management Unit,Lake Gogebic,04/13/2005,
5655,4431,WAE,7986,Lake Gogebic,Western Lake Superior Management Unit,Lake Gogebic,04/13/2005,
5655,4432,WAE,7986,Lake Gogebic,Western Lake Superior Management Unit,Lake Gogebic,04/13/2005,
5655,4433,NOP,7986,Lake Gogebic,Western Lake Superior Management Unit,Lake Gogebic,04/13/2005,
5655,4433,WAE,7986,Lake Gogebic,Western Lake Superior Management Unit,Lake Gogebic,04/13/2005,
5655,4434,WAE,7986,Lake Gogebic,Western Lake Superior Management Unit,Lake Gogebic,04/13/2005,
5655,4435,WAE,7986,Lake Gogebic,Western Lake Superior Management Unit,Lake Gogebic,04/13/2005,
5655,4436,WAE,7986,Lake Gogebic,Western Lake Superior Management Unit,Lake Gogebic,04/13/2005,
5655,4437,WAE,7986,Lake Gogebic,Western Lake Superior Management Unit,Lake Gogebic,04/13/2005,
5655,4439,WAE,7986,Lake Gogebic,Western Lake Superior Management Unit,Lake Gogebic,04/13/2005,
5655,4440,WAE,7986,Lake Gogebic,Western Lake Superior Management Unit,Lake Gogebic,04/13/2005,
5655,4441,WAE,7986,Lake Gogebic,Western Lake Superior Management Unit,Lake Gogebic,04/13/2005,
5655,4442,WAE,7986,Lake Gogebic,Western Lake Superior Management Unit,Lake Gogebic,04/13/2005,
5655,4443,WAE,7986,Lake Gogebic,Western Lake Superior Management Unit,Lake Gogebic,04/13/2005,
5655,4444,NOP,7986,Lake Gogebic,Western Lake Superior Management Unit,Lake Gogebic,04/13/2005,
5655,4446,WAE,7986,Lake Gogebic,Western Lake Superior Management Unit,Lake Gogebic,04/13/2005,
5655,4447,WAE,7986,Lake Gogebic,Western Lake Superior Management Unit,Lake Gogebic,04/13/2005,
5655,4448,WAE,7986,Lake Gogebic,Western Lake Superior Management Unit,Lake Gogebic,04/13/2005,
5655,4449,WAE,7986,Lake Gogebic,Western Lake Superior Management Unit,Lake Gogebic,04/13/2005,
5655,4450,NOP,7986,Lake Gogebic,Western Lake Superior Management Unit,Lake Gogebic,04/13/2005,
5655,4450,WAE,7986,Lake Gogebic,Western Lake Superior Management Unit,Lake Gogebic,04/13/2005,
5655,4451,WAE,7986,Lake Gogebic,Western Lake Superior Management Unit,Lake Gogebic,04/13/2005,
5655,4452,WAE,7986,Lake Gogebic,Western Lake Superior Management Unit,Lake Gogebic,04/13/2005,
5655,4453,WAE,7986,Lake Gogebic,Western Lake Superior Management Unit,Lake Gogebic,04/13/2005,
5655,4454,WAE,7986,Lake Gogebic,Western Lake Superior Management Unit,Lake Gogebic,04/13/2005,
5655,4455,WAE,7986,Lake Gogebic,Western Lake Superior Management Unit,Lake Gogebic,04/13/2005,
5655,4456,WAE,7986,Lake Gogebic,Western Lake Superior Management Unit,Lake Gogebic,04/13/2005,
5655,4457,WAE,7986,Lake Gogebic,Western Lake Superior Management Unit,Lake Gogebic,04/13/2005,
5655,4459,WAE,7986,Lake Gogebic,Western Lake Superior Management Unit,Lake Gogebic,04/13/2005,
5655,4460,WAE,7986,Lake Gogebic,Western Lake Superior Management Unit,Lake Gogebic,04/13/2005,
5655,4461,WAE,7986,Lake Gogebic,Western Lake Superior Management Unit,Lake Gogebic,04/13/2005,
5655,4462,WAE,7986,Lake Gogebic,Western Lake Superior Management Unit,Lake Gogebic,04/13/2005,
5655,4463,NOP,7986,Lake Gogebic,Western Lake Superior Management Unit,Lake Gogebic,04/13/2005,
5655,4463,WAE,7986,Lake Gogebic,Western Lake Superior Management Unit,Lake Gogebic,04/13/2005,
5655,4464,WAE,7986,Lake Gogebic,Western Lake Superior Management Unit,Lake Gogebic,04/13/2005,
5655,4465,WAE,7986,Lake Gogebic,Western Lake Superior Management Unit,Lake Gogebic,04/13/2005,
5655,4466,WAE,7986,Lake Gogebic,Western Lake Superior Management Unit,Lake Gogebic,04/13/2005,
5655,4467,WAE,7986,Lake Gogebic,Western Lake Superior Management Unit,Lake Gogebic,04/13/2005,
5655,4471,WAE,7986,Lake Gogebic,Western Lake Superior Management Unit,Lake Gogebic,04/13/2005,
5655,4472,WAE,7986,Lake Gogebic,Western Lake Superior Management Unit,Lake Gogebic,04/13/2005,
5655,4474,WAE,7986,Lake Gogebic,Western Lake Superior Management Unit,Lake Gogebic,04/13/2005,
5655,4475,WAE,7986,Lake Gogebic,Western Lake Superior Management Unit,Lake Gogebic,04/13/2005,
5655,4476,WAE,7986,Lake Gogebic,Western Lake Superior Management Unit,Lake Gogebic,04/13/2005,
5655,4477,WAE,7986,Lake Gogebic,Western Lake Superior Management Unit,Lake Gogebic,04/13/2005,
5655,4478,WAE,7986,Lake Gogebic,Western Lake Superior Management Unit,Lake Gogebic,04/13/2005,
5655,4479,WAE,7986,Lake Gogebic,Western Lake Superior Management Unit,Lake Gogebic,04/13/2005,
5655,4480,WAE,7986,Lake Gogebic,Western Lake Superior Management Unit,Lake Gogebic,04/13/2005,
5655,4481,WAE,7986,Lake Gogebic,Western Lake Superior Management Unit,Lake Gogebic,04/13/2005,
5655,4484,WAE,7986,Lake Gogebic,Western Lake Superior Management Unit,Lake Gogebic,04/13/2005,
5655,4485,WAE,7986,Lake Gogebic,Western Lake Superior Management Unit,Lake Gogebic,04/13/2005,
5655,4488,WAE,7986,Lake Gogebic,Western Lake Superior Management Unit,Lake Gogebic,04/13/2005,
5655,4489,WAE,7986,Lake Gogebic,Western Lake Superior Management Unit,Lake Gogebic,04/13/2005,
5655,4490,WAE,7986,Lake Gogebic,Western Lake Superior Management Unit,Lake Gogebic,04/13/2005,
5655,4491,WAE,7986,Lake Gogebic,Western Lake Superior Management Unit,Lake Gogebic,04/13/2005,
5655,4492,WAE,7986,Lake Gogebic,Western Lake Superior Management Unit,Lake Gogebic,04/13/2005,
5655,4493,WAE,7986,Lake Gogebic,Western Lake Superior Management Unit,Lake Gogebic,04/13/2005,
5655,4494,WAE,7986,Lake Gogebic,Western Lake Superior Management Unit,Lake Gogebic,04/13/2005,
5655,4495,WAE,7986,Lake Gogebic,Western Lake Superior Management Unit,Lake Gogebic,04/13/2005,
5655,4495,YEP,7986,Lake Gogebic,Western Lake Superior Management Unit,Lake Gogebic,04/13/2005,
5655,4496,WAE,7986,Lake Gogebic,Western Lake Superior Management Unit,Lake Gogebic,04/13/2005,
5655,4497,WAE,7986,Lake Gogebic,Western Lake Superior Management Unit,Lake Gogebic,04/13/2005,
5655,4498,WAE,7986,Lake Gogebic,Western Lake Superior Management Unit,Lake Gogebic,04/13/2005,
5655,4499,WAE,7986,Lake Gogebic,Western Lake Superior Management Unit,Lake Gogebic,04/13/2005,
5655,4500,WAE,7986,Lake Gogebic,Western Lake Superior Management Unit,Lake Gogebic,04/13/2005,
5655,4501,WAE,7986,Lake Gogebic,Western Lake Superior Management Unit,Lake Gogebic,04/13/2005,
5655,4502,WAE,7986,Lake Gogebic,Western Lake Superior Management Unit,Lake Gogebic,04/13/2005,
5655,4503,WAE,7986,Lake Gogebic,Western Lake Superior Management Unit,Lake Gogebic,04/13/2005,
5655,4504,WAE,7986,Lake Gogebic,Western Lake Superior Management Unit,Lake Gogebic,04/13/2005,
5655,4505,WAE,7986,Lake Gogebic,Western Lake Superior Management Unit,Lake Gogebic,04/13/2005,
5655,4506,WAE,7986,Lake Gogebic,Western Lake Superior Management Unit,Lake Gogebic,04/13/2005,
5655,4507,WAE,7986,Lake Gogebic,Western Lake Superior Management Unit,Lake Gogebic,04/13/2005,
5655,4508,WAE,7986,Lake Gogebic,Western Lake Superior Management Unit,Lake Gogebic,04/13/2005,
5655,4509,WAE,7986,Lake Gogebic,Western Lake Superior Management Unit,Lake Gogebic,04/13/2005,
5655,4510,WAE,7986,Lake Gogebic,Western Lake Superior Management Unit,Lake Gogebic,04/13/2005,
5655,4511,WAE,7986,Lake Gogebic,Western Lake Superior Management Unit,Lake Gogebic,04/13/2005,
5655,4519,WAE,7986,Lake Gogebic,Western Lake Superior Management Unit,Lake Gogebic,04/13/2005,
5655,4520,WAE,7986,Lake Gogebic,Western Lake Superior Management Unit,Lake Gogebic,04/13/2005,
5655,4521,WAE,7986,Lake Gogebic,Western Lake Superior Management Unit,Lake Gogebic,04/13/2005,
5655,4522,WAE,7986,Lake Gogebic,Western Lake Superior Management Unit,Lake Gogebic,04/13/2005,
5655,4523,WAE,7986,Lake Gogebic,Western Lake Superior Management Unit,Lake Gogebic,04/13/2005,
5655,4524,WAE,7986,Lake Gogebic,Western Lake Superior Management Unit,Lake Gogebic,04/13/2005,
5655,4525,WAE,7986,Lake Gogebic,Western Lake Superior Management Unit,Lake Gogebic,04/13/2005,
5655,4526,WAE,7986,Lake Gogebic,Western Lake Superior Management Unit,Lake Gogebic,04/13/2005,
5655,4527,WAE,7986,Lake Gogebic,Western Lake Superior Management Unit,Lake Gogebic,04/13/2005,
5655,4528,WAE,7986,Lake Gogebic,Western Lake Superior Management Unit,Lake Gogebic,04/13/2005,
5655,4529,WAE,7986,Lake Gogebic,Western Lake Superior Management Unit,Lake Gogebic,04/13/2005,
5655,4530,WAE,7986,Lake Gogebic,Western Lake Superior Management Unit,Lake Gogebic,04/13/2005,
5655,4531,WAE,7986,Lake Gogebic,Western Lake Superior Management Unit,Lake Gogebic,04/13/2005,
5655,4532,WAE,7986,Lake Gogebic,Western Lake Superior Management Unit,Lake Gogebic,04/13/2005,
5655,4533,WAE,7986,Lake Gogebic,Western Lake Superior Management Unit,Lake Gogebic,04/13/2005,
5655,4534,WAE,7986,Lake Gogebic,Western Lake Superior Management Unit,Lake Gogebic,04/13/2005,
5655,4535,WAE,7986,Lake Gogebic,Western Lake Superior Management Unit,Lake Gogebic,04/13/2005,
5655,4536,WAE,7986,Lake Gogebic,Western Lake Superior Management Unit,Lake Gogebic,04/13/2005,
5655,4537,WAE,7986,Lake Gogebic,Western Lake Superior Management Unit,Lake Gogebic,04/13/2005,
5655,4538,WAE,7986,Lake Gogebic,Western Lake Superior Management Unit,Lake Gogebic,04/13/2005,
5655,4539,WAE,7986,Lake Gogebic,Western Lake Superior Management Unit,Lake Gogebic,04/13/2005,
5655,4540,WAE,7986,Lake Gogebic,Western Lake Superior Management Unit,Lake Gogebic,04/13/2005,
5655,4541,WAE,7986,Lake Gogebic,Western Lake Superior Management Unit,Lake Gogebic,04/13/2005,
5655,4542,WAE,7986,Lake Gogebic,Western Lake Superior Management Unit,Lake Gogebic,04/13/2005,
5655,4543,WAE,7986,Lake Gogebic,Western Lake Superior Management Unit,Lake Gogebic,04/13/2005,
5655,4544,WAE,7986,Lake Gogebic,Western Lake Superior Management Unit,Lake Gogebic,04/13/2005,
5655,4546,WAE,7986,Lake Gogebic,Western Lake Superior Management Unit,Lake Gogebic,04/13/2005,
5655,4547,WAE,7986,Lake Gogebic,Western Lake Superior Management Unit,Lake Gogebic,04/13/2005,
5655,4548,WAE,7986,Lake Gogebic,Western Lake Superior Management Unit,Lake Gogebic,04/13/2005,
5655,4549,WAE,7986,Lake Gogebic,Western Lake Superior Management Unit,Lake Gogebic,04/13/2005,
5655,4550,WAE,7986,Lake Gogebic,Western Lake Superior Management Unit,Lake Gogebic,04/13/2005,
5655,4551,WAE,7986,Lake Gogebic,Western Lake Superior Management Unit,Lake Gogebic,04/13/2005,
5655,4554,WAE,7986,Lake Gogebic,Western Lake Superior Management Unit,Lake Gogebic,04/13/2005,
5655,4555,WAE,7986,Lake Gogebic,Western Lake Superior Management Unit,Lake Gogebic,04/13/2005,
5655,4556,WAE,7986,Lake Gogebic,Western Lake Superior Management Unit,Lake Gogebic,04/13/2005,
5655,4557,WAE,7986,Lake Gogebic,Western Lake Superior Management Unit,Lake Gogebic,04/13/2005,
5655,4558,WAE,7986,Lake Gogebic,Western Lake Superior Management Unit,Lake Gogebic,04/13/2005,
5655,4559,WAE,7986,Lake Gogebic,Western Lake Superior Management Unit,Lake Gogebic,04/13/2005,
5655,4560,WAE,7986,Lake Gogebic,Western Lake Superior Management Unit,Lake Gogebic,04/13/2005,
5655,4561,NOP,7986,Lake Gogebic,Western Lake Superior Management Unit,Lake Gogebic,04/13/2005,
5655,4561,WAE,7986,Lake Gogebic,Western Lake Superior Management Unit,Lake Gogebic,04/13/2005,
5655,4562,WAE,7986,Lake Gogebic,Western Lake Superior Management Unit,Lake Gogebic,04/13/2005,
5655,4563,WAE,7986,Lake Gogebic,Western Lake Superior Management Unit,Lake Gogebic,04/13/2005,
5655,4564,WAE,7986,Lake Gogebic,Western Lake Superior Management Unit,Lake Gogebic,04/13/2005,
5655,4565,WAE,7986,Lake Gogebic,Western Lake Superior Management Unit,Lake Gogebic,04/13/2005,
5655,4567,WAE,7986,Lake Gogebic,Western Lake Superior Management Unit,Lake Gogebic,04/13/2005,
5655,4568,WAE,7986,Lake Gogebic,Western Lake Superior Management Unit,Lake Gogebic,04/13/2005,
5655,4569,WAE,7986,Lake Gogebic,Western Lake Superior Management Unit,Lake Gogebic,04/13/2005,
5655,4570,WAE,7986,Lake Gogebic,Western Lake Superior Management Unit,Lake Gogebic,04/13/2005,
5655,4571,WAE,7986,Lake Gogebic,Western Lake Superior Management Unit,Lake Gogebic,04/13/2005,
5655,4572,WAE,7986,Lake Gogebic,Western Lake Superior Management Unit,Lake Gogebic,04/13/2005,
5655,4575,WAE,7986,Lake Gogebic,Western Lake Superior Management Unit,Lake Gogebic,04/13/2005,
5687,2,BNM,7961,Saint Joseph River,Southern Lake Michigan Management Unit,10 1/2 Mile Rd (Burlington),08/08/2005,
5698,1,WAE,7951,Lake Ottawa,Northern Lake Michigan Management Unit,Lake Ottawa,05/24/2005,
5732,1,SCU,7924;16282,Anna River,Eastern Lake Superior Management Unit,Snowmobile Bridge;M-94 pulloff,08/23/2005,
5732,3,BUR,7924;16282,Anna River,Eastern Lake Superior Management Unit,Snowmobile Bridge;M-94 pulloff,08/23/2005,
5758,2,BNT,7900;16284,Au Sable River,Northern Lake Huron Management Unit,Meadow Springs;Comins PAS,11/08/2005,
5758,2,RBT,7900;16284,Au Sable River,Northern Lake Huron Management Unit,Meadow Springs;Comins PAS,11/08/2005,
5761,7,YEP,7898,Big Lake,Western Lake Superior Management Unit,Big Lake,06/27/2005,
5766,1,PSF,7893,Hannah Webb Lake,Western Lake Superior Management Unit,Hannah Webb Lake,10/17/2005,
5767,1,FSD,7892,NA,Western Lake Superior Management Unit,Blank,10/24/2005,
5767,1,LAC,7892,NA,Western Lake Superior Management Unit,Blank,10/24/2005,
5767,1,NRD,7892,NA,Western Lake Superior Management Unit,Blank,10/24/2005,
5774,1,GOR,7887,Pere Marquette River,Central Lake Michigan Management Unit,US-31,07/11/2005,
5774,1,SHR,7887,Pere Marquette River,Central Lake Michigan Management Unit,US-31,07/11/2005,
5774,1,SIR,7887,Pere Marquette River,Central Lake Michigan Management Unit,US-31,07/11/2005,
5775,1,GOR,7886,Muskegon River,Central Lake Michigan Management Unit,Holton Duck Lake Rd PAS,07/19/2005,
5775,1,SHR,7886,Muskegon River,Central Lake Michigan Management Unit,Holton Duck Lake Rd PAS,07/19/2005,
5776,1,BLR,7885,Muskegon River,Central Lake Michigan Management Unit,Felch Ave (Anderson Flats Access),07/19/2005,
5776,1,GOR,7885,Muskegon River,Central Lake Michigan Management Unit,Felch Ave (Anderson Flats Access),07/19/2005,
5777,1,GOR,7884,Muskegon River,Central Lake Michigan Management Unit,US-10,07/18/2005,
5777,1,SHR,7884,Muskegon River,Central Lake Michigan Management Unit,US-10,07/18/2005,
5778,1,LOG,7883,Manistee River,Central Lake Michigan Management Unit,High Bridge PAS,07/12/2005,
5778,1,RKB,7883,Manistee River,Central Lake Michigan Management Unit,High Bridge PAS,07/12/2005,
5779,1,GOR,7882,Manistee River,Central Lake Michigan Management Unit,Rainbow Bend PAS,07/12/2005,
5780,1,SHR,7881,Manistee River,Central Lake Michigan Management Unit,Coates Hwy. (Red Bridge),07/13/2005,
5781,1,GOR,7880,Saint Joseph River,Southern Lake Michigan Management Unit,Upstream of Mendon,07/28/2005,
5782,1,GOR,7879,Saint Joseph River,Southern Lake Michigan Management Unit,Carronde Park - Upper Site,07/21/2005,
5783,1,SMB,7878,Grand River,Southern Lake Michigan Management Unit,Willow Canoe Launch,08/10/2005,
5785,1,GOR,7876,Grand River,Southern Lake Michigan Management Unit,FM GRV Trail Bridge,08/25/2005,
5785,1,SHR,7876,Grand River,Southern Lake Michigan Management Unit,FM GRV Trail Bridge,08/25/2005,
5786,1,GZS,7875,Grand River,Southern Lake Michigan Management Unit, Upstream of Bruce Bayou confluence,08/25/2005,
5787,1,GOR,7874,Kalamazoo River,Southern Lake Michigan Management Unit,Stringham Road,07/29/2005,
5790,1,YEP,7871,Cheboygan River,Northern Lake Huron Management Unit,East Lincoln Ave,07/26/2005,
5792,1,CWS,7870,Au Sable River,Northern Lake Huron Management Unit,Whirlpool PAS,07/25/2005,
5794,1,GOR,7868,Tittabawassee River,Southern Lake Huron Management Unit,Center Road,06/09/2005,
5796,1,CAR,7866,Saginaw River,Southern Lake Huron Management Unit,Rust Ave,06/07/2005,
5796,1,EMS,7866,Saginaw River,Southern Lake Huron Management Unit,Rust Ave,06/07/2005,
5797,1,EMS,7865,Saginaw River,Southern Lake Huron Management Unit,Rust Ave,06/08/2005,
5801,1,CAR,7861,Huron River,Lake Erie Management Unit,Rockwood,05/31/2005,
5803,1,SIR,7859,Sturgeon River,Western Lake Superior Management Unit,Upstream of US-41,08/01/2005,
5807,1,BRB,7855,Boston Lake,Western Lake Superior Management Unit,Boston Lake,07/11/2005,
5811,1,RKB,7851,Birch Lake,Southern Lake Michigan Management Unit,Birch Lake,07/18/2005,
5811,2,RKB,7851,Birch Lake,Southern Lake Michigan Management Unit,Birch Lake,07/18/2005,
5811,3,RKB,7851,Birch Lake,Southern Lake Michigan Management Unit,Birch Lake,07/18/2005,
5811,4,BCR,7851,Birch Lake,Southern Lake Michigan Management Unit,Birch Lake,07/18/2005,
5811,4,LMB,7851,Birch Lake,Southern Lake Michigan Management Unit,Birch Lake,07/18/2005,
5811,4,RKB,7851,Birch Lake,Southern Lake Michigan Management Unit,Birch Lake,07/18/2005,
5811,4,YLB,7851,Birch Lake,Southern Lake Michigan Management Unit,Birch Lake,07/18/2005,
5824,1,SPL,7838,Golden Lake,Northern Lake Michigan Management Unit,Golden Lake,05/01/1995,
5883,4,BKT,7793,Clear Lake,Western Lake Superior Management Unit,Clear Lake,10/24/2005,
5883,6,BKT,7793,Clear Lake,Western Lake Superior Management Unit,Clear Lake,10/24/2005,
6059,1,BNT,7732,Au Sable River,Northern Lake Huron Management Unit,South Thendara Road ,09/05/2000,
6061,5046,NOP,7730,Lake Charlevoix,Central Lake Michigan Management Unit,Lake Charlevoix,04/03/2006,
6061,5069,WAE,7730,Lake Charlevoix,Central Lake Michigan Management Unit,Lake Charlevoix,04/03/2006,
6061,5071,NOP,7730,Lake Charlevoix,Central Lake Michigan Management Unit,Lake Charlevoix,04/03/2006,
6061,5071,WAE,7730,Lake Charlevoix,Central Lake Michigan Management Unit,Lake Charlevoix,04/03/2006,
6061,5084,NOP,7730,Lake Charlevoix,Central Lake Michigan Management Unit,Lake Charlevoix,04/03/2006,
6061,5084,WAE,7730,Lake Charlevoix,Central Lake Michigan Management Unit,Lake Charlevoix,04/03/2006,
6061,5086,WAE,7730,Lake Charlevoix,Central Lake Michigan Management Unit,Lake Charlevoix,04/03/2006,
6061,5088,WAE,7730,Lake Charlevoix,Central Lake Michigan Management Unit,Lake Charlevoix,04/03/2006,
6061,5089,BRB,7730,Lake Charlevoix,Central Lake Michigan Management Unit,Lake Charlevoix,04/03/2006,
6061,5089,NOP,7730,Lake Charlevoix,Central Lake Michigan Management Unit,Lake Charlevoix,04/03/2006,
6061,5091,WAE,7730,Lake Charlevoix,Central Lake Michigan Management Unit,Lake Charlevoix,04/03/2006,
6061,5107,CWS,7730,Lake Charlevoix,Central Lake Michigan Management Unit,Lake Charlevoix,04/03/2006,
6061,5114,NOP,7730,Lake Charlevoix,Central Lake Michigan Management Unit,Lake Charlevoix,04/03/2006,
6061,5115,WAE,7730,Lake Charlevoix,Central Lake Michigan Management Unit,Lake Charlevoix,04/03/2006,
6061,5116,WAE,7730,Lake Charlevoix,Central Lake Michigan Management Unit,Lake Charlevoix,04/03/2006,
6061,5117,NOP,7730,Lake Charlevoix,Central Lake Michigan Management Unit,Lake Charlevoix,04/03/2006,
6061,5117,WAE,7730,Lake Charlevoix,Central Lake Michigan Management Unit,Lake Charlevoix,04/03/2006,
6061,5118,WAE,7730,Lake Charlevoix,Central Lake Michigan Management Unit,Lake Charlevoix,04/03/2006,
6061,5119,WAE,7730,Lake Charlevoix,Central Lake Michigan Management Unit,Lake Charlevoix,04/03/2006,
6061,5121,WAE,7730,Lake Charlevoix,Central Lake Michigan Management Unit,Lake Charlevoix,04/03/2006,
6061,5130,WAE,7730,Lake Charlevoix,Central Lake Michigan Management Unit,Lake Charlevoix,04/03/2006,
6061,5131,NOP,7730,Lake Charlevoix,Central Lake Michigan Management Unit,Lake Charlevoix,04/03/2006,
6061,5132,WAE,7730,Lake Charlevoix,Central Lake Michigan Management Unit,Lake Charlevoix,04/03/2006,
6061,5133,WAE,7730,Lake Charlevoix,Central Lake Michigan Management Unit,Lake Charlevoix,04/03/2006,
6061,5134,NOP,7730,Lake Charlevoix,Central Lake Michigan Management Unit,Lake Charlevoix,04/03/2006,
6061,5134,WAE,7730,Lake Charlevoix,Central Lake Michigan Management Unit,Lake Charlevoix,04/03/2006,
6061,5137,WAE,7730,Lake Charlevoix,Central Lake Michigan Management Unit,Lake Charlevoix,04/03/2006,
6061,5144,WAE,7730,Lake Charlevoix,Central Lake Michigan Management Unit,Lake Charlevoix,04/03/2006,
6061,5146,WAE,7730,Lake Charlevoix,Central Lake Michigan Management Unit,Lake Charlevoix,04/03/2006,
6061,5147,WAE,7730,Lake Charlevoix,Central Lake Michigan Management Unit,Lake Charlevoix,04/03/2006,
6061,5160,NOP,7730,Lake Charlevoix,Central Lake Michigan Management Unit,Lake Charlevoix,04/03/2006,
6061,5161,NOP,7730,Lake Charlevoix,Central Lake Michigan Management Unit,Lake Charlevoix,04/03/2006,
6061,5162,NOP,7730,Lake Charlevoix,Central Lake Michigan Management Unit,Lake Charlevoix,04/03/2006,
6061,5163,NOP,7730,Lake Charlevoix,Central Lake Michigan Management Unit,Lake Charlevoix,04/03/2006,
6061,5163,WAE,7730,Lake Charlevoix,Central Lake Michigan Management Unit,Lake Charlevoix,04/03/2006,
6061,5164,NOP,7730,Lake Charlevoix,Central Lake Michigan Management Unit,Lake Charlevoix,04/03/2006,
6061,5164,WAE,7730,Lake Charlevoix,Central Lake Michigan Management Unit,Lake Charlevoix,04/03/2006,
6061,5165,WAE,7730,Lake Charlevoix,Central Lake Michigan Management Unit,Lake Charlevoix,04/03/2006,
6061,5166,NOP,7730,Lake Charlevoix,Central Lake Michigan Management Unit,Lake Charlevoix,04/03/2006,
6061,5166,WAE,7730,Lake Charlevoix,Central Lake Michigan Management Unit,Lake Charlevoix,04/03/2006,
6061,5167,WAE,7730,Lake Charlevoix,Central Lake Michigan Management Unit,Lake Charlevoix,04/03/2006,
6061,5168,WAE,7730,Lake Charlevoix,Central Lake Michigan Management Unit,Lake Charlevoix,04/03/2006,
6061,5197,WAE,7730,Lake Charlevoix,Central Lake Michigan Management Unit,Lake Charlevoix,04/03/2006,
6061,5198,WAE,7730,Lake Charlevoix,Central Lake Michigan Management Unit,Lake Charlevoix,04/03/2006,
6061,5202,WAE,7730,Lake Charlevoix,Central Lake Michigan Management Unit,Lake Charlevoix,04/03/2006,
6061,5204,NOP,7730,Lake Charlevoix,Central Lake Michigan Management Unit,Lake Charlevoix,04/03/2006,
6061,5204,WAE,7730,Lake Charlevoix,Central Lake Michigan Management Unit,Lake Charlevoix,04/03/2006,
6061,5205,WAE,7730,Lake Charlevoix,Central Lake Michigan Management Unit,Lake Charlevoix,04/03/2006,
6061,5207,NOP,7730,Lake Charlevoix,Central Lake Michigan Management Unit,Lake Charlevoix,04/03/2006,
6061,5207,WAE,7730,Lake Charlevoix,Central Lake Michigan Management Unit,Lake Charlevoix,04/03/2006,
6061,5208,WAE,7730,Lake Charlevoix,Central Lake Michigan Management Unit,Lake Charlevoix,04/03/2006,
6061,5209,WAE,7730,Lake Charlevoix,Central Lake Michigan Management Unit,Lake Charlevoix,04/03/2006,
6061,5210,NOP,7730,Lake Charlevoix,Central Lake Michigan Management Unit,Lake Charlevoix,04/03/2006,
6061,5210,WAE,7730,Lake Charlevoix,Central Lake Michigan Management Unit,Lake Charlevoix,04/03/2006,
6061,5211,WAE,7730,Lake Charlevoix,Central Lake Michigan Management Unit,Lake Charlevoix,04/03/2006,
6061,5227,WAE,7730,Lake Charlevoix,Central Lake Michigan Management Unit,Lake Charlevoix,04/03/2006,
6061,5233,WAE,7730,Lake Charlevoix,Central Lake Michigan Management Unit,Lake Charlevoix,04/03/2006,
6061,5234,WAE,7730,Lake Charlevoix,Central Lake Michigan Management Unit,Lake Charlevoix,04/03/2006,
6061,5243,WAE,7730,Lake Charlevoix,Central Lake Michigan Management Unit,Lake Charlevoix,04/03/2006,
6061,5245,WAE,7730,Lake Charlevoix,Central Lake Michigan Management Unit,Lake Charlevoix,04/03/2006,
6061,5249,WAE,7730,Lake Charlevoix,Central Lake Michigan Management Unit,Lake Charlevoix,04/03/2006,
6061,5255,WAE,7730,Lake Charlevoix,Central Lake Michigan Management Unit,Lake Charlevoix,04/03/2006,
6061,5256,NOP,7730,Lake Charlevoix,Central Lake Michigan Management Unit,Lake Charlevoix,04/03/2006,
6061,5256,RKB,7730,Lake Charlevoix,Central Lake Michigan Management Unit,Lake Charlevoix,04/03/2006,
6061,5257,WAE,7730,Lake Charlevoix,Central Lake Michigan Management Unit,Lake Charlevoix,04/03/2006,
6061,5258,NOP,7730,Lake Charlevoix,Central Lake Michigan Management Unit,Lake Charlevoix,04/03/2006,
6061,5258,WAE,7730,Lake Charlevoix,Central Lake Michigan Management Unit,Lake Charlevoix,04/03/2006,
6061,5259,WAE,7730,Lake Charlevoix,Central Lake Michigan Management Unit,Lake Charlevoix,04/03/2006,
6061,5260,WAE,7730,Lake Charlevoix,Central Lake Michigan Management Unit,Lake Charlevoix,04/03/2006,
6061,5261,NOP,7730,Lake Charlevoix,Central Lake Michigan Management Unit,Lake Charlevoix,04/03/2006,
6061,5261,RKB,7730,Lake Charlevoix,Central Lake Michigan Management Unit,Lake Charlevoix,04/03/2006,
6061,5261,WAE,7730,Lake Charlevoix,Central Lake Michigan Management Unit,Lake Charlevoix,04/03/2006,
6061,5262,WAE,7730,Lake Charlevoix,Central Lake Michigan Management Unit,Lake Charlevoix,04/03/2006,
6061,5263,WAE,7730,Lake Charlevoix,Central Lake Michigan Management Unit,Lake Charlevoix,04/03/2006,
6061,5264,WAE,7730,Lake Charlevoix,Central Lake Michigan Management Unit,Lake Charlevoix,04/03/2006,
6061,5277,WAE,7730,Lake Charlevoix,Central Lake Michigan Management Unit,Lake Charlevoix,04/03/2006,
6061,5278,WAE,7730,Lake Charlevoix,Central Lake Michigan Management Unit,Lake Charlevoix,04/03/2006,
6061,5280,WAE,7730,Lake Charlevoix,Central Lake Michigan Management Unit,Lake Charlevoix,04/03/2006,
6061,5282,WAE,7730,Lake Charlevoix,Central Lake Michigan Management Unit,Lake Charlevoix,04/03/2006,
6061,5283,WAE,7730,Lake Charlevoix,Central Lake Michigan Management Unit,Lake Charlevoix,04/03/2006,
6061,5285,WAE,7730,Lake Charlevoix,Central Lake Michigan Management Unit,Lake Charlevoix,04/03/2006,
6061,5286,WAE,7730,Lake Charlevoix,Central Lake Michigan Management Unit,Lake Charlevoix,04/03/2006,
6061,5287,WAE,7730,Lake Charlevoix,Central Lake Michigan Management Unit,Lake Charlevoix,04/03/2006,
6061,5288,WAE,7730,Lake Charlevoix,Central Lake Michigan Management Unit,Lake Charlevoix,04/03/2006,
6061,5298,WAE,7730,Lake Charlevoix,Central Lake Michigan Management Unit,Lake Charlevoix,04/03/2006,
6061,5299,WAE,7730,Lake Charlevoix,Central Lake Michigan Management Unit,Lake Charlevoix,04/03/2006,
6061,5300,NOP,7730,Lake Charlevoix,Central Lake Michigan Management Unit,Lake Charlevoix,04/03/2006,
6061,5301,WAE,7730,Lake Charlevoix,Central Lake Michigan Management Unit,Lake Charlevoix,04/03/2006,
6061,5302,NOP,7730,Lake Charlevoix,Central Lake Michigan Management Unit,Lake Charlevoix,04/03/2006,
6061,5302,WAE,7730,Lake Charlevoix,Central Lake Michigan Management Unit,Lake Charlevoix,04/03/2006,
6061,5303,NOP,7730,Lake Charlevoix,Central Lake Michigan Management Unit,Lake Charlevoix,04/03/2006,
6061,5303,WAE,7730,Lake Charlevoix,Central Lake Michigan Management Unit,Lake Charlevoix,04/03/2006,
6061,5304,NOP,7730,Lake Charlevoix,Central Lake Michigan Management Unit,Lake Charlevoix,04/03/2006,
6061,5305,WAE,7730,Lake Charlevoix,Central Lake Michigan Management Unit,Lake Charlevoix,04/03/2006,
6061,5306,NOP,7730,Lake Charlevoix,Central Lake Michigan Management Unit,Lake Charlevoix,04/03/2006,
6061,5307,WAE,7730,Lake Charlevoix,Central Lake Michigan Management Unit,Lake Charlevoix,04/03/2006,
6061,5308,NOP,7730,Lake Charlevoix,Central Lake Michigan Management Unit,Lake Charlevoix,04/03/2006,
6061,5308,WAE,7730,Lake Charlevoix,Central Lake Michigan Management Unit,Lake Charlevoix,04/03/2006,
6061,5309,WAE,7730,Lake Charlevoix,Central Lake Michigan Management Unit,Lake Charlevoix,04/03/2006,
6061,5310,NOP,7730,Lake Charlevoix,Central Lake Michigan Management Unit,Lake Charlevoix,04/03/2006,
6061,5310,WAE,7730,Lake Charlevoix,Central Lake Michigan Management Unit,Lake Charlevoix,04/03/2006,
6061,5311,WAE,7730,Lake Charlevoix,Central Lake Michigan Management Unit,Lake Charlevoix,04/03/2006,
6061,5312,WAE,7730,Lake Charlevoix,Central Lake Michigan Management Unit,Lake Charlevoix,04/03/2006,
6061,5313,NOP,7730,Lake Charlevoix,Central Lake Michigan Management Unit,Lake Charlevoix,04/03/2006,
6061,5314,WAE,7730,Lake Charlevoix,Central Lake Michigan Management Unit,Lake Charlevoix,04/03/2006,
6061,5315,SMB,7730,Lake Charlevoix,Central Lake Michigan Management Unit,Lake Charlevoix,04/03/2006,
6061,5316,NOP,7730,Lake Charlevoix,Central Lake Michigan Management Unit,Lake Charlevoix,04/03/2006,
6061,5317,NOP,7730,Lake Charlevoix,Central Lake Michigan Management Unit,Lake Charlevoix,04/03/2006,
6061,5321,WAE,7730,Lake Charlevoix,Central Lake Michigan Management Unit,Lake Charlevoix,04/03/2006,
6061,5329,WAE,7730,Lake Charlevoix,Central Lake Michigan Management Unit,Lake Charlevoix,04/03/2006,
6061,5330,WAE,7730,Lake Charlevoix,Central Lake Michigan Management Unit,Lake Charlevoix,04/03/2006,
6061,5331,CWS,7730,Lake Charlevoix,Central Lake Michigan Management Unit,Lake Charlevoix,04/03/2006,
6061,5331,RKB,7730,Lake Charlevoix,Central Lake Michigan Management Unit,Lake Charlevoix,04/03/2006,
6061,5331,WAE,7730,Lake Charlevoix,Central Lake Michigan Management Unit,Lake Charlevoix,04/03/2006,
6061,5332,WAE,7730,Lake Charlevoix,Central Lake Michigan Management Unit,Lake Charlevoix,04/03/2006,
6061,5334,WAE,7730,Lake Charlevoix,Central Lake Michigan Management Unit,Lake Charlevoix,04/03/2006,
6061,5343,WAE,7730,Lake Charlevoix,Central Lake Michigan Management Unit,Lake Charlevoix,04/03/2006,
6061,5345,WAE,7730,Lake Charlevoix,Central Lake Michigan Management Unit,Lake Charlevoix,04/03/2006,
6061,5346,WAE,7730,Lake Charlevoix,Central Lake Michigan Management Unit,Lake Charlevoix,04/03/2006,
6061,5347,WAE,7730,Lake Charlevoix,Central Lake Michigan Management Unit,Lake Charlevoix,04/03/2006,
6061,5350,NOP,7730,Lake Charlevoix,Central Lake Michigan Management Unit,Lake Charlevoix,04/03/2006,
6061,5350,WAE,7730,Lake Charlevoix,Central Lake Michigan Management Unit,Lake Charlevoix,04/03/2006,
6061,5351,WAE,7730,Lake Charlevoix,Central Lake Michigan Management Unit,Lake Charlevoix,04/03/2006,
6061,5352,NOP,7730,Lake Charlevoix,Central Lake Michigan Management Unit,Lake Charlevoix,04/03/2006,
6061,5352,WAE,7730,Lake Charlevoix,Central Lake Michigan Management Unit,Lake Charlevoix,04/03/2006,
6061,5353,NOP,7730,Lake Charlevoix,Central Lake Michigan Management Unit,Lake Charlevoix,04/03/2006,
6061,5353,WAE,7730,Lake Charlevoix,Central Lake Michigan Management Unit,Lake Charlevoix,04/03/2006,
6061,5354,NOP,7730,Lake Charlevoix,Central Lake Michigan Management Unit,Lake Charlevoix,04/03/2006,
6061,5354,WAE,7730,Lake Charlevoix,Central Lake Michigan Management Unit,Lake Charlevoix,04/03/2006,
6061,5355,WAE,7730,Lake Charlevoix,Central Lake Michigan Management Unit,Lake Charlevoix,04/03/2006,
6061,5356,NOP,7730,Lake Charlevoix,Central Lake Michigan Management Unit,Lake Charlevoix,04/03/2006,
6061,5356,WAE,7730,Lake Charlevoix,Central Lake Michigan Management Unit,Lake Charlevoix,04/03/2006,
6061,5357,NOP,7730,Lake Charlevoix,Central Lake Michigan Management Unit,Lake Charlevoix,04/03/2006,
6061,5358,NOP,7730,Lake Charlevoix,Central Lake Michigan Management Unit,Lake Charlevoix,04/03/2006,
6061,5358,WAE,7730,Lake Charlevoix,Central Lake Michigan Management Unit,Lake Charlevoix,04/03/2006,
6061,5359,NOP,7730,Lake Charlevoix,Central Lake Michigan Management Unit,Lake Charlevoix,04/03/2006,
6061,5360,WAE,7730,Lake Charlevoix,Central Lake Michigan Management Unit,Lake Charlevoix,04/03/2006,
6061,5361,NOP,7730,Lake Charlevoix,Central Lake Michigan Management Unit,Lake Charlevoix,04/03/2006,
6061,5362,NOP,7730,Lake Charlevoix,Central Lake Michigan Management Unit,Lake Charlevoix,04/03/2006,
6061,5363,SMB,7730,Lake Charlevoix,Central Lake Michigan Management Unit,Lake Charlevoix,04/03/2006,
6061,5363,WAE,7730,Lake Charlevoix,Central Lake Michigan Management Unit,Lake Charlevoix,04/03/2006,
6061,5365,NOP,7730,Lake Charlevoix,Central Lake Michigan Management Unit,Lake Charlevoix,04/03/2006,
6061,5366,NOP,7730,Lake Charlevoix,Central Lake Michigan Management Unit,Lake Charlevoix,04/03/2006,
6061,5376,WAE,7730,Lake Charlevoix,Central Lake Michigan Management Unit,Lake Charlevoix,04/03/2006,
6061,5377,WAE,7730,Lake Charlevoix,Central Lake Michigan Management Unit,Lake Charlevoix,04/03/2006,
6061,5378,WAE,7730,Lake Charlevoix,Central Lake Michigan Management Unit,Lake Charlevoix,04/03/2006,
6061,5380,WAE,7730,Lake Charlevoix,Central Lake Michigan Management Unit,Lake Charlevoix,04/03/2006,
6061,5381,RKB,7730,Lake Charlevoix,Central Lake Michigan Management Unit,Lake Charlevoix,04/03/2006,
6061,5381,WAE,7730,Lake Charlevoix,Central Lake Michigan Management Unit,Lake Charlevoix,04/03/2006,
6061,5382,WAE,7730,Lake Charlevoix,Central Lake Michigan Management Unit,Lake Charlevoix,04/03/2006,
6061,5383,NOP,7730,Lake Charlevoix,Central Lake Michigan Management Unit,Lake Charlevoix,04/03/2006,
6061,5383,WAE,7730,Lake Charlevoix,Central Lake Michigan Management Unit,Lake Charlevoix,04/03/2006,
6061,5385,NOP,7730,Lake Charlevoix,Central Lake Michigan Management Unit,Lake Charlevoix,04/03/2006,
6061,5385,WAE,7730,Lake Charlevoix,Central Lake Michigan Management Unit,Lake Charlevoix,04/03/2006,
6061,5386,WAE,7730,Lake Charlevoix,Central Lake Michigan Management Unit,Lake Charlevoix,04/03/2006,
6061,5389,WAE,7730,Lake Charlevoix,Central Lake Michigan Management Unit,Lake Charlevoix,04/03/2006,
6061,5391,WAE,7730,Lake Charlevoix,Central Lake Michigan Management Unit,Lake Charlevoix,04/03/2006,
6061,5392,WAE,7730,Lake Charlevoix,Central Lake Michigan Management Unit,Lake Charlevoix,04/03/2006,
6061,5393,NOP,7730,Lake Charlevoix,Central Lake Michigan Management Unit,Lake Charlevoix,04/03/2006,
6061,5393,SMB,7730,Lake Charlevoix,Central Lake Michigan Management Unit,Lake Charlevoix,04/03/2006,
6061,5394,NOP,7730,Lake Charlevoix,Central Lake Michigan Management Unit,Lake Charlevoix,04/03/2006,
6061,5396,NOP,7730,Lake Charlevoix,Central Lake Michigan Management Unit,Lake Charlevoix,04/03/2006,
6061,5397,NOP,7730,Lake Charlevoix,Central Lake Michigan Management Unit,Lake Charlevoix,04/03/2006,
6061,5397,WAE,7730,Lake Charlevoix,Central Lake Michigan Management Unit,Lake Charlevoix,04/03/2006,
6061,5398,WAE,7730,Lake Charlevoix,Central Lake Michigan Management Unit,Lake Charlevoix,04/03/2006,
6061,5399,NOP,7730,Lake Charlevoix,Central Lake Michigan Management Unit,Lake Charlevoix,04/03/2006,
6061,5399,WAE,7730,Lake Charlevoix,Central Lake Michigan Management Unit,Lake Charlevoix,04/03/2006,
6061,5400,WAE,7730,Lake Charlevoix,Central Lake Michigan Management Unit,Lake Charlevoix,04/03/2006,
6061,5401,WAE,7730,Lake Charlevoix,Central Lake Michigan Management Unit,Lake Charlevoix,04/03/2006,
6061,5403,WAE,7730,Lake Charlevoix,Central Lake Michigan Management Unit,Lake Charlevoix,04/03/2006,
6061,5404,WAE,7730,Lake Charlevoix,Central Lake Michigan Management Unit,Lake Charlevoix,04/03/2006,
6061,5406,CWS,7730,Lake Charlevoix,Central Lake Michigan Management Unit,Lake Charlevoix,04/03/2006,
6061,5406,WAE,7730,Lake Charlevoix,Central Lake Michigan Management Unit,Lake Charlevoix,04/03/2006,
6061,5410,WAE,7730,Lake Charlevoix,Central Lake Michigan Management Unit,Lake Charlevoix,04/03/2006,
6061,5411,WAE,7730,Lake Charlevoix,Central Lake Michigan Management Unit,Lake Charlevoix,04/03/2006,
6061,5413,NOP,7730,Lake Charlevoix,Central Lake Michigan Management Unit,Lake Charlevoix,04/03/2006,
6061,5416,WAE,7730,Lake Charlevoix,Central Lake Michigan Management Unit,Lake Charlevoix,04/03/2006,
6061,5417,WAE,7730,Lake Charlevoix,Central Lake Michigan Management Unit,Lake Charlevoix,04/03/2006,
6061,5420,WAE,7730,Lake Charlevoix,Central Lake Michigan Management Unit,Lake Charlevoix,04/03/2006,
6061,5421,WAE,7730,Lake Charlevoix,Central Lake Michigan Management Unit,Lake Charlevoix,04/03/2006,
6061,5424,WAE,7730,Lake Charlevoix,Central Lake Michigan Management Unit,Lake Charlevoix,04/03/2006,
6061,5425,WAE,7730,Lake Charlevoix,Central Lake Michigan Management Unit,Lake Charlevoix,04/03/2006,
6061,5426,WAE,7730,Lake Charlevoix,Central Lake Michigan Management Unit,Lake Charlevoix,04/03/2006,
6061,5427,WAE,7730,Lake Charlevoix,Central Lake Michigan Management Unit,Lake Charlevoix,04/03/2006,
6061,5428,WAE,7730,Lake Charlevoix,Central Lake Michigan Management Unit,Lake Charlevoix,04/03/2006,
6061,5429,WAE,7730,Lake Charlevoix,Central Lake Michigan Management Unit,Lake Charlevoix,04/03/2006,
6061,5431,WAE,7730,Lake Charlevoix,Central Lake Michigan Management Unit,Lake Charlevoix,04/03/2006,
6061,5438,WAE,7730,Lake Charlevoix,Central Lake Michigan Management Unit,Lake Charlevoix,04/03/2006,
6061,5439,WAE,7730,Lake Charlevoix,Central Lake Michigan Management Unit,Lake Charlevoix,04/03/2006,
6061,5440,NOP,7730,Lake Charlevoix,Central Lake Michigan Management Unit,Lake Charlevoix,04/03/2006,
6061,5441,SMB,7730,Lake Charlevoix,Central Lake Michigan Management Unit,Lake Charlevoix,04/03/2006,
6061,5441,WAE,7730,Lake Charlevoix,Central Lake Michigan Management Unit,Lake Charlevoix,04/03/2006,
6061,5442,SMB,7730,Lake Charlevoix,Central Lake Michigan Management Unit,Lake Charlevoix,04/03/2006,
6061,5443,WAE,7730,Lake Charlevoix,Central Lake Michigan Management Unit,Lake Charlevoix,04/03/2006,
6061,5444,NOP,7730,Lake Charlevoix,Central Lake Michigan Management Unit,Lake Charlevoix,04/03/2006,
6061,5445,NOP,7730,Lake Charlevoix,Central Lake Michigan Management Unit,Lake Charlevoix,04/03/2006,
6061,5445,WAE,7730,Lake Charlevoix,Central Lake Michigan Management Unit,Lake Charlevoix,04/03/2006,
6061,5447,NOP,7730,Lake Charlevoix,Central Lake Michigan Management Unit,Lake Charlevoix,04/03/2006,
6061,5448,NOP,7730,Lake Charlevoix,Central Lake Michigan Management Unit,Lake Charlevoix,04/03/2006,
6061,5448,WAE,7730,Lake Charlevoix,Central Lake Michigan Management Unit,Lake Charlevoix,04/03/2006,
6061,5455,WAE,7730,Lake Charlevoix,Central Lake Michigan Management Unit,Lake Charlevoix,04/03/2006,
6061,5456,WAE,7730,Lake Charlevoix,Central Lake Michigan Management Unit,Lake Charlevoix,04/03/2006,
6061,5457,WAE,7730,Lake Charlevoix,Central Lake Michigan Management Unit,Lake Charlevoix,04/03/2006,
6061,5458,WAE,7730,Lake Charlevoix,Central Lake Michigan Management Unit,Lake Charlevoix,04/03/2006,
6061,5460,WAE,7730,Lake Charlevoix,Central Lake Michigan Management Unit,Lake Charlevoix,04/03/2006,
6061,5462,WAE,7730,Lake Charlevoix,Central Lake Michigan Management Unit,Lake Charlevoix,04/03/2006,
6061,5463,NOP,7730,Lake Charlevoix,Central Lake Michigan Management Unit,Lake Charlevoix,04/03/2006,
6061,5464,NOP,7730,Lake Charlevoix,Central Lake Michigan Management Unit,Lake Charlevoix,04/03/2006,
6061,5464,WAE,7730,Lake Charlevoix,Central Lake Michigan Management Unit,Lake Charlevoix,04/03/2006,
6061,5465,NOP,7730,Lake Charlevoix,Central Lake Michigan Management Unit,Lake Charlevoix,04/03/2006,
6061,5466,WAE,7730,Lake Charlevoix,Central Lake Michigan Management Unit,Lake Charlevoix,04/03/2006,
6061,5467,WAE,7730,Lake Charlevoix,Central Lake Michigan Management Unit,Lake Charlevoix,04/03/2006,
6061,5468,NOP,7730,Lake Charlevoix,Central Lake Michigan Management Unit,Lake Charlevoix,04/03/2006,
6061,5468,WAE,7730,Lake Charlevoix,Central Lake Michigan Management Unit,Lake Charlevoix,04/03/2006,
6061,5469,NOP,7730,Lake Charlevoix,Central Lake Michigan Management Unit,Lake Charlevoix,04/03/2006,
6061,5469,WAE,7730,Lake Charlevoix,Central Lake Michigan Management Unit,Lake Charlevoix,04/03/2006,
6061,5474,WAE,7730,Lake Charlevoix,Central Lake Michigan Management Unit,Lake Charlevoix,04/03/2006,
6061,5475,WAE,7730,Lake Charlevoix,Central Lake Michigan Management Unit,Lake Charlevoix,04/03/2006,
6061,5477,WAE,7730,Lake Charlevoix,Central Lake Michigan Management Unit,Lake Charlevoix,04/03/2006,
6061,5478,WAE,7730,Lake Charlevoix,Central Lake Michigan Management Unit,Lake Charlevoix,04/03/2006,
6061,5481,WAE,7730,Lake Charlevoix,Central Lake Michigan Management Unit,Lake Charlevoix,04/03/2006,
6061,5483,WAE,7730,Lake Charlevoix,Central Lake Michigan Management Unit,Lake Charlevoix,04/03/2006,
6061,5484,RKB,7730,Lake Charlevoix,Central Lake Michigan Management Unit,Lake Charlevoix,04/03/2006,
6061,5485,WAE,7730,Lake Charlevoix,Central Lake Michigan Management Unit,Lake Charlevoix,04/03/2006,
6061,5486,WAE,7730,Lake Charlevoix,Central Lake Michigan Management Unit,Lake Charlevoix,04/03/2006,
6061,5487,SMB,7730,Lake Charlevoix,Central Lake Michigan Management Unit,Lake Charlevoix,04/03/2006,
6061,5487,WAE,7730,Lake Charlevoix,Central Lake Michigan Management Unit,Lake Charlevoix,04/03/2006,
6061,5488,NOP,7730,Lake Charlevoix,Central Lake Michigan Management Unit,Lake Charlevoix,04/03/2006,
6061,5490,WAE,7730,Lake Charlevoix,Central Lake Michigan Management Unit,Lake Charlevoix,04/03/2006,
6061,5493,WAE,7730,Lake Charlevoix,Central Lake Michigan Management Unit,Lake Charlevoix,04/03/2006,
6061,5497,NOP,7730,Lake Charlevoix,Central Lake Michigan Management Unit,Lake Charlevoix,04/03/2006,
6061,5498,WAE,7730,Lake Charlevoix,Central Lake Michigan Management Unit,Lake Charlevoix,04/03/2006,
6061,5499,NOP,7730,Lake Charlevoix,Central Lake Michigan Management Unit,Lake Charlevoix,04/03/2006,
6061,5499,WAE,7730,Lake Charlevoix,Central Lake Michigan Management Unit,Lake Charlevoix,04/03/2006,
6061,5500,WAE,7730,Lake Charlevoix,Central Lake Michigan Management Unit,Lake Charlevoix,04/03/2006,
6061,5501,NOP,7730,Lake Charlevoix,Central Lake Michigan Management Unit,Lake Charlevoix,04/03/2006,
6061,5501,SMB,7730,Lake Charlevoix,Central Lake Michigan Management Unit,Lake Charlevoix,04/03/2006,
6061,5502,WAE,7730,Lake Charlevoix,Central Lake Michigan Management Unit,Lake Charlevoix,04/03/2006,
6061,5503,SMB,7730,Lake Charlevoix,Central Lake Michigan Management Unit,Lake Charlevoix,04/03/2006,
6061,5506,WAE,7730,Lake Charlevoix,Central Lake Michigan Management Unit,Lake Charlevoix,04/03/2006,
6061,5508,WAE,7730,Lake Charlevoix,Central Lake Michigan Management Unit,Lake Charlevoix,04/03/2006,
6061,5510,SMB,7730,Lake Charlevoix,Central Lake Michigan Management Unit,Lake Charlevoix,04/03/2006,
6061,5510,WAE,7730,Lake Charlevoix,Central Lake Michigan Management Unit,Lake Charlevoix,04/03/2006,
6061,5512,NOP,7730,Lake Charlevoix,Central Lake Michigan Management Unit,Lake Charlevoix,04/03/2006,
6061,5512,SMB,7730,Lake Charlevoix,Central Lake Michigan Management Unit,Lake Charlevoix,04/03/2006,
6061,5513,WAE,7730,Lake Charlevoix,Central Lake Michigan Management Unit,Lake Charlevoix,04/03/2006,
6061,5514,NOP,7730,Lake Charlevoix,Central Lake Michigan Management Unit,Lake Charlevoix,04/03/2006,
6061,5515,NOP,7730,Lake Charlevoix,Central Lake Michigan Management Unit,Lake Charlevoix,04/03/2006,
6061,5516,SMB,7730,Lake Charlevoix,Central Lake Michigan Management Unit,Lake Charlevoix,04/03/2006,
6061,5517,SMB,7730,Lake Charlevoix,Central Lake Michigan Management Unit,Lake Charlevoix,04/03/2006,
6061,5518,NOP,7730,Lake Charlevoix,Central Lake Michigan Management Unit,Lake Charlevoix,04/03/2006,
6061,5518,SMB,7730,Lake Charlevoix,Central Lake Michigan Management Unit,Lake Charlevoix,04/03/2006,
6061,5519,NOP,7730,Lake Charlevoix,Central Lake Michigan Management Unit,Lake Charlevoix,04/03/2006,
6061,5519,SMB,7730,Lake Charlevoix,Central Lake Michigan Management Unit,Lake Charlevoix,04/03/2006,
6061,5519,WAE,7730,Lake Charlevoix,Central Lake Michigan Management Unit,Lake Charlevoix,04/03/2006,
6062,1,RBT,7729,Carp River,Western Lake Superior Management Unit,Rivermouth,10/26/2004,
6063,1,COS,7728,Maple Creek,Western Lake Superior Management Unit,Rivermouth,10/25/2004,
6079,1,BKT,7717,NA,Western Lake Superior Management Unit,Plains Road Crossing,08/10/2005,
6091,1,RBT,7705,Bass Lake,Southern Lake Michigan Management Unit,Bass Lake,NA,
6095,1,BLG,7701,Eel Lake,Western Lake Superior Management Unit,Eel Lake,05/03/2004,
6095,1,YEP,7701,Eel Lake,Western Lake Superior Management Unit,Eel Lake,05/03/2004,
6096,1,SPL,7700,Imp Lake,Western Lake Superior Management Unit,Imp Lake,06/07/2004,
6102,1,BLG,7695,Long Lake,Northern Lake Huron Management Unit,Long Lake,05/15/2006,
6102,1,PSF,7695,Long Lake,Northern Lake Huron Management Unit,Long Lake,05/15/2006,
6105,1,BLG,7692,Moraine Lake,Western Lake Superior Management Unit,Moraine Lake,05/03/2004,
6106,1,PSF,7691,Violet Lake,Northern Lake Michigan Management Unit,Violet Lake,05/10/2004,
6106,1,YEP,7691,Violet Lake,Northern Lake Michigan Management Unit,Violet Lake,05/10/2004,
6107,1,YEP,7690,Chief Edwards Lake,Northern Lake Michigan Management Unit,Chief Edwards Lake,05/18/2004,
6109,1,YEP,7688,James Lake,Northern Lake Michigan Management Unit,James Lake,04/27/2004,
6124,1,CWS,7673,Snipe Lake,Northern Lake Michigan Management Unit,Snipe Lake,04/18/1988,
6179,1,BLG,7621,County Line Lake,Western Lake Superior Management Unit,County Line Lake,06/13/2005,
6180,1,BLG,7620,Marion Lake,Western Lake Superior Management Unit,Marion Lake,06/13/2005,
6217,12,QIL,7586,Spring Lake,Southern Lake Michigan Management Unit,Spring Lake,05/08/2006,
6217,17,BLG,7586,Spring Lake,Southern Lake Michigan Management Unit,Spring Lake,05/08/2006,
6217,17,QIL,7586,Spring Lake,Southern Lake Michigan Management Unit,Spring Lake,05/08/2006,
6217,22,STS,7586,Spring Lake,Southern Lake Michigan Management Unit,Spring Lake,05/08/2006,
6255,7,CWS,7548,Worm Lake,Western Lake Superior Management Unit,Worm Lake,06/06/2006,
6255,23,PSF,7548,Worm Lake,Western Lake Superior Management Unit,Worm Lake,06/06/2006,
6269,1,CWS,7536,Black River,Lake Erie Management Unit,Comstock Road,08/06/1984,
6272,1,SFS,7533,Black River,Lake Erie Management Unit,Wadhams Road,08/08/1984,
6276,1,BLG,7529,Range Lake,Western Lake Superior Management Unit,Range Lake,06/10/2002,
6277,1,BLB,7528,Moosehead Lake,Western Lake Superior Management Unit,Moosehead Lake,06/10/2002,
6277,1,BLG,7528,Moosehead Lake,Western Lake Superior Management Unit,Moosehead Lake,06/10/2002,
6277,1,PSF,7528,Moosehead Lake,Western Lake Superior Management Unit,Moosehead Lake,06/10/2002,
6277,1,YEP,7528,Moosehead Lake,Western Lake Superior Management Unit,Moosehead Lake,06/10/2002,
6290,1,GRP,7519;16350;16351;16352;16353;16354,Black River,Lake Erie Management Unit,Applegate Rd;Forester Road;Church Road;Galbraith Line Road;Mills Road;Shabbona Road,07/12/1978,
6294,5542,NOP,7515,Lake Michigamme,Northern Lake Michigan Management Unit,Lake Michigamme,04/13/2006,
6294,5546,NOP,7515,Lake Michigamme,Northern Lake Michigan Management Unit,Lake Michigamme,04/13/2006,
6294,5560,WAE,7515,Lake Michigamme,Northern Lake Michigan Management Unit,Lake Michigamme,04/13/2006,
6294,5568,NOP,7515,Lake Michigamme,Northern Lake Michigan Management Unit,Lake Michigamme,04/13/2006,
6294,5583,WAE,7515,Lake Michigamme,Northern Lake Michigan Management Unit,Lake Michigamme,04/13/2006,
6294,5588,NOP,7515,Lake Michigamme,Northern Lake Michigan Management Unit,Lake Michigamme,04/13/2006,
6294,5596,WAE,7515,Lake Michigamme,Northern Lake Michigan Management Unit,Lake Michigamme,04/13/2006,
6294,5604,RKB,7515,Lake Michigamme,Northern Lake Michigan Management Unit,Lake Michigamme,04/13/2006,
6294,5607,WAE,7515,Lake Michigamme,Northern Lake Michigan Management Unit,Lake Michigamme,04/13/2006,
6294,5608,NOP,7515,Lake Michigamme,Northern Lake Michigan Management Unit,Lake Michigamme,04/13/2006,
6294,5611,NOP,7515,Lake Michigamme,Northern Lake Michigan Management Unit,Lake Michigamme,04/13/2006,
6294,5612,NOP,7515,Lake Michigamme,Northern Lake Michigan Management Unit,Lake Michigamme,04/13/2006,
6294,5612,WAE,7515,Lake Michigamme,Northern Lake Michigan Management Unit,Lake Michigamme,04/13/2006,
6294,5613,RKB,7515,Lake Michigamme,Northern Lake Michigan Management Unit,Lake Michigamme,04/13/2006,
6294,5614,WAE,7515,Lake Michigamme,Northern Lake Michigan Management Unit,Lake Michigamme,04/13/2006,
6294,5615,NOP,7515,Lake Michigamme,Northern Lake Michigan Management Unit,Lake Michigamme,04/13/2006,
6294,5615,WAE,7515,Lake Michigamme,Northern Lake Michigan Management Unit,Lake Michigamme,04/13/2006,
6294,5617,NOP,7515,Lake Michigamme,Northern Lake Michigan Management Unit,Lake Michigamme,04/13/2006,
6294,5618,WAE,7515,Lake Michigamme,Northern Lake Michigan Management Unit,Lake Michigamme,04/13/2006,
6294,5621,NOP,7515,Lake Michigamme,Northern Lake Michigan Management Unit,Lake Michigamme,04/13/2006,
6294,5630,WAE,7515,Lake Michigamme,Northern Lake Michigan Management Unit,Lake Michigamme,04/13/2006,
6294,5631,NOP,7515,Lake Michigamme,Northern Lake Michigan Management Unit,Lake Michigamme,04/13/2006,
6294,5632,WAE,7515,Lake Michigamme,Northern Lake Michigan Management Unit,Lake Michigamme,04/13/2006,
6294,5633,NOP,7515,Lake Michigamme,Northern Lake Michigan Management Unit,Lake Michigamme,04/13/2006,
6294,5633,WAE,7515,Lake Michigamme,Northern Lake Michigan Management Unit,Lake Michigamme,04/13/2006,
6294,5635,NOP,7515,Lake Michigamme,Northern Lake Michigan Management Unit,Lake Michigamme,04/13/2006,
6294,5636,NOP,7515,Lake Michigamme,Northern Lake Michigan Management Unit,Lake Michigamme,04/13/2006,
6294,5637,WAE,7515,Lake Michigamme,Northern Lake Michigan Management Unit,Lake Michigamme,04/13/2006,
6294,5651,NOP,7515,Lake Michigamme,Northern Lake Michigan Management Unit,Lake Michigamme,04/13/2006,
6294,5655,NOP,7515,Lake Michigamme,Northern Lake Michigan Management Unit,Lake Michigamme,04/13/2006,
6294,5657,NOP,7515,Lake Michigamme,Northern Lake Michigan Management Unit,Lake Michigamme,04/13/2006,
6294,5659,NOP,7515,Lake Michigamme,Northern Lake Michigan Management Unit,Lake Michigamme,04/13/2006,
6294,5661,NOP,7515,Lake Michigamme,Northern Lake Michigan Management Unit,Lake Michigamme,04/13/2006,
6294,5662,NOP,7515,Lake Michigamme,Northern Lake Michigan Management Unit,Lake Michigamme,04/13/2006,
6294,5663,NOP,7515,Lake Michigamme,Northern Lake Michigan Management Unit,Lake Michigamme,04/13/2006,
6294,5665,NOP,7515,Lake Michigamme,Northern Lake Michigan Management Unit,Lake Michigamme,04/13/2006,
6294,5666,NOP,7515,Lake Michigamme,Northern Lake Michigan Management Unit,Lake Michigamme,04/13/2006,
6294,5666,WAE,7515,Lake Michigamme,Northern Lake Michigan Management Unit,Lake Michigamme,04/13/2006,
6294,5674,WAE,7515,Lake Michigamme,Northern Lake Michigan Management Unit,Lake Michigamme,04/13/2006,
6294,5678,WAE,7515,Lake Michigamme,Northern Lake Michigan Management Unit,Lake Michigamme,04/13/2006,
6294,5679,NOP,7515,Lake Michigamme,Northern Lake Michigan Management Unit,Lake Michigamme,04/13/2006,
6294,5679,WAE,7515,Lake Michigamme,Northern Lake Michigan Management Unit,Lake Michigamme,04/13/2006,
6294,5680,WAE,7515,Lake Michigamme,Northern Lake Michigan Management Unit,Lake Michigamme,04/13/2006,
6294,5681,WAE,7515,Lake Michigamme,Northern Lake Michigan Management Unit,Lake Michigamme,04/13/2006,
6294,5701,WAE,7515,Lake Michigamme,Northern Lake Michigan Management Unit,Lake Michigamme,04/13/2006,
6294,5702,WAE,7515,Lake Michigamme,Northern Lake Michigan Management Unit,Lake Michigamme,04/13/2006,
6294,5704,WAE,7515,Lake Michigamme,Northern Lake Michigan Management Unit,Lake Michigamme,04/13/2006,
6294,5717,WAE,7515,Lake Michigamme,Northern Lake Michigan Management Unit,Lake Michigamme,04/13/2006,
6294,5718,WAE,7515,Lake Michigamme,Northern Lake Michigan Management Unit,Lake Michigamme,04/13/2006,
6294,5719,NOP,7515,Lake Michigamme,Northern Lake Michigan Management Unit,Lake Michigamme,04/13/2006,
6294,5719,SMB,7515,Lake Michigamme,Northern Lake Michigan Management Unit,Lake Michigamme,04/13/2006,
6294,5719,WAE,7515,Lake Michigamme,Northern Lake Michigan Management Unit,Lake Michigamme,04/13/2006,
6294,5730,NOP,7515,Lake Michigamme,Northern Lake Michigan Management Unit,Lake Michigamme,04/13/2006,
6294,5735,WAE,7515,Lake Michigamme,Northern Lake Michigan Management Unit,Lake Michigamme,04/13/2006,
6294,5737,NOP,7515,Lake Michigamme,Northern Lake Michigan Management Unit,Lake Michigamme,04/13/2006,
6294,5737,WAE,7515,Lake Michigamme,Northern Lake Michigan Management Unit,Lake Michigamme,04/13/2006,
6294,5738,WAE,7515,Lake Michigamme,Northern Lake Michigan Management Unit,Lake Michigamme,04/13/2006,
6294,5739,WAE,7515,Lake Michigamme,Northern Lake Michigan Management Unit,Lake Michigamme,04/13/2006,
6294,5740,NOP,7515,Lake Michigamme,Northern Lake Michigan Management Unit,Lake Michigamme,04/13/2006,
6294,5742,WAE,7515,Lake Michigamme,Northern Lake Michigan Management Unit,Lake Michigamme,04/13/2006,
6294,5745,WAE,7515,Lake Michigamme,Northern Lake Michigan Management Unit,Lake Michigamme,04/13/2006,
6294,5749,WAE,7515,Lake Michigamme,Northern Lake Michigan Management Unit,Lake Michigamme,04/13/2006,
6294,5753,WAE,7515,Lake Michigamme,Northern Lake Michigan Management Unit,Lake Michigamme,04/13/2006,
6294,5754,WAE,7515,Lake Michigamme,Northern Lake Michigan Management Unit,Lake Michigamme,04/13/2006,
6295,3,CSH,7514;16355;16356;16357;16358;16359,Black River,Lake Erie Management Unit,Croswell Imp. ;Deckerville Road;Ruth Road;Galbraith Line Road;Church Road;Croswell City Park,07/30/1984,
6295,3,MUD,7514;16355;16356;16357;16358;16359,Black River,Lake Erie Management Unit,Croswell Imp. ;Deckerville Road;Ruth Road;Galbraith Line Road;Church Road;Croswell City Park,07/30/1984,
6295,3,NOP,7514;16355;16356;16357;16358;16359,Black River,Lake Erie Management Unit,Croswell Imp. ;Deckerville Road;Ruth Road;Galbraith Line Road;Church Road;Croswell City Park,07/30/1984,
6296,6,SAS,7513,Lake Charlevoix,Central Lake Michigan Management Unit,Lake Charlevoix,06/06/2006,
6296,8,SAS,7513,Lake Charlevoix,Central Lake Michigan Management Unit,Lake Charlevoix,06/06/2006,
6297,13,CSH,7512,Deer Lake,Northern Lake Michigan Management Unit,Deer Lake,06/06/2006,
6309,6,BCR,7500,Campbell Lake,Southern Lake Michigan Management Unit,Campbell Lake,06/26/2006,
6335,1,BNT,7476;16368,Dowagiac Creek,Southern Lake Michigan Management Unit,Dutch Settlement Rd.;McKenzie road,07/24/2006,
6335,2,BNT,7476;16368,Dowagiac Creek,Southern Lake Michigan Management Unit,Dutch Settlement Rd.;McKenzie road,07/24/2006,
6367,1,BNT,7458,Townsend Creek,Southern Lake Michigan Management Unit,Rangeline Road,08/02/2006,
6399,1,CWS,7430,North Branch Au Sable River,Northern Lake Huron Management Unit,Dam 4 Road,09/05/2006,
6399,1,NHS,7430,North Branch Au Sable River,Northern Lake Huron Management Unit,Dam 4 Road,09/05/2006,
6450,1,CWS,7385,Lake Independence,Eastern Lake Superior Management Unit,Lake Independence,05/02/2006,
6506,8,PSF,7333,Pomeroy Lake,Western Lake Superior Management Unit,Pomeroy Lake,05/30/2006,
6506,8,YEP,7333,Pomeroy Lake,Western Lake Superior Management Unit,Pomeroy Lake,05/30/2006,
6507,2,YEP,7332,Perch Lake,Western Lake Superior Management Unit,Perch Lake,06/12/2006,
6507,19,YEP,7332,Perch Lake,Western Lake Superior Management Unit,Perch Lake,06/12/2006,
6546,1,CRC,7296,West Branch Sturgeon River,Western Lake Superior Management Unit,Newberry Road,07/27/2006,
6546,1,MOS,7296,West Branch Sturgeon River,Western Lake Superior Management Unit,Newberry Road,07/27/2006,
6557,1,BND,7285,Cisco Branch Ontonagon River,Western Lake Superior Management Unit,Cisco Br. - Below FH 6930,07/18/2006,
6557,1,CRC,7285,Cisco Branch Ontonagon River,Western Lake Superior Management Unit,Cisco Br. - Below FH 6930,07/18/2006,
6557,1,HHC,7285,Cisco Branch Ontonagon River,Western Lake Superior Management Unit,Cisco Br. - Below FH 6930,07/18/2006,
6557,1,LND,7285,Cisco Branch Ontonagon River,Western Lake Superior Management Unit,Cisco Br. - Below FH 6930,07/18/2006,
6571,1,BND,7272,Black River,Western Lake Superior Management Unit,Hedberg Road Crossing,09/06/2006,
6571,1,CRC,7272,Black River,Western Lake Superior Management Unit,Hedberg Road Crossing,09/06/2006,
6571,1,CWS,7272,Black River,Western Lake Superior Management Unit,Hedberg Road Crossing,09/06/2006,
6571,1,HHC,7272,Black River,Western Lake Superior Management Unit,Hedberg Road Crossing,09/06/2006,
6571,1,JOD,7272,Black River,Western Lake Superior Management Unit,Hedberg Road Crossing,09/06/2006,
6583,1,BRM,7260,Mishike Lake,Western Lake Superior Management Unit,Mishike Lake,10/04/2006,
6583,1,BSB,7260,Mishike Lake,Western Lake Superior Management Unit,Mishike Lake,10/04/2006,
6583,1,FSD,7260,Mishike Lake,Western Lake Superior Management Unit,Mishike Lake,10/04/2006,
6583,1,GOS,7260,Mishike Lake,Western Lake Superior Management Unit,Mishike Lake,10/04/2006,
6599,1,PSF,7245,Iron Lake,Northern Lake Michigan Management Unit,Iron Lake,10/05/1981,
6599,1,YEP,7245,Iron Lake,Northern Lake Michigan Management Unit,Iron Lake,10/05/1981,
6599,2,PSF,7245,Iron Lake,Northern Lake Michigan Management Unit,Iron Lake,10/05/1981,
6599,2,YEP,7245,Iron Lake,Northern Lake Michigan Management Unit,Iron Lake,10/05/1981,
6604,1,YEP,7241,James Lake,Northern Lake Michigan Management Unit,James Lake,05/31/1988,
6630,1,CWS,7219,Fire Lake,Northern Lake Michigan Management Unit,Fire Lake,06/08/1981,
6630,1,RKB,7219,Fire Lake,Northern Lake Michigan Management Unit,Fire Lake,06/08/1981,
6630,3,BLG,7219,Fire Lake,Northern Lake Michigan Management Unit,Fire Lake,06/08/1981,
6630,3,RKB,7219,Fire Lake,Northern Lake Michigan Management Unit,Fire Lake,06/08/1981,
6731,2,BND,7124,East Branch Ontonagon River,Western Lake Superior Management Unit,M28/USFS Highway 16 intersection,08/08/2007,
6731,2,MOS,7124,East Branch Ontonagon River,Western Lake Superior Management Unit,M28/USFS Highway 16 intersection,08/08/2007,
6732,2,BND,7123,Rock River,Western Lake Superior Management Unit,M-28 S. Crossing,08/06/2007,
6732,2,CRC,7123,Rock River,Western Lake Superior Management Unit,M-28 S. Crossing,08/06/2007,
6732,2,LND,7123,Rock River,Western Lake Superior Management Unit,M-28 S. Crossing,08/06/2007,
6765,2,CRC,7095,Trout Creek,Western Lake Superior Management Unit,Gardner Road,07/19/2006,
6765,2,CSH,7095,Trout Creek,Western Lake Superior Management Unit,Gardner Road,07/19/2006,
6765,2,CWS,7095,Trout Creek,Western Lake Superior Management Unit,Gardner Road,07/19/2006,
6765,2,LND,7095,Trout Creek,Western Lake Superior Management Unit,Gardner Road,07/19/2006,
6791,1,RBT MI,7076,Big Chub Lake,Northern Lake Huron Management Unit,Big Chub Lake,10/17/2006,
6797,1,BKT,7071,Spring Brook,Southern Lake Michigan Management Unit,36th Street,08/17/2006,
6797,2,BKT,7071,Spring Brook,Southern Lake Michigan Management Unit,36th Street,08/17/2006,
6798,1,BLG,7070,Eel Lake,Western Lake Superior Management Unit,Eel Lake,06/02/2003,
6798,1,GOS,7070,Eel Lake,Western Lake Superior Management Unit,Eel Lake,06/02/2003,
6798,1,PSF,7070,Eel Lake,Western Lake Superior Management Unit,Eel Lake,06/02/2003,
6798,1,YEP,7070,Eel Lake,Western Lake Superior Management Unit,Eel Lake,06/02/2003,
6799,1,BLG,7069,Henry Lake,Western Lake Superior Management Unit,Henry Lake,05/27/2003,
6800,1,PSF,7068,Honeysuckle Lake,Western Lake Superior Management Unit,Honeysuckle Lake,05/27/2003,
6800,1,YEP,7068,Honeysuckle Lake,Western Lake Superior Management Unit,Honeysuckle Lake,05/27/2003,
6801,1,BLG,7067,Oxbow Lake,Western Lake Superior Management Unit,Oxbow Lake,06/02/2003,
6801,1,GOS,7067,Oxbow Lake,Western Lake Superior Management Unit,Oxbow Lake,06/02/2003,
6801,1,PSF,7067,Oxbow Lake,Western Lake Superior Management Unit,Oxbow Lake,06/02/2003,
6801,1,YEP,7067,Oxbow Lake,Western Lake Superior Management Unit,Oxbow Lake,06/02/2003,
6803,3,CHS,7065;16412;16413;16414;16415,Cedar Creek,Central Lake Michigan Management Unit,Brickyard Rd.;Crocker Rd.;Sweeter Rd.;M-120 (Western most crossing);Holton Duck Lake Rd.,08/07/2006,
6803,6,MUD,7065;16412;16413;16414;16415,Cedar Creek,Central Lake Michigan Management Unit,Brickyard Rd.;Crocker Rd.;Sweeter Rd.;M-120 (Western most crossing);Holton Duck Lake Rd.,08/07/2006,
6803,9,SCU,7065;16412;16413;16414;16415,Cedar Creek,Central Lake Michigan Management Unit,Brickyard Rd.;Crocker Rd.;Sweeter Rd.;M-120 (Western most crossing);Holton Duck Lake Rd.,08/07/2006,
6803,15,BKT,7065;16412;16413;16414;16415,Cedar Creek,Central Lake Michigan Management Unit,Brickyard Rd.;Crocker Rd.;Sweeter Rd.;M-120 (Western most crossing);Holton Duck Lake Rd.,08/07/2006,
6803,17,BKT,7065;16412;16413;16414;16415,Cedar Creek,Central Lake Michigan Management Unit,Brickyard Rd.;Crocker Rd.;Sweeter Rd.;M-120 (Western most crossing);Holton Duck Lake Rd.,08/07/2006,
6813,3,PSF,7055;16416;16417;16418;16419;16420;16421;16422;16423,Stony Creek,Southern Lake Michigan Management Unit,Tallman Road;South Warren Road ;West Maple Rapids Road ;South Ransom Road ;East Jenks Road ;Faragher Road ;North Tallman Road ;M 21 Bluewater Hwy;East Wilson Road ,08/14/1989,
6813,5,SHR,7055;16416;16417;16418;16419;16420;16421;16422;16423,Stony Creek,Southern Lake Michigan Management Unit,Tallman Road;South Warren Road ;West Maple Rapids Road ;South Ransom Road ;East Jenks Road ;Faragher Road ;North Tallman Road ;M 21 Bluewater Hwy;East Wilson Road ,08/14/1989,
6850,2,NOP,7027,Long Lake,Lake Erie Management Unit,Long Lake,04/02/2007,
6850,5,NOP,7027,Long Lake,Lake Erie Management Unit,Long Lake,04/02/2007,
6850,6,WAE,7027,Long Lake,Lake Erie Management Unit,Long Lake,04/02/2007,
6850,7,WAE,7027,Long Lake,Lake Erie Management Unit,Long Lake,04/02/2007,
6854,6,RKB,7023,Chicagon Lake,Northern Lake Michigan Management Unit,Chicagon Lake,05/01/2006,
6858,79,BLG,7020,Fire Lake,Northern Lake Michigan Management Unit,Fire Lake,04/19/2007,
6858,105,BLG,7020,Fire Lake,Northern Lake Michigan Management Unit,Fire Lake,04/19/2007,
6860,99,CWS,7019,Indian Lake,Northern Lake Michigan Management Unit,Indian Lake,04/16/2007,
6871,23,YEP,7010,Lake Antoine,Northern Lake Michigan Management Unit,Lake Antoine,04/16/2007,
6874,2,R01,7008,Osmun Lake,Northern Lake Huron Management Unit,Osmun Lake,05/29/2007,
6882,1,YLB,7001,Cowden Lake,Southern Lake Michigan Management Unit,Cowden Lake,05/13/1986,
6902,1,NHS,6982;16432;16433;16434;16435;16436;16437;16438;16439;16440;16441;16442;16443;16444;16445;16446;16447;16448;16449;16450;16451;16452;16453;16454,NA,Southern Lake Michigan Management Unit,Downstream of Loomis Road;South Meridian Road ;Lanes Lake Drain Confluence;Faxon Creek Bend;Hart Branch Confluence;Franklin Street Boat Ramp;Quarry Road;Jones Road;West River Drive Boat Ramp;Erdman Road;Tompkins Road Boat Ramp;1.5 Miles below Saranac Bridge;Below Former Dimondale Dam Site;Smithville Road;Petrieville Highway;State Road;Below Moores Park Dam;Plaster Creek confluence;Honey Creek confluence;Island 2 miles upstream of M-45;Sessions Creek Confluence;144th Avenue;0.6 Miles below Portage River Confluence;Grand Woods Park,07/18/1978,
6902,2,BCR,6982;16432;16433;16434;16435;16436;16437;16438;16439;16440;16441;16442;16443;16444;16445;16446;16447;16448;16449;16450;16451;16452;16453;16454,NA,Southern Lake Michigan Management Unit,Downstream of Loomis Road;South Meridian Road ;Lanes Lake Drain Confluence;Faxon Creek Bend;Hart Branch Confluence;Franklin Street Boat Ramp;Quarry Road;Jones Road;West River Drive Boat Ramp;Erdman Road;Tompkins Road Boat Ramp;1.5 Miles below Saranac Bridge;Below Former Dimondale Dam Site;Smithville Road;Petrieville Highway;State Road;Below Moores Park Dam;Plaster Creek confluence;Honey Creek confluence;Island 2 miles upstream of M-45;Sessions Creek Confluence;144th Avenue;0.6 Miles below Portage River Confluence;Grand Woods Park,07/18/1978,
6902,2,BLG,6982;16432;16433;16434;16435;16436;16437;16438;16439;16440;16441;16442;16443;16444;16445;16446;16447;16448;16449;16450;16451;16452;16453;16454,NA,Southern Lake Michigan Management Unit,Downstream of Loomis Road;South Meridian Road ;Lanes Lake Drain Confluence;Faxon Creek Bend;Hart Branch Confluence;Franklin Street Boat Ramp;Quarry Road;Jones Road;West River Drive Boat Ramp;Erdman Road;Tompkins Road Boat Ramp;1.5 Miles below Saranac Bridge;Below Former Dimondale Dam Site;Smithville Road;Petrieville Highway;State Road;Below Moores Park Dam;Plaster Creek confluence;Honey Creek confluence;Island 2 miles upstream of M-45;Sessions Creek Confluence;144th Avenue;0.6 Miles below Portage River Confluence;Grand Woods Park,07/18/1978,
6902,2,CAR,6982;16432;16433;16434;16435;16436;16437;16438;16439;16440;16441;16442;16443;16444;16445;16446;16447;16448;16449;16450;16451;16452;16453;16454,NA,Southern Lake Michigan Management Unit,Downstream of Loomis Road;South Meridian Road ;Lanes Lake Drain Confluence;Faxon Creek Bend;Hart Branch Confluence;Franklin Street Boat Ramp;Quarry Road;Jones Road;West River Drive Boat Ramp;Erdman Road;Tompkins Road Boat Ramp;1.5 Miles below Saranac Bridge;Below Former Dimondale Dam Site;Smithville Road;Petrieville Highway;State Road;Below Moores Park Dam;Plaster Creek confluence;Honey Creek confluence;Island 2 miles upstream of M-45;Sessions Creek Confluence;144th Avenue;0.6 Miles below Portage River Confluence;Grand Woods Park,07/18/1978,
6902,2,GSF,6982;16432;16433;16434;16435;16436;16437;16438;16439;16440;16441;16442;16443;16444;16445;16446;16447;16448;16449;16450;16451;16452;16453;16454,NA,Southern Lake Michigan Management Unit,Downstream of Loomis Road;South Meridian Road ;Lanes Lake Drain Confluence;Faxon Creek Bend;Hart Branch Confluence;Franklin Street Boat Ramp;Quarry Road;Jones Road;West River Drive Boat Ramp;Erdman Road;Tompkins Road Boat Ramp;1.5 Miles below Saranac Bridge;Below Former Dimondale Dam Site;Smithville Road;Petrieville Highway;State Road;Below Moores Park Dam;Plaster Creek confluence;Honey Creek confluence;Island 2 miles upstream of M-45;Sessions Creek Confluence;144th Avenue;0.6 Miles below Portage River Confluence;Grand Woods Park,07/18/1978,
6902,2,LSF,6982;16432;16433;16434;16435;16436;16437;16438;16439;16440;16441;16442;16443;16444;16445;16446;16447;16448;16449;16450;16451;16452;16453;16454,NA,Southern Lake Michigan Management Unit,Downstream of Loomis Road;South Meridian Road ;Lanes Lake Drain Confluence;Faxon Creek Bend;Hart Branch Confluence;Franklin Street Boat Ramp;Quarry Road;Jones Road;West River Drive Boat Ramp;Erdman Road;Tompkins Road Boat Ramp;1.5 Miles below Saranac Bridge;Below Former Dimondale Dam Site;Smithville Road;Petrieville Highway;State Road;Below Moores Park Dam;Plaster Creek confluence;Honey Creek confluence;Island 2 miles upstream of M-45;Sessions Creek Confluence;144th Avenue;0.6 Miles below Portage River Confluence;Grand Woods Park,07/18/1978,
6902,2,NHS,6982;16432;16433;16434;16435;16436;16437;16438;16439;16440;16441;16442;16443;16444;16445;16446;16447;16448;16449;16450;16451;16452;16453;16454,NA,Southern Lake Michigan Management Unit,Downstream of Loomis Road;South Meridian Road ;Lanes Lake Drain Confluence;Faxon Creek Bend;Hart Branch Confluence;Franklin Street Boat Ramp;Quarry Road;Jones Road;West River Drive Boat Ramp;Erdman Road;Tompkins Road Boat Ramp;1.5 Miles below Saranac Bridge;Below Former Dimondale Dam Site;Smithville Road;Petrieville Highway;State Road;Below Moores Park Dam;Plaster Creek confluence;Honey Creek confluence;Island 2 miles upstream of M-45;Sessions Creek Confluence;144th Avenue;0.6 Miles below Portage River Confluence;Grand Woods Park,07/18/1978,
6902,2,RKB,6982;16432;16433;16434;16435;16436;16437;16438;16439;16440;16441;16442;16443;16444;16445;16446;16447;16448;16449;16450;16451;16452;16453;16454,NA,Southern Lake Michigan Management Unit,Downstream of Loomis Road;South Meridian Road ;Lanes Lake Drain Confluence;Faxon Creek Bend;Hart Branch Confluence;Franklin Street Boat Ramp;Quarry Road;Jones Road;West River Drive Boat Ramp;Erdman Road;Tompkins Road Boat Ramp;1.5 Miles below Saranac Bridge;Below Former Dimondale Dam Site;Smithville Road;Petrieville Highway;State Road;Below Moores Park Dam;Plaster Creek confluence;Honey Creek confluence;Island 2 miles upstream of M-45;Sessions Creek Confluence;144th Avenue;0.6 Miles below Portage River Confluence;Grand Woods Park,07/18/1978,
6902,2,YEP,6982;16432;16433;16434;16435;16436;16437;16438;16439;16440;16441;16442;16443;16444;16445;16446;16447;16448;16449;16450;16451;16452;16453;16454,NA,Southern Lake Michigan Management Unit,Downstream of Loomis Road;South Meridian Road ;Lanes Lake Drain Confluence;Faxon Creek Bend;Hart Branch Confluence;Franklin Street Boat Ramp;Quarry Road;Jones Road;West River Drive Boat Ramp;Erdman Road;Tompkins Road Boat Ramp;1.5 Miles below Saranac Bridge;Below Former Dimondale Dam Site;Smithville Road;Petrieville Highway;State Road;Below Moores Park Dam;Plaster Creek confluence;Honey Creek confluence;Island 2 miles upstream of M-45;Sessions Creek Confluence;144th Avenue;0.6 Miles below Portage River Confluence;Grand Woods Park,07/18/1978,
6902,3,CWS,6982;16432;16433;16434;16435;16436;16437;16438;16439;16440;16441;16442;16443;16444;16445;16446;16447;16448;16449;16450;16451;16452;16453;16454,NA,Southern Lake Michigan Management Unit,Downstream of Loomis Road;South Meridian Road ;Lanes Lake Drain Confluence;Faxon Creek Bend;Hart Branch Confluence;Franklin Street Boat Ramp;Quarry Road;Jones Road;West River Drive Boat Ramp;Erdman Road;Tompkins Road Boat Ramp;1.5 Miles below Saranac Bridge;Below Former Dimondale Dam Site;Smithville Road;Petrieville Highway;State Road;Below Moores Park Dam;Plaster Creek confluence;Honey Creek confluence;Island 2 miles upstream of M-45;Sessions Creek Confluence;144th Avenue;0.6 Miles below Portage River Confluence;Grand Woods Park,07/18/1978,
6902,4,CWS,6982;16432;16433;16434;16435;16436;16437;16438;16439;16440;16441;16442;16443;16444;16445;16446;16447;16448;16449;16450;16451;16452;16453;16454,NA,Southern Lake Michigan Management Unit,Downstream of Loomis Road;South Meridian Road ;Lanes Lake Drain Confluence;Faxon Creek Bend;Hart Branch Confluence;Franklin Street Boat Ramp;Quarry Road;Jones Road;West River Drive Boat Ramp;Erdman Road;Tompkins Road Boat Ramp;1.5 Miles below Saranac Bridge;Below Former Dimondale Dam Site;Smithville Road;Petrieville Highway;State Road;Below Moores Park Dam;Plaster Creek confluence;Honey Creek confluence;Island 2 miles upstream of M-45;Sessions Creek Confluence;144th Avenue;0.6 Miles below Portage River Confluence;Grand Woods Park,07/18/1978,
6902,4,NOP,6982;16432;16433;16434;16435;16436;16437;16438;16439;16440;16441;16442;16443;16444;16445;16446;16447;16448;16449;16450;16451;16452;16453;16454,NA,Southern Lake Michigan Management Unit,Downstream of Loomis Road;South Meridian Road ;Lanes Lake Drain Confluence;Faxon Creek Bend;Hart Branch Confluence;Franklin Street Boat Ramp;Quarry Road;Jones Road;West River Drive Boat Ramp;Erdman Road;Tompkins Road Boat Ramp;1.5 Miles below Saranac Bridge;Below Former Dimondale Dam Site;Smithville Road;Petrieville Highway;State Road;Below Moores Park Dam;Plaster Creek confluence;Honey Creek confluence;Island 2 miles upstream of M-45;Sessions Creek Confluence;144th Avenue;0.6 Miles below Portage River Confluence;Grand Woods Park,07/18/1978,
6902,4,YLB,6982;16432;16433;16434;16435;16436;16437;16438;16439;16440;16441;16442;16443;16444;16445;16446;16447;16448;16449;16450;16451;16452;16453;16454,NA,Southern Lake Michigan Management Unit,Downstream of Loomis Road;South Meridian Road ;Lanes Lake Drain Confluence;Faxon Creek Bend;Hart Branch Confluence;Franklin Street Boat Ramp;Quarry Road;Jones Road;West River Drive Boat Ramp;Erdman Road;Tompkins Road Boat Ramp;1.5 Miles below Saranac Bridge;Below Former Dimondale Dam Site;Smithville Road;Petrieville Highway;State Road;Below Moores Park Dam;Plaster Creek confluence;Honey Creek confluence;Island 2 miles upstream of M-45;Sessions Creek Confluence;144th Avenue;0.6 Miles below Portage River Confluence;Grand Woods Park,07/18/1978,
6902,5,BCR,6982;16432;16433;16434;16435;16436;16437;16438;16439;16440;16441;16442;16443;16444;16445;16446;16447;16448;16449;16450;16451;16452;16453;16454,NA,Southern Lake Michigan Management Unit,Downstream of Loomis Road;South Meridian Road ;Lanes Lake Drain Confluence;Faxon Creek Bend;Hart Branch Confluence;Franklin Street Boat Ramp;Quarry Road;Jones Road;West River Drive Boat Ramp;Erdman Road;Tompkins Road Boat Ramp;1.5 Miles below Saranac Bridge;Below Former Dimondale Dam Site;Smithville Road;Petrieville Highway;State Road;Below Moores Park Dam;Plaster Creek confluence;Honey Creek confluence;Island 2 miles upstream of M-45;Sessions Creek Confluence;144th Avenue;0.6 Miles below Portage River Confluence;Grand Woods Park,07/18/1978,
6902,5,CWS,6982;16432;16433;16434;16435;16436;16437;16438;16439;16440;16441;16442;16443;16444;16445;16446;16447;16448;16449;16450;16451;16452;16453;16454,NA,Southern Lake Michigan Management Unit,Downstream of Loomis Road;South Meridian Road ;Lanes Lake Drain Confluence;Faxon Creek Bend;Hart Branch Confluence;Franklin Street Boat Ramp;Quarry Road;Jones Road;West River Drive Boat Ramp;Erdman Road;Tompkins Road Boat Ramp;1.5 Miles below Saranac Bridge;Below Former Dimondale Dam Site;Smithville Road;Petrieville Highway;State Road;Below Moores Park Dam;Plaster Creek confluence;Honey Creek confluence;Island 2 miles upstream of M-45;Sessions Creek Confluence;144th Avenue;0.6 Miles below Portage River Confluence;Grand Woods Park,07/18/1978,
6902,5,NHS,6982;16432;16433;16434;16435;16436;16437;16438;16439;16440;16441;16442;16443;16444;16445;16446;16447;16448;16449;16450;16451;16452;16453;16454,NA,Southern Lake Michigan Management Unit,Downstream of Loomis Road;South Meridian Road ;Lanes Lake Drain Confluence;Faxon Creek Bend;Hart Branch Confluence;Franklin Street Boat Ramp;Quarry Road;Jones Road;West River Drive Boat Ramp;Erdman Road;Tompkins Road Boat Ramp;1.5 Miles below Saranac Bridge;Below Former Dimondale Dam Site;Smithville Road;Petrieville Highway;State Road;Below Moores Park Dam;Plaster Creek confluence;Honey Creek confluence;Island 2 miles upstream of M-45;Sessions Creek Confluence;144th Avenue;0.6 Miles below Portage River Confluence;Grand Woods Park,07/18/1978,
6902,5,NOP,6982;16432;16433;16434;16435;16436;16437;16438;16439;16440;16441;16442;16443;16444;16445;16446;16447;16448;16449;16450;16451;16452;16453;16454,NA,Southern Lake Michigan Management Unit,Downstream of Loomis Road;South Meridian Road ;Lanes Lake Drain Confluence;Faxon Creek Bend;Hart Branch Confluence;Franklin Street Boat Ramp;Quarry Road;Jones Road;West River Drive Boat Ramp;Erdman Road;Tompkins Road Boat Ramp;1.5 Miles below Saranac Bridge;Below Former Dimondale Dam Site;Smithville Road;Petrieville Highway;State Road;Below Moores Park Dam;Plaster Creek confluence;Honey Creek confluence;Island 2 miles upstream of M-45;Sessions Creek Confluence;144th Avenue;0.6 Miles below Portage River Confluence;Grand Woods Park,07/18/1978,
6902,5,PSF,6982;16432;16433;16434;16435;16436;16437;16438;16439;16440;16441;16442;16443;16444;16445;16446;16447;16448;16449;16450;16451;16452;16453;16454,NA,Southern Lake Michigan Management Unit,Downstream of Loomis Road;South Meridian Road ;Lanes Lake Drain Confluence;Faxon Creek Bend;Hart Branch Confluence;Franklin Street Boat Ramp;Quarry Road;Jones Road;West River Drive Boat Ramp;Erdman Road;Tompkins Road Boat Ramp;1.5 Miles below Saranac Bridge;Below Former Dimondale Dam Site;Smithville Road;Petrieville Highway;State Road;Below Moores Park Dam;Plaster Creek confluence;Honey Creek confluence;Island 2 miles upstream of M-45;Sessions Creek Confluence;144th Avenue;0.6 Miles below Portage River Confluence;Grand Woods Park,07/18/1978,
6902,5,RKB,6982;16432;16433;16434;16435;16436;16437;16438;16439;16440;16441;16442;16443;16444;16445;16446;16447;16448;16449;16450;16451;16452;16453;16454,NA,Southern Lake Michigan Management Unit,Downstream of Loomis Road;South Meridian Road ;Lanes Lake Drain Confluence;Faxon Creek Bend;Hart Branch Confluence;Franklin Street Boat Ramp;Quarry Road;Jones Road;West River Drive Boat Ramp;Erdman Road;Tompkins Road Boat Ramp;1.5 Miles below Saranac Bridge;Below Former Dimondale Dam Site;Smithville Road;Petrieville Highway;State Road;Below Moores Park Dam;Plaster Creek confluence;Honey Creek confluence;Island 2 miles upstream of M-45;Sessions Creek Confluence;144th Avenue;0.6 Miles below Portage River Confluence;Grand Woods Park,07/18/1978,
6902,5,YLB,6982;16432;16433;16434;16435;16436;16437;16438;16439;16440;16441;16442;16443;16444;16445;16446;16447;16448;16449;16450;16451;16452;16453;16454,NA,Southern Lake Michigan Management Unit,Downstream of Loomis Road;South Meridian Road ;Lanes Lake Drain Confluence;Faxon Creek Bend;Hart Branch Confluence;Franklin Street Boat Ramp;Quarry Road;Jones Road;West River Drive Boat Ramp;Erdman Road;Tompkins Road Boat Ramp;1.5 Miles below Saranac Bridge;Below Former Dimondale Dam Site;Smithville Road;Petrieville Highway;State Road;Below Moores Park Dam;Plaster Creek confluence;Honey Creek confluence;Island 2 miles upstream of M-45;Sessions Creek Confluence;144th Avenue;0.6 Miles below Portage River Confluence;Grand Woods Park,07/18/1978,
6902,6,CWS,6982;16432;16433;16434;16435;16436;16437;16438;16439;16440;16441;16442;16443;16444;16445;16446;16447;16448;16449;16450;16451;16452;16453;16454,NA,Southern Lake Michigan Management Unit,Downstream of Loomis Road;South Meridian Road ;Lanes Lake Drain Confluence;Faxon Creek Bend;Hart Branch Confluence;Franklin Street Boat Ramp;Quarry Road;Jones Road;West River Drive Boat Ramp;Erdman Road;Tompkins Road Boat Ramp;1.5 Miles below Saranac Bridge;Below Former Dimondale Dam Site;Smithville Road;Petrieville Highway;State Road;Below Moores Park Dam;Plaster Creek confluence;Honey Creek confluence;Island 2 miles upstream of M-45;Sessions Creek Confluence;144th Avenue;0.6 Miles below Portage River Confluence;Grand Woods Park,07/18/1978,
6902,6,NOP,6982;16432;16433;16434;16435;16436;16437;16438;16439;16440;16441;16442;16443;16444;16445;16446;16447;16448;16449;16450;16451;16452;16453;16454,NA,Southern Lake Michigan Management Unit,Downstream of Loomis Road;South Meridian Road ;Lanes Lake Drain Confluence;Faxon Creek Bend;Hart Branch Confluence;Franklin Street Boat Ramp;Quarry Road;Jones Road;West River Drive Boat Ramp;Erdman Road;Tompkins Road Boat Ramp;1.5 Miles below Saranac Bridge;Below Former Dimondale Dam Site;Smithville Road;Petrieville Highway;State Road;Below Moores Park Dam;Plaster Creek confluence;Honey Creek confluence;Island 2 miles upstream of M-45;Sessions Creek Confluence;144th Avenue;0.6 Miles below Portage River Confluence;Grand Woods Park,07/18/1978,
6902,6,YLB,6982;16432;16433;16434;16435;16436;16437;16438;16439;16440;16441;16442;16443;16444;16445;16446;16447;16448;16449;16450;16451;16452;16453;16454,NA,Southern Lake Michigan Management Unit,Downstream of Loomis Road;South Meridian Road ;Lanes Lake Drain Confluence;Faxon Creek Bend;Hart Branch Confluence;Franklin Street Boat Ramp;Quarry Road;Jones Road;West River Drive Boat Ramp;Erdman Road;Tompkins Road Boat Ramp;1.5 Miles below Saranac Bridge;Below Former Dimondale Dam Site;Smithville Road;Petrieville Highway;State Road;Below Moores Park Dam;Plaster Creek confluence;Honey Creek confluence;Island 2 miles upstream of M-45;Sessions Creek Confluence;144th Avenue;0.6 Miles below Portage River Confluence;Grand Woods Park,07/18/1978,
6902,7,BCR,6982;16432;16433;16434;16435;16436;16437;16438;16439;16440;16441;16442;16443;16444;16445;16446;16447;16448;16449;16450;16451;16452;16453;16454,NA,Southern Lake Michigan Management Unit,Downstream of Loomis Road;South Meridian Road ;Lanes Lake Drain Confluence;Faxon Creek Bend;Hart Branch Confluence;Franklin Street Boat Ramp;Quarry Road;Jones Road;West River Drive Boat Ramp;Erdman Road;Tompkins Road Boat Ramp;1.5 Miles below Saranac Bridge;Below Former Dimondale Dam Site;Smithville Road;Petrieville Highway;State Road;Below Moores Park Dam;Plaster Creek confluence;Honey Creek confluence;Island 2 miles upstream of M-45;Sessions Creek Confluence;144th Avenue;0.6 Miles below Portage River Confluence;Grand Woods Park,07/18/1978,
6902,7,BLG,6982;16432;16433;16434;16435;16436;16437;16438;16439;16440;16441;16442;16443;16444;16445;16446;16447;16448;16449;16450;16451;16452;16453;16454,NA,Southern Lake Michigan Management Unit,Downstream of Loomis Road;South Meridian Road ;Lanes Lake Drain Confluence;Faxon Creek Bend;Hart Branch Confluence;Franklin Street Boat Ramp;Quarry Road;Jones Road;West River Drive Boat Ramp;Erdman Road;Tompkins Road Boat Ramp;1.5 Miles below Saranac Bridge;Below Former Dimondale Dam Site;Smithville Road;Petrieville Highway;State Road;Below Moores Park Dam;Plaster Creek confluence;Honey Creek confluence;Island 2 miles upstream of M-45;Sessions Creek Confluence;144th Avenue;0.6 Miles below Portage River Confluence;Grand Woods Park,07/18/1978,
6902,7,SMB,6982;16432;16433;16434;16435;16436;16437;16438;16439;16440;16441;16442;16443;16444;16445;16446;16447;16448;16449;16450;16451;16452;16453;16454,NA,Southern Lake Michigan Management Unit,Downstream of Loomis Road;South Meridian Road ;Lanes Lake Drain Confluence;Faxon Creek Bend;Hart Branch Confluence;Franklin Street Boat Ramp;Quarry Road;Jones Road;West River Drive Boat Ramp;Erdman Road;Tompkins Road Boat Ramp;1.5 Miles below Saranac Bridge;Below Former Dimondale Dam Site;Smithville Road;Petrieville Highway;State Road;Below Moores Park Dam;Plaster Creek confluence;Honey Creek confluence;Island 2 miles upstream of M-45;Sessions Creek Confluence;144th Avenue;0.6 Miles below Portage River Confluence;Grand Woods Park,07/18/1978,
6902,7,YLB,6982;16432;16433;16434;16435;16436;16437;16438;16439;16440;16441;16442;16443;16444;16445;16446;16447;16448;16449;16450;16451;16452;16453;16454,NA,Southern Lake Michigan Management Unit,Downstream of Loomis Road;South Meridian Road ;Lanes Lake Drain Confluence;Faxon Creek Bend;Hart Branch Confluence;Franklin Street Boat Ramp;Quarry Road;Jones Road;West River Drive Boat Ramp;Erdman Road;Tompkins Road Boat Ramp;1.5 Miles below Saranac Bridge;Below Former Dimondale Dam Site;Smithville Road;Petrieville Highway;State Road;Below Moores Park Dam;Plaster Creek confluence;Honey Creek confluence;Island 2 miles upstream of M-45;Sessions Creek Confluence;144th Avenue;0.6 Miles below Portage River Confluence;Grand Woods Park,07/18/1978,
6902,8,CWS,6982;16432;16433;16434;16435;16436;16437;16438;16439;16440;16441;16442;16443;16444;16445;16446;16447;16448;16449;16450;16451;16452;16453;16454,NA,Southern Lake Michigan Management Unit,Downstream of Loomis Road;South Meridian Road ;Lanes Lake Drain Confluence;Faxon Creek Bend;Hart Branch Confluence;Franklin Street Boat Ramp;Quarry Road;Jones Road;West River Drive Boat Ramp;Erdman Road;Tompkins Road Boat Ramp;1.5 Miles below Saranac Bridge;Below Former Dimondale Dam Site;Smithville Road;Petrieville Highway;State Road;Below Moores Park Dam;Plaster Creek confluence;Honey Creek confluence;Island 2 miles upstream of M-45;Sessions Creek Confluence;144th Avenue;0.6 Miles below Portage River Confluence;Grand Woods Park,07/18/1978,
6902,8,NHS,6982;16432;16433;16434;16435;16436;16437;16438;16439;16440;16441;16442;16443;16444;16445;16446;16447;16448;16449;16450;16451;16452;16453;16454,NA,Southern Lake Michigan Management Unit,Downstream of Loomis Road;South Meridian Road ;Lanes Lake Drain Confluence;Faxon Creek Bend;Hart Branch Confluence;Franklin Street Boat Ramp;Quarry Road;Jones Road;West River Drive Boat Ramp;Erdman Road;Tompkins Road Boat Ramp;1.5 Miles below Saranac Bridge;Below Former Dimondale Dam Site;Smithville Road;Petrieville Highway;State Road;Below Moores Park Dam;Plaster Creek confluence;Honey Creek confluence;Island 2 miles upstream of M-45;Sessions Creek Confluence;144th Avenue;0.6 Miles below Portage River Confluence;Grand Woods Park,07/18/1978,
6902,8,NOP,6982;16432;16433;16434;16435;16436;16437;16438;16439;16440;16441;16442;16443;16444;16445;16446;16447;16448;16449;16450;16451;16452;16453;16454,NA,Southern Lake Michigan Management Unit,Downstream of Loomis Road;South Meridian Road ;Lanes Lake Drain Confluence;Faxon Creek Bend;Hart Branch Confluence;Franklin Street Boat Ramp;Quarry Road;Jones Road;West River Drive Boat Ramp;Erdman Road;Tompkins Road Boat Ramp;1.5 Miles below Saranac Bridge;Below Former Dimondale Dam Site;Smithville Road;Petrieville Highway;State Road;Below Moores Park Dam;Plaster Creek confluence;Honey Creek confluence;Island 2 miles upstream of M-45;Sessions Creek Confluence;144th Avenue;0.6 Miles below Portage River Confluence;Grand Woods Park,07/18/1978,
6902,8,PSF,6982;16432;16433;16434;16435;16436;16437;16438;16439;16440;16441;16442;16443;16444;16445;16446;16447;16448;16449;16450;16451;16452;16453;16454,NA,Southern Lake Michigan Management Unit,Downstream of Loomis Road;South Meridian Road ;Lanes Lake Drain Confluence;Faxon Creek Bend;Hart Branch Confluence;Franklin Street Boat Ramp;Quarry Road;Jones Road;West River Drive Boat Ramp;Erdman Road;Tompkins Road Boat Ramp;1.5 Miles below Saranac Bridge;Below Former Dimondale Dam Site;Smithville Road;Petrieville Highway;State Road;Below Moores Park Dam;Plaster Creek confluence;Honey Creek confluence;Island 2 miles upstream of M-45;Sessions Creek Confluence;144th Avenue;0.6 Miles below Portage River Confluence;Grand Woods Park,07/18/1978,
6902,8,RKB,6982;16432;16433;16434;16435;16436;16437;16438;16439;16440;16441;16442;16443;16444;16445;16446;16447;16448;16449;16450;16451;16452;16453;16454,NA,Southern Lake Michigan Management Unit,Downstream of Loomis Road;South Meridian Road ;Lanes Lake Drain Confluence;Faxon Creek Bend;Hart Branch Confluence;Franklin Street Boat Ramp;Quarry Road;Jones Road;West River Drive Boat Ramp;Erdman Road;Tompkins Road Boat Ramp;1.5 Miles below Saranac Bridge;Below Former Dimondale Dam Site;Smithville Road;Petrieville Highway;State Road;Below Moores Park Dam;Plaster Creek confluence;Honey Creek confluence;Island 2 miles upstream of M-45;Sessions Creek Confluence;144th Avenue;0.6 Miles below Portage River Confluence;Grand Woods Park,07/18/1978,
6902,8,SMB,6982;16432;16433;16434;16435;16436;16437;16438;16439;16440;16441;16442;16443;16444;16445;16446;16447;16448;16449;16450;16451;16452;16453;16454,NA,Southern Lake Michigan Management Unit,Downstream of Loomis Road;South Meridian Road ;Lanes Lake Drain Confluence;Faxon Creek Bend;Hart Branch Confluence;Franklin Street Boat Ramp;Quarry Road;Jones Road;West River Drive Boat Ramp;Erdman Road;Tompkins Road Boat Ramp;1.5 Miles below Saranac Bridge;Below Former Dimondale Dam Site;Smithville Road;Petrieville Highway;State Road;Below Moores Park Dam;Plaster Creek confluence;Honey Creek confluence;Island 2 miles upstream of M-45;Sessions Creek Confluence;144th Avenue;0.6 Miles below Portage River Confluence;Grand Woods Park,07/18/1978,
6902,8,YLB,6982;16432;16433;16434;16435;16436;16437;16438;16439;16440;16441;16442;16443;16444;16445;16446;16447;16448;16449;16450;16451;16452;16453;16454,NA,Southern Lake Michigan Management Unit,Downstream of Loomis Road;South Meridian Road ;Lanes Lake Drain Confluence;Faxon Creek Bend;Hart Branch Confluence;Franklin Street Boat Ramp;Quarry Road;Jones Road;West River Drive Boat Ramp;Erdman Road;Tompkins Road Boat Ramp;1.5 Miles below Saranac Bridge;Below Former Dimondale Dam Site;Smithville Road;Petrieville Highway;State Road;Below Moores Park Dam;Plaster Creek confluence;Honey Creek confluence;Island 2 miles upstream of M-45;Sessions Creek Confluence;144th Avenue;0.6 Miles below Portage River Confluence;Grand Woods Park,07/18/1978,
6902,9,CWS,6982;16432;16433;16434;16435;16436;16437;16438;16439;16440;16441;16442;16443;16444;16445;16446;16447;16448;16449;16450;16451;16452;16453;16454,NA,Southern Lake Michigan Management Unit,Downstream of Loomis Road;South Meridian Road ;Lanes Lake Drain Confluence;Faxon Creek Bend;Hart Branch Confluence;Franklin Street Boat Ramp;Quarry Road;Jones Road;West River Drive Boat Ramp;Erdman Road;Tompkins Road Boat Ramp;1.5 Miles below Saranac Bridge;Below Former Dimondale Dam Site;Smithville Road;Petrieville Highway;State Road;Below Moores Park Dam;Plaster Creek confluence;Honey Creek confluence;Island 2 miles upstream of M-45;Sessions Creek Confluence;144th Avenue;0.6 Miles below Portage River Confluence;Grand Woods Park,07/18/1978,
6902,9,NOP,6982;16432;16433;16434;16435;16436;16437;16438;16439;16440;16441;16442;16443;16444;16445;16446;16447;16448;16449;16450;16451;16452;16453;16454,NA,Southern Lake Michigan Management Unit,Downstream of Loomis Road;South Meridian Road ;Lanes Lake Drain Confluence;Faxon Creek Bend;Hart Branch Confluence;Franklin Street Boat Ramp;Quarry Road;Jones Road;West River Drive Boat Ramp;Erdman Road;Tompkins Road Boat Ramp;1.5 Miles below Saranac Bridge;Below Former Dimondale Dam Site;Smithville Road;Petrieville Highway;State Road;Below Moores Park Dam;Plaster Creek confluence;Honey Creek confluence;Island 2 miles upstream of M-45;Sessions Creek Confluence;144th Avenue;0.6 Miles below Portage River Confluence;Grand Woods Park,07/18/1978,
6902,9,PSF,6982;16432;16433;16434;16435;16436;16437;16438;16439;16440;16441;16442;16443;16444;16445;16446;16447;16448;16449;16450;16451;16452;16453;16454,NA,Southern Lake Michigan Management Unit,Downstream of Loomis Road;South Meridian Road ;Lanes Lake Drain Confluence;Faxon Creek Bend;Hart Branch Confluence;Franklin Street Boat Ramp;Quarry Road;Jones Road;West River Drive Boat Ramp;Erdman Road;Tompkins Road Boat Ramp;1.5 Miles below Saranac Bridge;Below Former Dimondale Dam Site;Smithville Road;Petrieville Highway;State Road;Below Moores Park Dam;Plaster Creek confluence;Honey Creek confluence;Island 2 miles upstream of M-45;Sessions Creek Confluence;144th Avenue;0.6 Miles below Portage River Confluence;Grand Woods Park,07/18/1978,
6902,9,SMB,6982;16432;16433;16434;16435;16436;16437;16438;16439;16440;16441;16442;16443;16444;16445;16446;16447;16448;16449;16450;16451;16452;16453;16454,NA,Southern Lake Michigan Management Unit,Downstream of Loomis Road;South Meridian Road ;Lanes Lake Drain Confluence;Faxon Creek Bend;Hart Branch Confluence;Franklin Street Boat Ramp;Quarry Road;Jones Road;West River Drive Boat Ramp;Erdman Road;Tompkins Road Boat Ramp;1.5 Miles below Saranac Bridge;Below Former Dimondale Dam Site;Smithville Road;Petrieville Highway;State Road;Below Moores Park Dam;Plaster Creek confluence;Honey Creek confluence;Island 2 miles upstream of M-45;Sessions Creek Confluence;144th Avenue;0.6 Miles below Portage River Confluence;Grand Woods Park,07/18/1978,
6902,10,NHS,6982;16432;16433;16434;16435;16436;16437;16438;16439;16440;16441;16442;16443;16444;16445;16446;16447;16448;16449;16450;16451;16452;16453;16454,NA,Southern Lake Michigan Management Unit,Downstream of Loomis Road;South Meridian Road ;Lanes Lake Drain Confluence;Faxon Creek Bend;Hart Branch Confluence;Franklin Street Boat Ramp;Quarry Road;Jones Road;West River Drive Boat Ramp;Erdman Road;Tompkins Road Boat Ramp;1.5 Miles below Saranac Bridge;Below Former Dimondale Dam Site;Smithville Road;Petrieville Highway;State Road;Below Moores Park Dam;Plaster Creek confluence;Honey Creek confluence;Island 2 miles upstream of M-45;Sessions Creek Confluence;144th Avenue;0.6 Miles below Portage River Confluence;Grand Woods Park,07/18/1978,
6902,10,NOP,6982;16432;16433;16434;16435;16436;16437;16438;16439;16440;16441;16442;16443;16444;16445;16446;16447;16448;16449;16450;16451;16452;16453;16454,NA,Southern Lake Michigan Management Unit,Downstream of Loomis Road;South Meridian Road ;Lanes Lake Drain Confluence;Faxon Creek Bend;Hart Branch Confluence;Franklin Street Boat Ramp;Quarry Road;Jones Road;West River Drive Boat Ramp;Erdman Road;Tompkins Road Boat Ramp;1.5 Miles below Saranac Bridge;Below Former Dimondale Dam Site;Smithville Road;Petrieville Highway;State Road;Below Moores Park Dam;Plaster Creek confluence;Honey Creek confluence;Island 2 miles upstream of M-45;Sessions Creek Confluence;144th Avenue;0.6 Miles below Portage River Confluence;Grand Woods Park,07/18/1978,
6902,10,SMB,6982;16432;16433;16434;16435;16436;16437;16438;16439;16440;16441;16442;16443;16444;16445;16446;16447;16448;16449;16450;16451;16452;16453;16454,NA,Southern Lake Michigan Management Unit,Downstream of Loomis Road;South Meridian Road ;Lanes Lake Drain Confluence;Faxon Creek Bend;Hart Branch Confluence;Franklin Street Boat Ramp;Quarry Road;Jones Road;West River Drive Boat Ramp;Erdman Road;Tompkins Road Boat Ramp;1.5 Miles below Saranac Bridge;Below Former Dimondale Dam Site;Smithville Road;Petrieville Highway;State Road;Below Moores Park Dam;Plaster Creek confluence;Honey Creek confluence;Island 2 miles upstream of M-45;Sessions Creek Confluence;144th Avenue;0.6 Miles below Portage River Confluence;Grand Woods Park,07/18/1978,
6902,11,BLG,6982;16432;16433;16434;16435;16436;16437;16438;16439;16440;16441;16442;16443;16444;16445;16446;16447;16448;16449;16450;16451;16452;16453;16454,NA,Southern Lake Michigan Management Unit,Downstream of Loomis Road;South Meridian Road ;Lanes Lake Drain Confluence;Faxon Creek Bend;Hart Branch Confluence;Franklin Street Boat Ramp;Quarry Road;Jones Road;West River Drive Boat Ramp;Erdman Road;Tompkins Road Boat Ramp;1.5 Miles below Saranac Bridge;Below Former Dimondale Dam Site;Smithville Road;Petrieville Highway;State Road;Below Moores Park Dam;Plaster Creek confluence;Honey Creek confluence;Island 2 miles upstream of M-45;Sessions Creek Confluence;144th Avenue;0.6 Miles below Portage River Confluence;Grand Woods Park,07/18/1978,
6902,11,CWS,6982;16432;16433;16434;16435;16436;16437;16438;16439;16440;16441;16442;16443;16444;16445;16446;16447;16448;16449;16450;16451;16452;16453;16454,NA,Southern Lake Michigan Management Unit,Downstream of Loomis Road;South Meridian Road ;Lanes Lake Drain Confluence;Faxon Creek Bend;Hart Branch Confluence;Franklin Street Boat Ramp;Quarry Road;Jones Road;West River Drive Boat Ramp;Erdman Road;Tompkins Road Boat Ramp;1.5 Miles below Saranac Bridge;Below Former Dimondale Dam Site;Smithville Road;Petrieville Highway;State Road;Below Moores Park Dam;Plaster Creek confluence;Honey Creek confluence;Island 2 miles upstream of M-45;Sessions Creek Confluence;144th Avenue;0.6 Miles below Portage River Confluence;Grand Woods Park,07/18/1978,
6902,11,LMB,6982;16432;16433;16434;16435;16436;16437;16438;16439;16440;16441;16442;16443;16444;16445;16446;16447;16448;16449;16450;16451;16452;16453;16454,NA,Southern Lake Michigan Management Unit,Downstream of Loomis Road;South Meridian Road ;Lanes Lake Drain Confluence;Faxon Creek Bend;Hart Branch Confluence;Franklin Street Boat Ramp;Quarry Road;Jones Road;West River Drive Boat Ramp;Erdman Road;Tompkins Road Boat Ramp;1.5 Miles below Saranac Bridge;Below Former Dimondale Dam Site;Smithville Road;Petrieville Highway;State Road;Below Moores Park Dam;Plaster Creek confluence;Honey Creek confluence;Island 2 miles upstream of M-45;Sessions Creek Confluence;144th Avenue;0.6 Miles below Portage River Confluence;Grand Woods Park,07/18/1978,
6902,11,NOP,6982;16432;16433;16434;16435;16436;16437;16438;16439;16440;16441;16442;16443;16444;16445;16446;16447;16448;16449;16450;16451;16452;16453;16454,NA,Southern Lake Michigan Management Unit,Downstream of Loomis Road;South Meridian Road ;Lanes Lake Drain Confluence;Faxon Creek Bend;Hart Branch Confluence;Franklin Street Boat Ramp;Quarry Road;Jones Road;West River Drive Boat Ramp;Erdman Road;Tompkins Road Boat Ramp;1.5 Miles below Saranac Bridge;Below Former Dimondale Dam Site;Smithville Road;Petrieville Highway;State Road;Below Moores Park Dam;Plaster Creek confluence;Honey Creek confluence;Island 2 miles upstream of M-45;Sessions Creek Confluence;144th Avenue;0.6 Miles below Portage River Confluence;Grand Woods Park,07/18/1978,
6902,11,RKB,6982;16432;16433;16434;16435;16436;16437;16438;16439;16440;16441;16442;16443;16444;16445;16446;16447;16448;16449;16450;16451;16452;16453;16454,NA,Southern Lake Michigan Management Unit,Downstream of Loomis Road;South Meridian Road ;Lanes Lake Drain Confluence;Faxon Creek Bend;Hart Branch Confluence;Franklin Street Boat Ramp;Quarry Road;Jones Road;West River Drive Boat Ramp;Erdman Road;Tompkins Road Boat Ramp;1.5 Miles below Saranac Bridge;Below Former Dimondale Dam Site;Smithville Road;Petrieville Highway;State Road;Below Moores Park Dam;Plaster Creek confluence;Honey Creek confluence;Island 2 miles upstream of M-45;Sessions Creek Confluence;144th Avenue;0.6 Miles below Portage River Confluence;Grand Woods Park,07/18/1978,
6902,11,YLB,6982;16432;16433;16434;16435;16436;16437;16438;16439;16440;16441;16442;16443;16444;16445;16446;16447;16448;16449;16450;16451;16452;16453;16454,NA,Southern Lake Michigan Management Unit,Downstream of Loomis Road;South Meridian Road ;Lanes Lake Drain Confluence;Faxon Creek Bend;Hart Branch Confluence;Franklin Street Boat Ramp;Quarry Road;Jones Road;West River Drive Boat Ramp;Erdman Road;Tompkins Road Boat Ramp;1.5 Miles below Saranac Bridge;Below Former Dimondale Dam Site;Smithville Road;Petrieville Highway;State Road;Below Moores Park Dam;Plaster Creek confluence;Honey Creek confluence;Island 2 miles upstream of M-45;Sessions Creek Confluence;144th Avenue;0.6 Miles below Portage River Confluence;Grand Woods Park,07/18/1978,
6902,12,BLG,6982;16432;16433;16434;16435;16436;16437;16438;16439;16440;16441;16442;16443;16444;16445;16446;16447;16448;16449;16450;16451;16452;16453;16454,NA,Southern Lake Michigan Management Unit,Downstream of Loomis Road;South Meridian Road ;Lanes Lake Drain Confluence;Faxon Creek Bend;Hart Branch Confluence;Franklin Street Boat Ramp;Quarry Road;Jones Road;West River Drive Boat Ramp;Erdman Road;Tompkins Road Boat Ramp;1.5 Miles below Saranac Bridge;Below Former Dimondale Dam Site;Smithville Road;Petrieville Highway;State Road;Below Moores Park Dam;Plaster Creek confluence;Honey Creek confluence;Island 2 miles upstream of M-45;Sessions Creek Confluence;144th Avenue;0.6 Miles below Portage River Confluence;Grand Woods Park,07/18/1978,
6902,12,CWS,6982;16432;16433;16434;16435;16436;16437;16438;16439;16440;16441;16442;16443;16444;16445;16446;16447;16448;16449;16450;16451;16452;16453;16454,NA,Southern Lake Michigan Management Unit,Downstream of Loomis Road;South Meridian Road ;Lanes Lake Drain Confluence;Faxon Creek Bend;Hart Branch Confluence;Franklin Street Boat Ramp;Quarry Road;Jones Road;West River Drive Boat Ramp;Erdman Road;Tompkins Road Boat Ramp;1.5 Miles below Saranac Bridge;Below Former Dimondale Dam Site;Smithville Road;Petrieville Highway;State Road;Below Moores Park Dam;Plaster Creek confluence;Honey Creek confluence;Island 2 miles upstream of M-45;Sessions Creek Confluence;144th Avenue;0.6 Miles below Portage River Confluence;Grand Woods Park,07/18/1978,
6902,12,NHS,6982;16432;16433;16434;16435;16436;16437;16438;16439;16440;16441;16442;16443;16444;16445;16446;16447;16448;16449;16450;16451;16452;16453;16454,NA,Southern Lake Michigan Management Unit,Downstream of Loomis Road;South Meridian Road ;Lanes Lake Drain Confluence;Faxon Creek Bend;Hart Branch Confluence;Franklin Street Boat Ramp;Quarry Road;Jones Road;West River Drive Boat Ramp;Erdman Road;Tompkins Road Boat Ramp;1.5 Miles below Saranac Bridge;Below Former Dimondale Dam Site;Smithville Road;Petrieville Highway;State Road;Below Moores Park Dam;Plaster Creek confluence;Honey Creek confluence;Island 2 miles upstream of M-45;Sessions Creek Confluence;144th Avenue;0.6 Miles below Portage River Confluence;Grand Woods Park,07/18/1978,
6902,13,BLG,6982;16432;16433;16434;16435;16436;16437;16438;16439;16440;16441;16442;16443;16444;16445;16446;16447;16448;16449;16450;16451;16452;16453;16454,NA,Southern Lake Michigan Management Unit,Downstream of Loomis Road;South Meridian Road ;Lanes Lake Drain Confluence;Faxon Creek Bend;Hart Branch Confluence;Franklin Street Boat Ramp;Quarry Road;Jones Road;West River Drive Boat Ramp;Erdman Road;Tompkins Road Boat Ramp;1.5 Miles below Saranac Bridge;Below Former Dimondale Dam Site;Smithville Road;Petrieville Highway;State Road;Below Moores Park Dam;Plaster Creek confluence;Honey Creek confluence;Island 2 miles upstream of M-45;Sessions Creek Confluence;144th Avenue;0.6 Miles below Portage River Confluence;Grand Woods Park,07/18/1978,
6902,13,CCF,6982;16432;16433;16434;16435;16436;16437;16438;16439;16440;16441;16442;16443;16444;16445;16446;16447;16448;16449;16450;16451;16452;16453;16454,NA,Southern Lake Michigan Management Unit,Downstream of Loomis Road;South Meridian Road ;Lanes Lake Drain Confluence;Faxon Creek Bend;Hart Branch Confluence;Franklin Street Boat Ramp;Quarry Road;Jones Road;West River Drive Boat Ramp;Erdman Road;Tompkins Road Boat Ramp;1.5 Miles below Saranac Bridge;Below Former Dimondale Dam Site;Smithville Road;Petrieville Highway;State Road;Below Moores Park Dam;Plaster Creek confluence;Honey Creek confluence;Island 2 miles upstream of M-45;Sessions Creek Confluence;144th Avenue;0.6 Miles below Portage River Confluence;Grand Woods Park,07/18/1978,
6902,13,GSF,6982;16432;16433;16434;16435;16436;16437;16438;16439;16440;16441;16442;16443;16444;16445;16446;16447;16448;16449;16450;16451;16452;16453;16454,NA,Southern Lake Michigan Management Unit,Downstream of Loomis Road;South Meridian Road ;Lanes Lake Drain Confluence;Faxon Creek Bend;Hart Branch Confluence;Franklin Street Boat Ramp;Quarry Road;Jones Road;West River Drive Boat Ramp;Erdman Road;Tompkins Road Boat Ramp;1.5 Miles below Saranac Bridge;Below Former Dimondale Dam Site;Smithville Road;Petrieville Highway;State Road;Below Moores Park Dam;Plaster Creek confluence;Honey Creek confluence;Island 2 miles upstream of M-45;Sessions Creek Confluence;144th Avenue;0.6 Miles below Portage River Confluence;Grand Woods Park,07/18/1978,
6902,13,LMB,6982;16432;16433;16434;16435;16436;16437;16438;16439;16440;16441;16442;16443;16444;16445;16446;16447;16448;16449;16450;16451;16452;16453;16454,NA,Southern Lake Michigan Management Unit,Downstream of Loomis Road;South Meridian Road ;Lanes Lake Drain Confluence;Faxon Creek Bend;Hart Branch Confluence;Franklin Street Boat Ramp;Quarry Road;Jones Road;West River Drive Boat Ramp;Erdman Road;Tompkins Road Boat Ramp;1.5 Miles below Saranac Bridge;Below Former Dimondale Dam Site;Smithville Road;Petrieville Highway;State Road;Below Moores Park Dam;Plaster Creek confluence;Honey Creek confluence;Island 2 miles upstream of M-45;Sessions Creek Confluence;144th Avenue;0.6 Miles below Portage River Confluence;Grand Woods Park,07/18/1978,
6902,13,PSF,6982;16432;16433;16434;16435;16436;16437;16438;16439;16440;16441;16442;16443;16444;16445;16446;16447;16448;16449;16450;16451;16452;16453;16454,NA,Southern Lake Michigan Management Unit,Downstream of Loomis Road;South Meridian Road ;Lanes Lake Drain Confluence;Faxon Creek Bend;Hart Branch Confluence;Franklin Street Boat Ramp;Quarry Road;Jones Road;West River Drive Boat Ramp;Erdman Road;Tompkins Road Boat Ramp;1.5 Miles below Saranac Bridge;Below Former Dimondale Dam Site;Smithville Road;Petrieville Highway;State Road;Below Moores Park Dam;Plaster Creek confluence;Honey Creek confluence;Island 2 miles upstream of M-45;Sessions Creek Confluence;144th Avenue;0.6 Miles below Portage River Confluence;Grand Woods Park,07/18/1978,
6902,13,YLB,6982;16432;16433;16434;16435;16436;16437;16438;16439;16440;16441;16442;16443;16444;16445;16446;16447;16448;16449;16450;16451;16452;16453;16454,NA,Southern Lake Michigan Management Unit,Downstream of Loomis Road;South Meridian Road ;Lanes Lake Drain Confluence;Faxon Creek Bend;Hart Branch Confluence;Franklin Street Boat Ramp;Quarry Road;Jones Road;West River Drive Boat Ramp;Erdman Road;Tompkins Road Boat Ramp;1.5 Miles below Saranac Bridge;Below Former Dimondale Dam Site;Smithville Road;Petrieville Highway;State Road;Below Moores Park Dam;Plaster Creek confluence;Honey Creek confluence;Island 2 miles upstream of M-45;Sessions Creek Confluence;144th Avenue;0.6 Miles below Portage River Confluence;Grand Woods Park,07/18/1978,
6902,14,CCF,6982;16432;16433;16434;16435;16436;16437;16438;16439;16440;16441;16442;16443;16444;16445;16446;16447;16448;16449;16450;16451;16452;16453;16454,NA,Southern Lake Michigan Management Unit,Downstream of Loomis Road;South Meridian Road ;Lanes Lake Drain Confluence;Faxon Creek Bend;Hart Branch Confluence;Franklin Street Boat Ramp;Quarry Road;Jones Road;West River Drive Boat Ramp;Erdman Road;Tompkins Road Boat Ramp;1.5 Miles below Saranac Bridge;Below Former Dimondale Dam Site;Smithville Road;Petrieville Highway;State Road;Below Moores Park Dam;Plaster Creek confluence;Honey Creek confluence;Island 2 miles upstream of M-45;Sessions Creek Confluence;144th Avenue;0.6 Miles below Portage River Confluence;Grand Woods Park,07/18/1978,
6902,14,CWS,6982;16432;16433;16434;16435;16436;16437;16438;16439;16440;16441;16442;16443;16444;16445;16446;16447;16448;16449;16450;16451;16452;16453;16454,NA,Southern Lake Michigan Management Unit,Downstream of Loomis Road;South Meridian Road ;Lanes Lake Drain Confluence;Faxon Creek Bend;Hart Branch Confluence;Franklin Street Boat Ramp;Quarry Road;Jones Road;West River Drive Boat Ramp;Erdman Road;Tompkins Road Boat Ramp;1.5 Miles below Saranac Bridge;Below Former Dimondale Dam Site;Smithville Road;Petrieville Highway;State Road;Below Moores Park Dam;Plaster Creek confluence;Honey Creek confluence;Island 2 miles upstream of M-45;Sessions Creek Confluence;144th Avenue;0.6 Miles below Portage River Confluence;Grand Woods Park,07/18/1978,
6902,14,NOP,6982;16432;16433;16434;16435;16436;16437;16438;16439;16440;16441;16442;16443;16444;16445;16446;16447;16448;16449;16450;16451;16452;16453;16454,NA,Southern Lake Michigan Management Unit,Downstream of Loomis Road;South Meridian Road ;Lanes Lake Drain Confluence;Faxon Creek Bend;Hart Branch Confluence;Franklin Street Boat Ramp;Quarry Road;Jones Road;West River Drive Boat Ramp;Erdman Road;Tompkins Road Boat Ramp;1.5 Miles below Saranac Bridge;Below Former Dimondale Dam Site;Smithville Road;Petrieville Highway;State Road;Below Moores Park Dam;Plaster Creek confluence;Honey Creek confluence;Island 2 miles upstream of M-45;Sessions Creek Confluence;144th Avenue;0.6 Miles below Portage River Confluence;Grand Woods Park,07/18/1978,
6902,14,YLB,6982;16432;16433;16434;16435;16436;16437;16438;16439;16440;16441;16442;16443;16444;16445;16446;16447;16448;16449;16450;16451;16452;16453;16454,NA,Southern Lake Michigan Management Unit,Downstream of Loomis Road;South Meridian Road ;Lanes Lake Drain Confluence;Faxon Creek Bend;Hart Branch Confluence;Franklin Street Boat Ramp;Quarry Road;Jones Road;West River Drive Boat Ramp;Erdman Road;Tompkins Road Boat Ramp;1.5 Miles below Saranac Bridge;Below Former Dimondale Dam Site;Smithville Road;Petrieville Highway;State Road;Below Moores Park Dam;Plaster Creek confluence;Honey Creek confluence;Island 2 miles upstream of M-45;Sessions Creek Confluence;144th Avenue;0.6 Miles below Portage River Confluence;Grand Woods Park,07/18/1978,
6902,15,CWS,6982;16432;16433;16434;16435;16436;16437;16438;16439;16440;16441;16442;16443;16444;16445;16446;16447;16448;16449;16450;16451;16452;16453;16454,NA,Southern Lake Michigan Management Unit,Downstream of Loomis Road;South Meridian Road ;Lanes Lake Drain Confluence;Faxon Creek Bend;Hart Branch Confluence;Franklin Street Boat Ramp;Quarry Road;Jones Road;West River Drive Boat Ramp;Erdman Road;Tompkins Road Boat Ramp;1.5 Miles below Saranac Bridge;Below Former Dimondale Dam Site;Smithville Road;Petrieville Highway;State Road;Below Moores Park Dam;Plaster Creek confluence;Honey Creek confluence;Island 2 miles upstream of M-45;Sessions Creek Confluence;144th Avenue;0.6 Miles below Portage River Confluence;Grand Woods Park,07/18/1978,
6902,15,SMB,6982;16432;16433;16434;16435;16436;16437;16438;16439;16440;16441;16442;16443;16444;16445;16446;16447;16448;16449;16450;16451;16452;16453;16454,NA,Southern Lake Michigan Management Unit,Downstream of Loomis Road;South Meridian Road ;Lanes Lake Drain Confluence;Faxon Creek Bend;Hart Branch Confluence;Franklin Street Boat Ramp;Quarry Road;Jones Road;West River Drive Boat Ramp;Erdman Road;Tompkins Road Boat Ramp;1.5 Miles below Saranac Bridge;Below Former Dimondale Dam Site;Smithville Road;Petrieville Highway;State Road;Below Moores Park Dam;Plaster Creek confluence;Honey Creek confluence;Island 2 miles upstream of M-45;Sessions Creek Confluence;144th Avenue;0.6 Miles below Portage River Confluence;Grand Woods Park,07/18/1978,
6902,16,CCF,6982;16432;16433;16434;16435;16436;16437;16438;16439;16440;16441;16442;16443;16444;16445;16446;16447;16448;16449;16450;16451;16452;16453;16454,NA,Southern Lake Michigan Management Unit,Downstream of Loomis Road;South Meridian Road ;Lanes Lake Drain Confluence;Faxon Creek Bend;Hart Branch Confluence;Franklin Street Boat Ramp;Quarry Road;Jones Road;West River Drive Boat Ramp;Erdman Road;Tompkins Road Boat Ramp;1.5 Miles below Saranac Bridge;Below Former Dimondale Dam Site;Smithville Road;Petrieville Highway;State Road;Below Moores Park Dam;Plaster Creek confluence;Honey Creek confluence;Island 2 miles upstream of M-45;Sessions Creek Confluence;144th Avenue;0.6 Miles below Portage River Confluence;Grand Woods Park,07/18/1978,
6902,16,NHS,6982;16432;16433;16434;16435;16436;16437;16438;16439;16440;16441;16442;16443;16444;16445;16446;16447;16448;16449;16450;16451;16452;16453;16454,NA,Southern Lake Michigan Management Unit,Downstream of Loomis Road;South Meridian Road ;Lanes Lake Drain Confluence;Faxon Creek Bend;Hart Branch Confluence;Franklin Street Boat Ramp;Quarry Road;Jones Road;West River Drive Boat Ramp;Erdman Road;Tompkins Road Boat Ramp;1.5 Miles below Saranac Bridge;Below Former Dimondale Dam Site;Smithville Road;Petrieville Highway;State Road;Below Moores Park Dam;Plaster Creek confluence;Honey Creek confluence;Island 2 miles upstream of M-45;Sessions Creek Confluence;144th Avenue;0.6 Miles below Portage River Confluence;Grand Woods Park,07/18/1978,
6902,16,PSF,6982;16432;16433;16434;16435;16436;16437;16438;16439;16440;16441;16442;16443;16444;16445;16446;16447;16448;16449;16450;16451;16452;16453;16454,NA,Southern Lake Michigan Management Unit,Downstream of Loomis Road;South Meridian Road ;Lanes Lake Drain Confluence;Faxon Creek Bend;Hart Branch Confluence;Franklin Street Boat Ramp;Quarry Road;Jones Road;West River Drive Boat Ramp;Erdman Road;Tompkins Road Boat Ramp;1.5 Miles below Saranac Bridge;Below Former Dimondale Dam Site;Smithville Road;Petrieville Highway;State Road;Below Moores Park Dam;Plaster Creek confluence;Honey Creek confluence;Island 2 miles upstream of M-45;Sessions Creek Confluence;144th Avenue;0.6 Miles below Portage River Confluence;Grand Woods Park,07/18/1978,
6902,16,RKB,6982;16432;16433;16434;16435;16436;16437;16438;16439;16440;16441;16442;16443;16444;16445;16446;16447;16448;16449;16450;16451;16452;16453;16454,NA,Southern Lake Michigan Management Unit,Downstream of Loomis Road;South Meridian Road ;Lanes Lake Drain Confluence;Faxon Creek Bend;Hart Branch Confluence;Franklin Street Boat Ramp;Quarry Road;Jones Road;West River Drive Boat Ramp;Erdman Road;Tompkins Road Boat Ramp;1.5 Miles below Saranac Bridge;Below Former Dimondale Dam Site;Smithville Road;Petrieville Highway;State Road;Below Moores Park Dam;Plaster Creek confluence;Honey Creek confluence;Island 2 miles upstream of M-45;Sessions Creek Confluence;144th Avenue;0.6 Miles below Portage River Confluence;Grand Woods Park,07/18/1978,
6902,16,SMB,6982;16432;16433;16434;16435;16436;16437;16438;16439;16440;16441;16442;16443;16444;16445;16446;16447;16448;16449;16450;16451;16452;16453;16454,NA,Southern Lake Michigan Management Unit,Downstream of Loomis Road;South Meridian Road ;Lanes Lake Drain Confluence;Faxon Creek Bend;Hart Branch Confluence;Franklin Street Boat Ramp;Quarry Road;Jones Road;West River Drive Boat Ramp;Erdman Road;Tompkins Road Boat Ramp;1.5 Miles below Saranac Bridge;Below Former Dimondale Dam Site;Smithville Road;Petrieville Highway;State Road;Below Moores Park Dam;Plaster Creek confluence;Honey Creek confluence;Island 2 miles upstream of M-45;Sessions Creek Confluence;144th Avenue;0.6 Miles below Portage River Confluence;Grand Woods Park,07/18/1978,
6902,17,BCR,6982;16432;16433;16434;16435;16436;16437;16438;16439;16440;16441;16442;16443;16444;16445;16446;16447;16448;16449;16450;16451;16452;16453;16454,NA,Southern Lake Michigan Management Unit,Downstream of Loomis Road;South Meridian Road ;Lanes Lake Drain Confluence;Faxon Creek Bend;Hart Branch Confluence;Franklin Street Boat Ramp;Quarry Road;Jones Road;West River Drive Boat Ramp;Erdman Road;Tompkins Road Boat Ramp;1.5 Miles below Saranac Bridge;Below Former Dimondale Dam Site;Smithville Road;Petrieville Highway;State Road;Below Moores Park Dam;Plaster Creek confluence;Honey Creek confluence;Island 2 miles upstream of M-45;Sessions Creek Confluence;144th Avenue;0.6 Miles below Portage River Confluence;Grand Woods Park,07/18/1978,
6902,17,CCF,6982;16432;16433;16434;16435;16436;16437;16438;16439;16440;16441;16442;16443;16444;16445;16446;16447;16448;16449;16450;16451;16452;16453;16454,NA,Southern Lake Michigan Management Unit,Downstream of Loomis Road;South Meridian Road ;Lanes Lake Drain Confluence;Faxon Creek Bend;Hart Branch Confluence;Franklin Street Boat Ramp;Quarry Road;Jones Road;West River Drive Boat Ramp;Erdman Road;Tompkins Road Boat Ramp;1.5 Miles below Saranac Bridge;Below Former Dimondale Dam Site;Smithville Road;Petrieville Highway;State Road;Below Moores Park Dam;Plaster Creek confluence;Honey Creek confluence;Island 2 miles upstream of M-45;Sessions Creek Confluence;144th Avenue;0.6 Miles below Portage River Confluence;Grand Woods Park,07/18/1978,
6902,17,LNG,6982;16432;16433;16434;16435;16436;16437;16438;16439;16440;16441;16442;16443;16444;16445;16446;16447;16448;16449;16450;16451;16452;16453;16454,NA,Southern Lake Michigan Management Unit,Downstream of Loomis Road;South Meridian Road ;Lanes Lake Drain Confluence;Faxon Creek Bend;Hart Branch Confluence;Franklin Street Boat Ramp;Quarry Road;Jones Road;West River Drive Boat Ramp;Erdman Road;Tompkins Road Boat Ramp;1.5 Miles below Saranac Bridge;Below Former Dimondale Dam Site;Smithville Road;Petrieville Highway;State Road;Below Moores Park Dam;Plaster Creek confluence;Honey Creek confluence;Island 2 miles upstream of M-45;Sessions Creek Confluence;144th Avenue;0.6 Miles below Portage River Confluence;Grand Woods Park,07/18/1978,
6902,17,RKB,6982;16432;16433;16434;16435;16436;16437;16438;16439;16440;16441;16442;16443;16444;16445;16446;16447;16448;16449;16450;16451;16452;16453;16454,NA,Southern Lake Michigan Management Unit,Downstream of Loomis Road;South Meridian Road ;Lanes Lake Drain Confluence;Faxon Creek Bend;Hart Branch Confluence;Franklin Street Boat Ramp;Quarry Road;Jones Road;West River Drive Boat Ramp;Erdman Road;Tompkins Road Boat Ramp;1.5 Miles below Saranac Bridge;Below Former Dimondale Dam Site;Smithville Road;Petrieville Highway;State Road;Below Moores Park Dam;Plaster Creek confluence;Honey Creek confluence;Island 2 miles upstream of M-45;Sessions Creek Confluence;144th Avenue;0.6 Miles below Portage River Confluence;Grand Woods Park,07/18/1978,
6902,17,SMB,6982;16432;16433;16434;16435;16436;16437;16438;16439;16440;16441;16442;16443;16444;16445;16446;16447;16448;16449;16450;16451;16452;16453;16454,NA,Southern Lake Michigan Management Unit,Downstream of Loomis Road;South Meridian Road ;Lanes Lake Drain Confluence;Faxon Creek Bend;Hart Branch Confluence;Franklin Street Boat Ramp;Quarry Road;Jones Road;West River Drive Boat Ramp;Erdman Road;Tompkins Road Boat Ramp;1.5 Miles below Saranac Bridge;Below Former Dimondale Dam Site;Smithville Road;Petrieville Highway;State Road;Below Moores Park Dam;Plaster Creek confluence;Honey Creek confluence;Island 2 miles upstream of M-45;Sessions Creek Confluence;144th Avenue;0.6 Miles below Portage River Confluence;Grand Woods Park,07/18/1978,
6902,18,CCF,6982;16432;16433;16434;16435;16436;16437;16438;16439;16440;16441;16442;16443;16444;16445;16446;16447;16448;16449;16450;16451;16452;16453;16454,NA,Southern Lake Michigan Management Unit,Downstream of Loomis Road;South Meridian Road ;Lanes Lake Drain Confluence;Faxon Creek Bend;Hart Branch Confluence;Franklin Street Boat Ramp;Quarry Road;Jones Road;West River Drive Boat Ramp;Erdman Road;Tompkins Road Boat Ramp;1.5 Miles below Saranac Bridge;Below Former Dimondale Dam Site;Smithville Road;Petrieville Highway;State Road;Below Moores Park Dam;Plaster Creek confluence;Honey Creek confluence;Island 2 miles upstream of M-45;Sessions Creek Confluence;144th Avenue;0.6 Miles below Portage River Confluence;Grand Woods Park,07/18/1978,
6902,18,NHS,6982;16432;16433;16434;16435;16436;16437;16438;16439;16440;16441;16442;16443;16444;16445;16446;16447;16448;16449;16450;16451;16452;16453;16454,NA,Southern Lake Michigan Management Unit,Downstream of Loomis Road;South Meridian Road ;Lanes Lake Drain Confluence;Faxon Creek Bend;Hart Branch Confluence;Franklin Street Boat Ramp;Quarry Road;Jones Road;West River Drive Boat Ramp;Erdman Road;Tompkins Road Boat Ramp;1.5 Miles below Saranac Bridge;Below Former Dimondale Dam Site;Smithville Road;Petrieville Highway;State Road;Below Moores Park Dam;Plaster Creek confluence;Honey Creek confluence;Island 2 miles upstream of M-45;Sessions Creek Confluence;144th Avenue;0.6 Miles below Portage River Confluence;Grand Woods Park,07/18/1978,
6902,18,RKB,6982;16432;16433;16434;16435;16436;16437;16438;16439;16440;16441;16442;16443;16444;16445;16446;16447;16448;16449;16450;16451;16452;16453;16454,NA,Southern Lake Michigan Management Unit,Downstream of Loomis Road;South Meridian Road ;Lanes Lake Drain Confluence;Faxon Creek Bend;Hart Branch Confluence;Franklin Street Boat Ramp;Quarry Road;Jones Road;West River Drive Boat Ramp;Erdman Road;Tompkins Road Boat Ramp;1.5 Miles below Saranac Bridge;Below Former Dimondale Dam Site;Smithville Road;Petrieville Highway;State Road;Below Moores Park Dam;Plaster Creek confluence;Honey Creek confluence;Island 2 miles upstream of M-45;Sessions Creek Confluence;144th Avenue;0.6 Miles below Portage River Confluence;Grand Woods Park,07/18/1978,
6902,18,SMB,6982;16432;16433;16434;16435;16436;16437;16438;16439;16440;16441;16442;16443;16444;16445;16446;16447;16448;16449;16450;16451;16452;16453;16454,NA,Southern Lake Michigan Management Unit,Downstream of Loomis Road;South Meridian Road ;Lanes Lake Drain Confluence;Faxon Creek Bend;Hart Branch Confluence;Franklin Street Boat Ramp;Quarry Road;Jones Road;West River Drive Boat Ramp;Erdman Road;Tompkins Road Boat Ramp;1.5 Miles below Saranac Bridge;Below Former Dimondale Dam Site;Smithville Road;Petrieville Highway;State Road;Below Moores Park Dam;Plaster Creek confluence;Honey Creek confluence;Island 2 miles upstream of M-45;Sessions Creek Confluence;144th Avenue;0.6 Miles below Portage River Confluence;Grand Woods Park,07/18/1978,
6902,19,BCR,6982;16432;16433;16434;16435;16436;16437;16438;16439;16440;16441;16442;16443;16444;16445;16446;16447;16448;16449;16450;16451;16452;16453;16454,NA,Southern Lake Michigan Management Unit,Downstream of Loomis Road;South Meridian Road ;Lanes Lake Drain Confluence;Faxon Creek Bend;Hart Branch Confluence;Franklin Street Boat Ramp;Quarry Road;Jones Road;West River Drive Boat Ramp;Erdman Road;Tompkins Road Boat Ramp;1.5 Miles below Saranac Bridge;Below Former Dimondale Dam Site;Smithville Road;Petrieville Highway;State Road;Below Moores Park Dam;Plaster Creek confluence;Honey Creek confluence;Island 2 miles upstream of M-45;Sessions Creek Confluence;144th Avenue;0.6 Miles below Portage River Confluence;Grand Woods Park,07/18/1978,
6902,19,CAR,6982;16432;16433;16434;16435;16436;16437;16438;16439;16440;16441;16442;16443;16444;16445;16446;16447;16448;16449;16450;16451;16452;16453;16454,NA,Southern Lake Michigan Management Unit,Downstream of Loomis Road;South Meridian Road ;Lanes Lake Drain Confluence;Faxon Creek Bend;Hart Branch Confluence;Franklin Street Boat Ramp;Quarry Road;Jones Road;West River Drive Boat Ramp;Erdman Road;Tompkins Road Boat Ramp;1.5 Miles below Saranac Bridge;Below Former Dimondale Dam Site;Smithville Road;Petrieville Highway;State Road;Below Moores Park Dam;Plaster Creek confluence;Honey Creek confluence;Island 2 miles upstream of M-45;Sessions Creek Confluence;144th Avenue;0.6 Miles below Portage River Confluence;Grand Woods Park,07/18/1978,
6902,19,CCF,6982;16432;16433;16434;16435;16436;16437;16438;16439;16440;16441;16442;16443;16444;16445;16446;16447;16448;16449;16450;16451;16452;16453;16454,NA,Southern Lake Michigan Management Unit,Downstream of Loomis Road;South Meridian Road ;Lanes Lake Drain Confluence;Faxon Creek Bend;Hart Branch Confluence;Franklin Street Boat Ramp;Quarry Road;Jones Road;West River Drive Boat Ramp;Erdman Road;Tompkins Road Boat Ramp;1.5 Miles below Saranac Bridge;Below Former Dimondale Dam Site;Smithville Road;Petrieville Highway;State Road;Below Moores Park Dam;Plaster Creek confluence;Honey Creek confluence;Island 2 miles upstream of M-45;Sessions Creek Confluence;144th Avenue;0.6 Miles below Portage River Confluence;Grand Woods Park,07/18/1978,
6902,19,CWS,6982;16432;16433;16434;16435;16436;16437;16438;16439;16440;16441;16442;16443;16444;16445;16446;16447;16448;16449;16450;16451;16452;16453;16454,NA,Southern Lake Michigan Management Unit,Downstream of Loomis Road;South Meridian Road ;Lanes Lake Drain Confluence;Faxon Creek Bend;Hart Branch Confluence;Franklin Street Boat Ramp;Quarry Road;Jones Road;West River Drive Boat Ramp;Erdman Road;Tompkins Road Boat Ramp;1.5 Miles below Saranac Bridge;Below Former Dimondale Dam Site;Smithville Road;Petrieville Highway;State Road;Below Moores Park Dam;Plaster Creek confluence;Honey Creek confluence;Island 2 miles upstream of M-45;Sessions Creek Confluence;144th Avenue;0.6 Miles below Portage River Confluence;Grand Woods Park,07/18/1978,
6902,19,PSF,6982;16432;16433;16434;16435;16436;16437;16438;16439;16440;16441;16442;16443;16444;16445;16446;16447;16448;16449;16450;16451;16452;16453;16454,NA,Southern Lake Michigan Management Unit,Downstream of Loomis Road;South Meridian Road ;Lanes Lake Drain Confluence;Faxon Creek Bend;Hart Branch Confluence;Franklin Street Boat Ramp;Quarry Road;Jones Road;West River Drive Boat Ramp;Erdman Road;Tompkins Road Boat Ramp;1.5 Miles below Saranac Bridge;Below Former Dimondale Dam Site;Smithville Road;Petrieville Highway;State Road;Below Moores Park Dam;Plaster Creek confluence;Honey Creek confluence;Island 2 miles upstream of M-45;Sessions Creek Confluence;144th Avenue;0.6 Miles below Portage River Confluence;Grand Woods Park,07/18/1978,
6902,19,QIL,6982;16432;16433;16434;16435;16436;16437;16438;16439;16440;16441;16442;16443;16444;16445;16446;16447;16448;16449;16450;16451;16452;16453;16454,NA,Southern Lake Michigan Management Unit,Downstream of Loomis Road;South Meridian Road ;Lanes Lake Drain Confluence;Faxon Creek Bend;Hart Branch Confluence;Franklin Street Boat Ramp;Quarry Road;Jones Road;West River Drive Boat Ramp;Erdman Road;Tompkins Road Boat Ramp;1.5 Miles below Saranac Bridge;Below Former Dimondale Dam Site;Smithville Road;Petrieville Highway;State Road;Below Moores Park Dam;Plaster Creek confluence;Honey Creek confluence;Island 2 miles upstream of M-45;Sessions Creek Confluence;144th Avenue;0.6 Miles below Portage River Confluence;Grand Woods Park,07/18/1978,
6902,19,RHS,6982;16432;16433;16434;16435;16436;16437;16438;16439;16440;16441;16442;16443;16444;16445;16446;16447;16448;16449;16450;16451;16452;16453;16454,NA,Southern Lake Michigan Management Unit,Downstream of Loomis Road;South Meridian Road ;Lanes Lake Drain Confluence;Faxon Creek Bend;Hart Branch Confluence;Franklin Street Boat Ramp;Quarry Road;Jones Road;West River Drive Boat Ramp;Erdman Road;Tompkins Road Boat Ramp;1.5 Miles below Saranac Bridge;Below Former Dimondale Dam Site;Smithville Road;Petrieville Highway;State Road;Below Moores Park Dam;Plaster Creek confluence;Honey Creek confluence;Island 2 miles upstream of M-45;Sessions Creek Confluence;144th Avenue;0.6 Miles below Portage River Confluence;Grand Woods Park,07/18/1978,
6902,19,RKB,6982;16432;16433;16434;16435;16436;16437;16438;16439;16440;16441;16442;16443;16444;16445;16446;16447;16448;16449;16450;16451;16452;16453;16454,NA,Southern Lake Michigan Management Unit,Downstream of Loomis Road;South Meridian Road ;Lanes Lake Drain Confluence;Faxon Creek Bend;Hart Branch Confluence;Franklin Street Boat Ramp;Quarry Road;Jones Road;West River Drive Boat Ramp;Erdman Road;Tompkins Road Boat Ramp;1.5 Miles below Saranac Bridge;Below Former Dimondale Dam Site;Smithville Road;Petrieville Highway;State Road;Below Moores Park Dam;Plaster Creek confluence;Honey Creek confluence;Island 2 miles upstream of M-45;Sessions Creek Confluence;144th Avenue;0.6 Miles below Portage River Confluence;Grand Woods Park,07/18/1978,
6902,19,SMB,6982;16432;16433;16434;16435;16436;16437;16438;16439;16440;16441;16442;16443;16444;16445;16446;16447;16448;16449;16450;16451;16452;16453;16454,NA,Southern Lake Michigan Management Unit,Downstream of Loomis Road;South Meridian Road ;Lanes Lake Drain Confluence;Faxon Creek Bend;Hart Branch Confluence;Franklin Street Boat Ramp;Quarry Road;Jones Road;West River Drive Boat Ramp;Erdman Road;Tompkins Road Boat Ramp;1.5 Miles below Saranac Bridge;Below Former Dimondale Dam Site;Smithville Road;Petrieville Highway;State Road;Below Moores Park Dam;Plaster Creek confluence;Honey Creek confluence;Island 2 miles upstream of M-45;Sessions Creek Confluence;144th Avenue;0.6 Miles below Portage River Confluence;Grand Woods Park,07/18/1978,
6902,19,WAE,6982;16432;16433;16434;16435;16436;16437;16438;16439;16440;16441;16442;16443;16444;16445;16446;16447;16448;16449;16450;16451;16452;16453;16454,NA,Southern Lake Michigan Management Unit,Downstream of Loomis Road;South Meridian Road ;Lanes Lake Drain Confluence;Faxon Creek Bend;Hart Branch Confluence;Franklin Street Boat Ramp;Quarry Road;Jones Road;West River Drive Boat Ramp;Erdman Road;Tompkins Road Boat Ramp;1.5 Miles below Saranac Bridge;Below Former Dimondale Dam Site;Smithville Road;Petrieville Highway;State Road;Below Moores Park Dam;Plaster Creek confluence;Honey Creek confluence;Island 2 miles upstream of M-45;Sessions Creek Confluence;144th Avenue;0.6 Miles below Portage River Confluence;Grand Woods Park,07/18/1978,
6902,19,WCR,6982;16432;16433;16434;16435;16436;16437;16438;16439;16440;16441;16442;16443;16444;16445;16446;16447;16448;16449;16450;16451;16452;16453;16454,NA,Southern Lake Michigan Management Unit,Downstream of Loomis Road;South Meridian Road ;Lanes Lake Drain Confluence;Faxon Creek Bend;Hart Branch Confluence;Franklin Street Boat Ramp;Quarry Road;Jones Road;West River Drive Boat Ramp;Erdman Road;Tompkins Road Boat Ramp;1.5 Miles below Saranac Bridge;Below Former Dimondale Dam Site;Smithville Road;Petrieville Highway;State Road;Below Moores Park Dam;Plaster Creek confluence;Honey Creek confluence;Island 2 miles upstream of M-45;Sessions Creek Confluence;144th Avenue;0.6 Miles below Portage River Confluence;Grand Woods Park,07/18/1978,
6902,20,BCR,6982;16432;16433;16434;16435;16436;16437;16438;16439;16440;16441;16442;16443;16444;16445;16446;16447;16448;16449;16450;16451;16452;16453;16454,NA,Southern Lake Michigan Management Unit,Downstream of Loomis Road;South Meridian Road ;Lanes Lake Drain Confluence;Faxon Creek Bend;Hart Branch Confluence;Franklin Street Boat Ramp;Quarry Road;Jones Road;West River Drive Boat Ramp;Erdman Road;Tompkins Road Boat Ramp;1.5 Miles below Saranac Bridge;Below Former Dimondale Dam Site;Smithville Road;Petrieville Highway;State Road;Below Moores Park Dam;Plaster Creek confluence;Honey Creek confluence;Island 2 miles upstream of M-45;Sessions Creek Confluence;144th Avenue;0.6 Miles below Portage River Confluence;Grand Woods Park,07/18/1978,
6902,20,CCF,6982;16432;16433;16434;16435;16436;16437;16438;16439;16440;16441;16442;16443;16444;16445;16446;16447;16448;16449;16450;16451;16452;16453;16454,NA,Southern Lake Michigan Management Unit,Downstream of Loomis Road;South Meridian Road ;Lanes Lake Drain Confluence;Faxon Creek Bend;Hart Branch Confluence;Franklin Street Boat Ramp;Quarry Road;Jones Road;West River Drive Boat Ramp;Erdman Road;Tompkins Road Boat Ramp;1.5 Miles below Saranac Bridge;Below Former Dimondale Dam Site;Smithville Road;Petrieville Highway;State Road;Below Moores Park Dam;Plaster Creek confluence;Honey Creek confluence;Island 2 miles upstream of M-45;Sessions Creek Confluence;144th Avenue;0.6 Miles below Portage River Confluence;Grand Woods Park,07/18/1978,
6902,20,PSF,6982;16432;16433;16434;16435;16436;16437;16438;16439;16440;16441;16442;16443;16444;16445;16446;16447;16448;16449;16450;16451;16452;16453;16454,NA,Southern Lake Michigan Management Unit,Downstream of Loomis Road;South Meridian Road ;Lanes Lake Drain Confluence;Faxon Creek Bend;Hart Branch Confluence;Franklin Street Boat Ramp;Quarry Road;Jones Road;West River Drive Boat Ramp;Erdman Road;Tompkins Road Boat Ramp;1.5 Miles below Saranac Bridge;Below Former Dimondale Dam Site;Smithville Road;Petrieville Highway;State Road;Below Moores Park Dam;Plaster Creek confluence;Honey Creek confluence;Island 2 miles upstream of M-45;Sessions Creek Confluence;144th Avenue;0.6 Miles below Portage River Confluence;Grand Woods Park,07/18/1978,
6902,20,RKB,6982;16432;16433;16434;16435;16436;16437;16438;16439;16440;16441;16442;16443;16444;16445;16446;16447;16448;16449;16450;16451;16452;16453;16454,NA,Southern Lake Michigan Management Unit,Downstream of Loomis Road;South Meridian Road ;Lanes Lake Drain Confluence;Faxon Creek Bend;Hart Branch Confluence;Franklin Street Boat Ramp;Quarry Road;Jones Road;West River Drive Boat Ramp;Erdman Road;Tompkins Road Boat Ramp;1.5 Miles below Saranac Bridge;Below Former Dimondale Dam Site;Smithville Road;Petrieville Highway;State Road;Below Moores Park Dam;Plaster Creek confluence;Honey Creek confluence;Island 2 miles upstream of M-45;Sessions Creek Confluence;144th Avenue;0.6 Miles below Portage River Confluence;Grand Woods Park,07/18/1978,
6902,20,SMB,6982;16432;16433;16434;16435;16436;16437;16438;16439;16440;16441;16442;16443;16444;16445;16446;16447;16448;16449;16450;16451;16452;16453;16454,NA,Southern Lake Michigan Management Unit,Downstream of Loomis Road;South Meridian Road ;Lanes Lake Drain Confluence;Faxon Creek Bend;Hart Branch Confluence;Franklin Street Boat Ramp;Quarry Road;Jones Road;West River Drive Boat Ramp;Erdman Road;Tompkins Road Boat Ramp;1.5 Miles below Saranac Bridge;Below Former Dimondale Dam Site;Smithville Road;Petrieville Highway;State Road;Below Moores Park Dam;Plaster Creek confluence;Honey Creek confluence;Island 2 miles upstream of M-45;Sessions Creek Confluence;144th Avenue;0.6 Miles below Portage River Confluence;Grand Woods Park,07/18/1978,
6902,20,WAE,6982;16432;16433;16434;16435;16436;16437;16438;16439;16440;16441;16442;16443;16444;16445;16446;16447;16448;16449;16450;16451;16452;16453;16454,NA,Southern Lake Michigan Management Unit,Downstream of Loomis Road;South Meridian Road ;Lanes Lake Drain Confluence;Faxon Creek Bend;Hart Branch Confluence;Franklin Street Boat Ramp;Quarry Road;Jones Road;West River Drive Boat Ramp;Erdman Road;Tompkins Road Boat Ramp;1.5 Miles below Saranac Bridge;Below Former Dimondale Dam Site;Smithville Road;Petrieville Highway;State Road;Below Moores Park Dam;Plaster Creek confluence;Honey Creek confluence;Island 2 miles upstream of M-45;Sessions Creek Confluence;144th Avenue;0.6 Miles below Portage River Confluence;Grand Woods Park,07/18/1978,
6902,21,CCF,6982;16432;16433;16434;16435;16436;16437;16438;16439;16440;16441;16442;16443;16444;16445;16446;16447;16448;16449;16450;16451;16452;16453;16454,NA,Southern Lake Michigan Management Unit,Downstream of Loomis Road;South Meridian Road ;Lanes Lake Drain Confluence;Faxon Creek Bend;Hart Branch Confluence;Franklin Street Boat Ramp;Quarry Road;Jones Road;West River Drive Boat Ramp;Erdman Road;Tompkins Road Boat Ramp;1.5 Miles below Saranac Bridge;Below Former Dimondale Dam Site;Smithville Road;Petrieville Highway;State Road;Below Moores Park Dam;Plaster Creek confluence;Honey Creek confluence;Island 2 miles upstream of M-45;Sessions Creek Confluence;144th Avenue;0.6 Miles below Portage River Confluence;Grand Woods Park,07/18/1978,
6902,21,SMB,6982;16432;16433;16434;16435;16436;16437;16438;16439;16440;16441;16442;16443;16444;16445;16446;16447;16448;16449;16450;16451;16452;16453;16454,NA,Southern Lake Michigan Management Unit,Downstream of Loomis Road;South Meridian Road ;Lanes Lake Drain Confluence;Faxon Creek Bend;Hart Branch Confluence;Franklin Street Boat Ramp;Quarry Road;Jones Road;West River Drive Boat Ramp;Erdman Road;Tompkins Road Boat Ramp;1.5 Miles below Saranac Bridge;Below Former Dimondale Dam Site;Smithville Road;Petrieville Highway;State Road;Below Moores Park Dam;Plaster Creek confluence;Honey Creek confluence;Island 2 miles upstream of M-45;Sessions Creek Confluence;144th Avenue;0.6 Miles below Portage River Confluence;Grand Woods Park,07/18/1978,
6902,21,WAE,6982;16432;16433;16434;16435;16436;16437;16438;16439;16440;16441;16442;16443;16444;16445;16446;16447;16448;16449;16450;16451;16452;16453;16454,NA,Southern Lake Michigan Management Unit,Downstream of Loomis Road;South Meridian Road ;Lanes Lake Drain Confluence;Faxon Creek Bend;Hart Branch Confluence;Franklin Street Boat Ramp;Quarry Road;Jones Road;West River Drive Boat Ramp;Erdman Road;Tompkins Road Boat Ramp;1.5 Miles below Saranac Bridge;Below Former Dimondale Dam Site;Smithville Road;Petrieville Highway;State Road;Below Moores Park Dam;Plaster Creek confluence;Honey Creek confluence;Island 2 miles upstream of M-45;Sessions Creek Confluence;144th Avenue;0.6 Miles below Portage River Confluence;Grand Woods Park,07/18/1978,
6902,22,BCR,6982;16432;16433;16434;16435;16436;16437;16438;16439;16440;16441;16442;16443;16444;16445;16446;16447;16448;16449;16450;16451;16452;16453;16454,NA,Southern Lake Michigan Management Unit,Downstream of Loomis Road;South Meridian Road ;Lanes Lake Drain Confluence;Faxon Creek Bend;Hart Branch Confluence;Franklin Street Boat Ramp;Quarry Road;Jones Road;West River Drive Boat Ramp;Erdman Road;Tompkins Road Boat Ramp;1.5 Miles below Saranac Bridge;Below Former Dimondale Dam Site;Smithville Road;Petrieville Highway;State Road;Below Moores Park Dam;Plaster Creek confluence;Honey Creek confluence;Island 2 miles upstream of M-45;Sessions Creek Confluence;144th Avenue;0.6 Miles below Portage River Confluence;Grand Woods Park,07/18/1978,
6902,22,BLG,6982;16432;16433;16434;16435;16436;16437;16438;16439;16440;16441;16442;16443;16444;16445;16446;16447;16448;16449;16450;16451;16452;16453;16454,NA,Southern Lake Michigan Management Unit,Downstream of Loomis Road;South Meridian Road ;Lanes Lake Drain Confluence;Faxon Creek Bend;Hart Branch Confluence;Franklin Street Boat Ramp;Quarry Road;Jones Road;West River Drive Boat Ramp;Erdman Road;Tompkins Road Boat Ramp;1.5 Miles below Saranac Bridge;Below Former Dimondale Dam Site;Smithville Road;Petrieville Highway;State Road;Below Moores Park Dam;Plaster Creek confluence;Honey Creek confluence;Island 2 miles upstream of M-45;Sessions Creek Confluence;144th Avenue;0.6 Miles below Portage River Confluence;Grand Woods Park,07/18/1978,
6902,22,CCF,6982;16432;16433;16434;16435;16436;16437;16438;16439;16440;16441;16442;16443;16444;16445;16446;16447;16448;16449;16450;16451;16452;16453;16454,NA,Southern Lake Michigan Management Unit,Downstream of Loomis Road;South Meridian Road ;Lanes Lake Drain Confluence;Faxon Creek Bend;Hart Branch Confluence;Franklin Street Boat Ramp;Quarry Road;Jones Road;West River Drive Boat Ramp;Erdman Road;Tompkins Road Boat Ramp;1.5 Miles below Saranac Bridge;Below Former Dimondale Dam Site;Smithville Road;Petrieville Highway;State Road;Below Moores Park Dam;Plaster Creek confluence;Honey Creek confluence;Island 2 miles upstream of M-45;Sessions Creek Confluence;144th Avenue;0.6 Miles below Portage River Confluence;Grand Woods Park,07/18/1978,
6902,22,GZS,6982;16432;16433;16434;16435;16436;16437;16438;16439;16440;16441;16442;16443;16444;16445;16446;16447;16448;16449;16450;16451;16452;16453;16454,NA,Southern Lake Michigan Management Unit,Downstream of Loomis Road;South Meridian Road ;Lanes Lake Drain Confluence;Faxon Creek Bend;Hart Branch Confluence;Franklin Street Boat Ramp;Quarry Road;Jones Road;West River Drive Boat Ramp;Erdman Road;Tompkins Road Boat Ramp;1.5 Miles below Saranac Bridge;Below Former Dimondale Dam Site;Smithville Road;Petrieville Highway;State Road;Below Moores Park Dam;Plaster Creek confluence;Honey Creek confluence;Island 2 miles upstream of M-45;Sessions Creek Confluence;144th Avenue;0.6 Miles below Portage River Confluence;Grand Woods Park,07/18/1978,
6902,22,PSF,6982;16432;16433;16434;16435;16436;16437;16438;16439;16440;16441;16442;16443;16444;16445;16446;16447;16448;16449;16450;16451;16452;16453;16454,NA,Southern Lake Michigan Management Unit,Downstream of Loomis Road;South Meridian Road ;Lanes Lake Drain Confluence;Faxon Creek Bend;Hart Branch Confluence;Franklin Street Boat Ramp;Quarry Road;Jones Road;West River Drive Boat Ramp;Erdman Road;Tompkins Road Boat Ramp;1.5 Miles below Saranac Bridge;Below Former Dimondale Dam Site;Smithville Road;Petrieville Highway;State Road;Below Moores Park Dam;Plaster Creek confluence;Honey Creek confluence;Island 2 miles upstream of M-45;Sessions Creek Confluence;144th Avenue;0.6 Miles below Portage River Confluence;Grand Woods Park,07/18/1978,
6902,23,CCF,6982;16432;16433;16434;16435;16436;16437;16438;16439;16440;16441;16442;16443;16444;16445;16446;16447;16448;16449;16450;16451;16452;16453;16454,NA,Southern Lake Michigan Management Unit,Downstream of Loomis Road;South Meridian Road ;Lanes Lake Drain Confluence;Faxon Creek Bend;Hart Branch Confluence;Franklin Street Boat Ramp;Quarry Road;Jones Road;West River Drive Boat Ramp;Erdman Road;Tompkins Road Boat Ramp;1.5 Miles below Saranac Bridge;Below Former Dimondale Dam Site;Smithville Road;Petrieville Highway;State Road;Below Moores Park Dam;Plaster Creek confluence;Honey Creek confluence;Island 2 miles upstream of M-45;Sessions Creek Confluence;144th Avenue;0.6 Miles below Portage River Confluence;Grand Woods Park,07/18/1978,
6902,23,SMB,6982;16432;16433;16434;16435;16436;16437;16438;16439;16440;16441;16442;16443;16444;16445;16446;16447;16448;16449;16450;16451;16452;16453;16454,NA,Southern Lake Michigan Management Unit,Downstream of Loomis Road;South Meridian Road ;Lanes Lake Drain Confluence;Faxon Creek Bend;Hart Branch Confluence;Franklin Street Boat Ramp;Quarry Road;Jones Road;West River Drive Boat Ramp;Erdman Road;Tompkins Road Boat Ramp;1.5 Miles below Saranac Bridge;Below Former Dimondale Dam Site;Smithville Road;Petrieville Highway;State Road;Below Moores Park Dam;Plaster Creek confluence;Honey Creek confluence;Island 2 miles upstream of M-45;Sessions Creek Confluence;144th Avenue;0.6 Miles below Portage River Confluence;Grand Woods Park,07/18/1978,
6902,24,BCR,6982;16432;16433;16434;16435;16436;16437;16438;16439;16440;16441;16442;16443;16444;16445;16446;16447;16448;16449;16450;16451;16452;16453;16454,NA,Southern Lake Michigan Management Unit,Downstream of Loomis Road;South Meridian Road ;Lanes Lake Drain Confluence;Faxon Creek Bend;Hart Branch Confluence;Franklin Street Boat Ramp;Quarry Road;Jones Road;West River Drive Boat Ramp;Erdman Road;Tompkins Road Boat Ramp;1.5 Miles below Saranac Bridge;Below Former Dimondale Dam Site;Smithville Road;Petrieville Highway;State Road;Below Moores Park Dam;Plaster Creek confluence;Honey Creek confluence;Island 2 miles upstream of M-45;Sessions Creek Confluence;144th Avenue;0.6 Miles below Portage River Confluence;Grand Woods Park,07/18/1978,
6902,24,BLG,6982;16432;16433;16434;16435;16436;16437;16438;16439;16440;16441;16442;16443;16444;16445;16446;16447;16448;16449;16450;16451;16452;16453;16454,NA,Southern Lake Michigan Management Unit,Downstream of Loomis Road;South Meridian Road ;Lanes Lake Drain Confluence;Faxon Creek Bend;Hart Branch Confluence;Franklin Street Boat Ramp;Quarry Road;Jones Road;West River Drive Boat Ramp;Erdman Road;Tompkins Road Boat Ramp;1.5 Miles below Saranac Bridge;Below Former Dimondale Dam Site;Smithville Road;Petrieville Highway;State Road;Below Moores Park Dam;Plaster Creek confluence;Honey Creek confluence;Island 2 miles upstream of M-45;Sessions Creek Confluence;144th Avenue;0.6 Miles below Portage River Confluence;Grand Woods Park,07/18/1978,
6902,24,CCF,6982;16432;16433;16434;16435;16436;16437;16438;16439;16440;16441;16442;16443;16444;16445;16446;16447;16448;16449;16450;16451;16452;16453;16454,NA,Southern Lake Michigan Management Unit,Downstream of Loomis Road;South Meridian Road ;Lanes Lake Drain Confluence;Faxon Creek Bend;Hart Branch Confluence;Franklin Street Boat Ramp;Quarry Road;Jones Road;West River Drive Boat Ramp;Erdman Road;Tompkins Road Boat Ramp;1.5 Miles below Saranac Bridge;Below Former Dimondale Dam Site;Smithville Road;Petrieville Highway;State Road;Below Moores Park Dam;Plaster Creek confluence;Honey Creek confluence;Island 2 miles upstream of M-45;Sessions Creek Confluence;144th Avenue;0.6 Miles below Portage River Confluence;Grand Woods Park,07/18/1978,
6902,24,GZS,6982;16432;16433;16434;16435;16436;16437;16438;16439;16440;16441;16442;16443;16444;16445;16446;16447;16448;16449;16450;16451;16452;16453;16454,NA,Southern Lake Michigan Management Unit,Downstream of Loomis Road;South Meridian Road ;Lanes Lake Drain Confluence;Faxon Creek Bend;Hart Branch Confluence;Franklin Street Boat Ramp;Quarry Road;Jones Road;West River Drive Boat Ramp;Erdman Road;Tompkins Road Boat Ramp;1.5 Miles below Saranac Bridge;Below Former Dimondale Dam Site;Smithville Road;Petrieville Highway;State Road;Below Moores Park Dam;Plaster Creek confluence;Honey Creek confluence;Island 2 miles upstream of M-45;Sessions Creek Confluence;144th Avenue;0.6 Miles below Portage River Confluence;Grand Woods Park,07/18/1978,
6902,24,LMB,6982;16432;16433;16434;16435;16436;16437;16438;16439;16440;16441;16442;16443;16444;16445;16446;16447;16448;16449;16450;16451;16452;16453;16454,NA,Southern Lake Michigan Management Unit,Downstream of Loomis Road;South Meridian Road ;Lanes Lake Drain Confluence;Faxon Creek Bend;Hart Branch Confluence;Franklin Street Boat Ramp;Quarry Road;Jones Road;West River Drive Boat Ramp;Erdman Road;Tompkins Road Boat Ramp;1.5 Miles below Saranac Bridge;Below Former Dimondale Dam Site;Smithville Road;Petrieville Highway;State Road;Below Moores Park Dam;Plaster Creek confluence;Honey Creek confluence;Island 2 miles upstream of M-45;Sessions Creek Confluence;144th Avenue;0.6 Miles below Portage River Confluence;Grand Woods Park,07/18/1978,
6902,24,NOP,6982;16432;16433;16434;16435;16436;16437;16438;16439;16440;16441;16442;16443;16444;16445;16446;16447;16448;16449;16450;16451;16452;16453;16454,NA,Southern Lake Michigan Management Unit,Downstream of Loomis Road;South Meridian Road ;Lanes Lake Drain Confluence;Faxon Creek Bend;Hart Branch Confluence;Franklin Street Boat Ramp;Quarry Road;Jones Road;West River Drive Boat Ramp;Erdman Road;Tompkins Road Boat Ramp;1.5 Miles below Saranac Bridge;Below Former Dimondale Dam Site;Smithville Road;Petrieville Highway;State Road;Below Moores Park Dam;Plaster Creek confluence;Honey Creek confluence;Island 2 miles upstream of M-45;Sessions Creek Confluence;144th Avenue;0.6 Miles below Portage River Confluence;Grand Woods Park,07/18/1978,
6902,24,PSF,6982;16432;16433;16434;16435;16436;16437;16438;16439;16440;16441;16442;16443;16444;16445;16446;16447;16448;16449;16450;16451;16452;16453;16454,NA,Southern Lake Michigan Management Unit,Downstream of Loomis Road;South Meridian Road ;Lanes Lake Drain Confluence;Faxon Creek Bend;Hart Branch Confluence;Franklin Street Boat Ramp;Quarry Road;Jones Road;West River Drive Boat Ramp;Erdman Road;Tompkins Road Boat Ramp;1.5 Miles below Saranac Bridge;Below Former Dimondale Dam Site;Smithville Road;Petrieville Highway;State Road;Below Moores Park Dam;Plaster Creek confluence;Honey Creek confluence;Island 2 miles upstream of M-45;Sessions Creek Confluence;144th Avenue;0.6 Miles below Portage River Confluence;Grand Woods Park,07/18/1978,
6902,24,SMB,6982;16432;16433;16434;16435;16436;16437;16438;16439;16440;16441;16442;16443;16444;16445;16446;16447;16448;16449;16450;16451;16452;16453;16454,NA,Southern Lake Michigan Management Unit,Downstream of Loomis Road;South Meridian Road ;Lanes Lake Drain Confluence;Faxon Creek Bend;Hart Branch Confluence;Franklin Street Boat Ramp;Quarry Road;Jones Road;West River Drive Boat Ramp;Erdman Road;Tompkins Road Boat Ramp;1.5 Miles below Saranac Bridge;Below Former Dimondale Dam Site;Smithville Road;Petrieville Highway;State Road;Below Moores Park Dam;Plaster Creek confluence;Honey Creek confluence;Island 2 miles upstream of M-45;Sessions Creek Confluence;144th Avenue;0.6 Miles below Portage River Confluence;Grand Woods Park,07/18/1978,
6902,24,YEP,6982;16432;16433;16434;16435;16436;16437;16438;16439;16440;16441;16442;16443;16444;16445;16446;16447;16448;16449;16450;16451;16452;16453;16454,NA,Southern Lake Michigan Management Unit,Downstream of Loomis Road;South Meridian Road ;Lanes Lake Drain Confluence;Faxon Creek Bend;Hart Branch Confluence;Franklin Street Boat Ramp;Quarry Road;Jones Road;West River Drive Boat Ramp;Erdman Road;Tompkins Road Boat Ramp;1.5 Miles below Saranac Bridge;Below Former Dimondale Dam Site;Smithville Road;Petrieville Highway;State Road;Below Moores Park Dam;Plaster Creek confluence;Honey Creek confluence;Island 2 miles upstream of M-45;Sessions Creek Confluence;144th Avenue;0.6 Miles below Portage River Confluence;Grand Woods Park,07/18/1978,
6908,79,BLG,6976,Fire Lake,Northern Lake Michigan Management Unit,Fire Lake,06/11/2007,
6931,57,YEP,6958,Otsego Lake,Northern Lake Huron Management Unit,Otsego Lake,05/21/2007,
6932,1,WAE,6957,Lake Gogebic,Western Lake Superior Management Unit,Lake Gogebic,04/25/2007,
6938,14,BLG,6951,Lost Lake,Northern Lake Huron Management Unit,Lost Lake,06/04/2007,
6938,14,BRB,6951,Lost Lake,Northern Lake Huron Management Unit,Lost Lake,06/04/2007,
6938,30,BLG,6951,Lost Lake,Northern Lake Huron Management Unit,Lost Lake,06/04/2007,
6947,1,BLG,6942,Robinson Lake,Northern Lake Michigan Management Unit,Robinson Lake,06/07/1982,
6947,1,PSF,6942,Robinson Lake,Northern Lake Michigan Management Unit,Robinson Lake,06/07/1982,
6947,2,BLG,6942,Robinson Lake,Northern Lake Michigan Management Unit,Robinson Lake,06/07/1982,
6947,2,PER,6942,Robinson Lake,Northern Lake Michigan Management Unit,Robinson Lake,06/07/1982,
6947,2,SUC,6942,Robinson Lake,Northern Lake Michigan Management Unit,Robinson Lake,06/07/1982,
6947,3,BLG,6942,Robinson Lake,Northern Lake Michigan Management Unit,Robinson Lake,06/07/1982,
6947,3,LMB,6942,Robinson Lake,Northern Lake Michigan Management Unit,Robinson Lake,06/07/1982,
6947,3,PER,6942,Robinson Lake,Northern Lake Michigan Management Unit,Robinson Lake,06/07/1982,
6948,6116,WAE,6941,Torch Lake,Western Lake Superior Management Unit,Torch Lake,04/24/2007,
6948,6121,CWS,6941,Torch Lake,Western Lake Superior Management Unit,Torch Lake,04/24/2007,
6948,6122,SMT,6941,Torch Lake,Western Lake Superior Management Unit,Torch Lake,04/24/2007,
6948,6123,NOP,6941,Torch Lake,Western Lake Superior Management Unit,Torch Lake,04/24/2007,
6948,6150,WAE,6941,Torch Lake,Western Lake Superior Management Unit,Torch Lake,04/24/2007,
6948,6151,SMT,6941,Torch Lake,Western Lake Superior Management Unit,Torch Lake,04/24/2007,
6948,6152,WAE,6941,Torch Lake,Western Lake Superior Management Unit,Torch Lake,04/24/2007,
6948,6153,WAE,6941,Torch Lake,Western Lake Superior Management Unit,Torch Lake,04/24/2007,
6948,6154,WAE,6941,Torch Lake,Western Lake Superior Management Unit,Torch Lake,04/24/2007,
6948,6155,WAE,6941,Torch Lake,Western Lake Superior Management Unit,Torch Lake,04/24/2007,
6948,6160,WAE,6941,Torch Lake,Western Lake Superior Management Unit,Torch Lake,04/24/2007,
6948,6161,WAE,6941,Torch Lake,Western Lake Superior Management Unit,Torch Lake,04/24/2007,
6948,6162,WAE,6941,Torch Lake,Western Lake Superior Management Unit,Torch Lake,04/24/2007,
6948,6200,WAE,6941,Torch Lake,Western Lake Superior Management Unit,Torch Lake,04/24/2007,
6948,6202,WAE,6941,Torch Lake,Western Lake Superior Management Unit,Torch Lake,04/24/2007,
6948,6203,WAE,6941,Torch Lake,Western Lake Superior Management Unit,Torch Lake,04/24/2007,
6948,6205,WAE,6941,Torch Lake,Western Lake Superior Management Unit,Torch Lake,04/24/2007,
6948,6207,WAE,6941,Torch Lake,Western Lake Superior Management Unit,Torch Lake,04/24/2007,
6948,6208,WAE,6941,Torch Lake,Western Lake Superior Management Unit,Torch Lake,04/24/2007,
6948,6210,WAE,6941,Torch Lake,Western Lake Superior Management Unit,Torch Lake,04/24/2007,
6948,6212,WAE,6941,Torch Lake,Western Lake Superior Management Unit,Torch Lake,04/24/2007,
6948,6213,WAE,6941,Torch Lake,Western Lake Superior Management Unit,Torch Lake,04/24/2007,
6948,6244,WAE,6941,Torch Lake,Western Lake Superior Management Unit,Torch Lake,04/24/2007,
6948,6245,WAE,6941,Torch Lake,Western Lake Superior Management Unit,Torch Lake,04/24/2007,
6948,6246,WAE,6941,Torch Lake,Western Lake Superior Management Unit,Torch Lake,04/24/2007,
6948,6248,WAE,6941,Torch Lake,Western Lake Superior Management Unit,Torch Lake,04/24/2007,
6948,6250,WAE,6941,Torch Lake,Western Lake Superior Management Unit,Torch Lake,04/24/2007,
6948,6251,WAE,6941,Torch Lake,Western Lake Superior Management Unit,Torch Lake,04/24/2007,
6948,6254,WAE,6941,Torch Lake,Western Lake Superior Management Unit,Torch Lake,04/24/2007,
6948,6255,WAE,6941,Torch Lake,Western Lake Superior Management Unit,Torch Lake,04/24/2007,
6948,6258,WAE,6941,Torch Lake,Western Lake Superior Management Unit,Torch Lake,04/24/2007,
6949,5791,NOP,6940,Portage Lake,Western Lake Superior Management Unit,Portage Lake,03/28/2007,
6949,5800,BRB,6940,Portage Lake,Western Lake Superior Management Unit,Portage Lake,03/28/2007,
6949,5802,NOP,6940,Portage Lake,Western Lake Superior Management Unit,Portage Lake,03/28/2007,
6949,5807,NOP,6940,Portage Lake,Western Lake Superior Management Unit,Portage Lake,03/28/2007,
6949,5820,PSF,6940,Portage Lake,Western Lake Superior Management Unit,Portage Lake,03/28/2007,
6949,5822,NOP,6940,Portage Lake,Western Lake Superior Management Unit,Portage Lake,03/28/2007,
6949,5828,BRB,6940,Portage Lake,Western Lake Superior Management Unit,Portage Lake,03/28/2007,
6949,5830,NOP,6940,Portage Lake,Western Lake Superior Management Unit,Portage Lake,03/28/2007,
6949,5843,NOP,6940,Portage Lake,Western Lake Superior Management Unit,Portage Lake,03/28/2007,
6949,5846,CWS,6940,Portage Lake,Western Lake Superior Management Unit,Portage Lake,03/28/2007,
6949,5846,NOP,6940,Portage Lake,Western Lake Superior Management Unit,Portage Lake,03/28/2007,
6949,5849,NOP,6940,Portage Lake,Western Lake Superior Management Unit,Portage Lake,03/28/2007,
6949,5852,NOP,6940,Portage Lake,Western Lake Superior Management Unit,Portage Lake,03/28/2007,
6949,5868,NOP,6940,Portage Lake,Western Lake Superior Management Unit,Portage Lake,03/28/2007,
6949,5869,GOS,6940,Portage Lake,Western Lake Superior Management Unit,Portage Lake,03/28/2007,
6949,5875,NOP,6940,Portage Lake,Western Lake Superior Management Unit,Portage Lake,03/28/2007,
6949,5877,GOS,6940,Portage Lake,Western Lake Superior Management Unit,Portage Lake,03/28/2007,
6949,5879,NOP,6940,Portage Lake,Western Lake Superior Management Unit,Portage Lake,03/28/2007,
6949,5880,NOP,6940,Portage Lake,Western Lake Superior Management Unit,Portage Lake,03/28/2007,
6949,5895,WAE,6940,Portage Lake,Western Lake Superior Management Unit,Portage Lake,03/28/2007,
6949,5913,NOP,6940,Portage Lake,Western Lake Superior Management Unit,Portage Lake,03/28/2007,
6949,5917,WAE,6940,Portage Lake,Western Lake Superior Management Unit,Portage Lake,03/28/2007,
6949,5920,NOP,6940,Portage Lake,Western Lake Superior Management Unit,Portage Lake,03/28/2007,
6949,5924,NOP,6940,Portage Lake,Western Lake Superior Management Unit,Portage Lake,03/28/2007,
6949,5930,NOP,6940,Portage Lake,Western Lake Superior Management Unit,Portage Lake,03/28/2007,
6949,5932,NOP,6940,Portage Lake,Western Lake Superior Management Unit,Portage Lake,03/28/2007,
6949,5936,NOP,6940,Portage Lake,Western Lake Superior Management Unit,Portage Lake,03/28/2007,
6949,5938,NOP,6940,Portage Lake,Western Lake Superior Management Unit,Portage Lake,03/28/2007,
6949,5941,WAE,6940,Portage Lake,Western Lake Superior Management Unit,Portage Lake,03/28/2007,
6949,5942,WAE,6940,Portage Lake,Western Lake Superior Management Unit,Portage Lake,03/28/2007,
6949,5945,NOP,6940,Portage Lake,Western Lake Superior Management Unit,Portage Lake,03/28/2007,
6949,5945,WAE,6940,Portage Lake,Western Lake Superior Management Unit,Portage Lake,03/28/2007,
6949,5947,WAE,6940,Portage Lake,Western Lake Superior Management Unit,Portage Lake,03/28/2007,
6949,5950,WAE,6940,Portage Lake,Western Lake Superior Management Unit,Portage Lake,03/28/2007,
6949,5951,NOP,6940,Portage Lake,Western Lake Superior Management Unit,Portage Lake,03/28/2007,
6949,5952,WAE,6940,Portage Lake,Western Lake Superior Management Unit,Portage Lake,03/28/2007,
6949,5954,NOP,6940,Portage Lake,Western Lake Superior Management Unit,Portage Lake,03/28/2007,
6949,5957,WAE,6940,Portage Lake,Western Lake Superior Management Unit,Portage Lake,03/28/2007,
6949,5962,NOP,6940,Portage Lake,Western Lake Superior Management Unit,Portage Lake,03/28/2007,
6949,5964,WAE,6940,Portage Lake,Western Lake Superior Management Unit,Portage Lake,03/28/2007,
6949,5966,BRB,6940,Portage Lake,Western Lake Superior Management Unit,Portage Lake,03/28/2007,
6949,5966,WAE,6940,Portage Lake,Western Lake Superior Management Unit,Portage Lake,03/28/2007,
6949,5967,CWS,6940,Portage Lake,Western Lake Superior Management Unit,Portage Lake,03/28/2007,
6949,5967,NOP,6940,Portage Lake,Western Lake Superior Management Unit,Portage Lake,03/28/2007,
6949,5967,WAE,6940,Portage Lake,Western Lake Superior Management Unit,Portage Lake,03/28/2007,
6949,5968,PSF,6940,Portage Lake,Western Lake Superior Management Unit,Portage Lake,03/28/2007,
6949,5968,WAE,6940,Portage Lake,Western Lake Superior Management Unit,Portage Lake,03/28/2007,
6949,5969,WAE,6940,Portage Lake,Western Lake Superior Management Unit,Portage Lake,03/28/2007,
6949,5973,NOP,6940,Portage Lake,Western Lake Superior Management Unit,Portage Lake,03/28/2007,
6949,5978,BRB,6940,Portage Lake,Western Lake Superior Management Unit,Portage Lake,03/28/2007,
6949,5978,CWS,6940,Portage Lake,Western Lake Superior Management Unit,Portage Lake,03/28/2007,
6949,5978,WAE,6940,Portage Lake,Western Lake Superior Management Unit,Portage Lake,03/28/2007,
6949,5979,WAE,6940,Portage Lake,Western Lake Superior Management Unit,Portage Lake,03/28/2007,
6949,5980,NOP,6940,Portage Lake,Western Lake Superior Management Unit,Portage Lake,03/28/2007,
6949,5980,RHS,6940,Portage Lake,Western Lake Superior Management Unit,Portage Lake,03/28/2007,
6949,5981,NOP,6940,Portage Lake,Western Lake Superior Management Unit,Portage Lake,03/28/2007,
6949,5982,NOP,6940,Portage Lake,Western Lake Superior Management Unit,Portage Lake,03/28/2007,
6949,5987,NOP,6940,Portage Lake,Western Lake Superior Management Unit,Portage Lake,03/28/2007,
6949,5988,NOP,6940,Portage Lake,Western Lake Superior Management Unit,Portage Lake,03/28/2007,
6949,5994,WAE,6940,Portage Lake,Western Lake Superior Management Unit,Portage Lake,03/28/2007,
6949,5995,WAE,6940,Portage Lake,Western Lake Superior Management Unit,Portage Lake,03/28/2007,
6949,5997,WAE,6940,Portage Lake,Western Lake Superior Management Unit,Portage Lake,03/28/2007,
6949,5998,WAE,6940,Portage Lake,Western Lake Superior Management Unit,Portage Lake,03/28/2007,
6949,6002,WAE,6940,Portage Lake,Western Lake Superior Management Unit,Portage Lake,03/28/2007,
6949,6003,NOP,6940,Portage Lake,Western Lake Superior Management Unit,Portage Lake,03/28/2007,
6949,6003,WAE,6940,Portage Lake,Western Lake Superior Management Unit,Portage Lake,03/28/2007,
6949,6004,WAE,6940,Portage Lake,Western Lake Superior Management Unit,Portage Lake,03/28/2007,
6949,6005,CWS,6940,Portage Lake,Western Lake Superior Management Unit,Portage Lake,03/28/2007,
6949,6006,WAE,6940,Portage Lake,Western Lake Superior Management Unit,Portage Lake,03/28/2007,
6949,6008,NOP,6940,Portage Lake,Western Lake Superior Management Unit,Portage Lake,03/28/2007,
6949,6012,WAE,6940,Portage Lake,Western Lake Superior Management Unit,Portage Lake,03/28/2007,
6949,6013,WAE,6940,Portage Lake,Western Lake Superior Management Unit,Portage Lake,03/28/2007,
6949,6014,NOP,6940,Portage Lake,Western Lake Superior Management Unit,Portage Lake,03/28/2007,
6949,6014,WAE,6940,Portage Lake,Western Lake Superior Management Unit,Portage Lake,03/28/2007,
6949,6016,NOP,6940,Portage Lake,Western Lake Superior Management Unit,Portage Lake,03/28/2007,
6949,6016,WAE,6940,Portage Lake,Western Lake Superior Management Unit,Portage Lake,03/28/2007,
6949,6018,NOP,6940,Portage Lake,Western Lake Superior Management Unit,Portage Lake,03/28/2007,
6949,6019,WAE,6940,Portage Lake,Western Lake Superior Management Unit,Portage Lake,03/28/2007,
6949,6020,WAE,6940,Portage Lake,Western Lake Superior Management Unit,Portage Lake,03/28/2007,
6949,6022,WAE,6940,Portage Lake,Western Lake Superior Management Unit,Portage Lake,03/28/2007,
6949,6025,WAE,6940,Portage Lake,Western Lake Superior Management Unit,Portage Lake,03/28/2007,
6949,6027,WAE,6940,Portage Lake,Western Lake Superior Management Unit,Portage Lake,03/28/2007,
6949,6028,NOP,6940,Portage Lake,Western Lake Superior Management Unit,Portage Lake,03/28/2007,
6949,6030,WAE,6940,Portage Lake,Western Lake Superior Management Unit,Portage Lake,03/28/2007,
6949,6032,WAE,6940,Portage Lake,Western Lake Superior Management Unit,Portage Lake,03/28/2007,
6949,6033,WAE,6940,Portage Lake,Western Lake Superior Management Unit,Portage Lake,03/28/2007,
6949,6034,WAE,6940,Portage Lake,Western Lake Superior Management Unit,Portage Lake,03/28/2007,
6949,6035,WAE,6940,Portage Lake,Western Lake Superior Management Unit,Portage Lake,03/28/2007,
6949,6036,WAE,6940,Portage Lake,Western Lake Superior Management Unit,Portage Lake,03/28/2007,
6949,6037,WAE,6940,Portage Lake,Western Lake Superior Management Unit,Portage Lake,03/28/2007,
6949,6038,NOP,6940,Portage Lake,Western Lake Superior Management Unit,Portage Lake,03/28/2007,
6949,6038,WAE,6940,Portage Lake,Western Lake Superior Management Unit,Portage Lake,03/28/2007,
6949,6039,WAE,6940,Portage Lake,Western Lake Superior Management Unit,Portage Lake,03/28/2007,
6949,6040,NOP,6940,Portage Lake,Western Lake Superior Management Unit,Portage Lake,03/28/2007,
6949,6041,WAE,6940,Portage Lake,Western Lake Superior Management Unit,Portage Lake,03/28/2007,
6949,6042,NOP,6940,Portage Lake,Western Lake Superior Management Unit,Portage Lake,03/28/2007,
6949,6042,WAE,6940,Portage Lake,Western Lake Superior Management Unit,Portage Lake,03/28/2007,
6949,6043,NOP,6940,Portage Lake,Western Lake Superior Management Unit,Portage Lake,03/28/2007,
6949,6043,WAE,6940,Portage Lake,Western Lake Superior Management Unit,Portage Lake,03/28/2007,
6949,6044,WAE,6940,Portage Lake,Western Lake Superior Management Unit,Portage Lake,03/28/2007,
6949,6045,WAE,6940,Portage Lake,Western Lake Superior Management Unit,Portage Lake,03/28/2007,
6949,6046,WAE,6940,Portage Lake,Western Lake Superior Management Unit,Portage Lake,03/28/2007,
6949,6047,WAE,6940,Portage Lake,Western Lake Superior Management Unit,Portage Lake,03/28/2007,
6949,6048,WAE,6940,Portage Lake,Western Lake Superior Management Unit,Portage Lake,03/28/2007,
6949,6050,LNS,6940,Portage Lake,Western Lake Superior Management Unit,Portage Lake,03/28/2007,
6949,6050,WAE,6940,Portage Lake,Western Lake Superior Management Unit,Portage Lake,03/28/2007,
6949,6051,WAE,6940,Portage Lake,Western Lake Superior Management Unit,Portage Lake,03/28/2007,
6949,6053,NOP,6940,Portage Lake,Western Lake Superior Management Unit,Portage Lake,03/28/2007,
6949,6053,WAE,6940,Portage Lake,Western Lake Superior Management Unit,Portage Lake,03/28/2007,
6949,6059,WAE,6940,Portage Lake,Western Lake Superior Management Unit,Portage Lake,03/28/2007,
6949,6062,WAE,6940,Portage Lake,Western Lake Superior Management Unit,Portage Lake,03/28/2007,
6949,6063,NOP,6940,Portage Lake,Western Lake Superior Management Unit,Portage Lake,03/28/2007,
6949,6063,WAE,6940,Portage Lake,Western Lake Superior Management Unit,Portage Lake,03/28/2007,
6949,6064,NOP,6940,Portage Lake,Western Lake Superior Management Unit,Portage Lake,03/28/2007,
6949,6064,WAE,6940,Portage Lake,Western Lake Superior Management Unit,Portage Lake,03/28/2007,
6949,6065,WAE,6940,Portage Lake,Western Lake Superior Management Unit,Portage Lake,03/28/2007,
6949,6066,NOP,6940,Portage Lake,Western Lake Superior Management Unit,Portage Lake,03/28/2007,
6949,6066,WAE,6940,Portage Lake,Western Lake Superior Management Unit,Portage Lake,03/28/2007,
6949,6067,NOP,6940,Portage Lake,Western Lake Superior Management Unit,Portage Lake,03/28/2007,
6949,6067,WAE,6940,Portage Lake,Western Lake Superior Management Unit,Portage Lake,03/28/2007,
6949,6068,WAE,6940,Portage Lake,Western Lake Superior Management Unit,Portage Lake,03/28/2007,
6949,6069,WAE,6940,Portage Lake,Western Lake Superior Management Unit,Portage Lake,03/28/2007,
6949,6072,WAE,6940,Portage Lake,Western Lake Superior Management Unit,Portage Lake,03/28/2007,
6949,6073,WAE,6940,Portage Lake,Western Lake Superior Management Unit,Portage Lake,03/28/2007,
6949,6074,WAE,6940,Portage Lake,Western Lake Superior Management Unit,Portage Lake,03/28/2007,
6949,6078,WAE,6940,Portage Lake,Western Lake Superior Management Unit,Portage Lake,03/28/2007,
6949,6079,NOP,6940,Portage Lake,Western Lake Superior Management Unit,Portage Lake,03/28/2007,
6949,6080,WAE,6940,Portage Lake,Western Lake Superior Management Unit,Portage Lake,03/28/2007,
6949,6088,NOP,6940,Portage Lake,Western Lake Superior Management Unit,Portage Lake,03/28/2007,
6949,6088,WAE,6940,Portage Lake,Western Lake Superior Management Unit,Portage Lake,03/28/2007,
6949,6089,WAE,6940,Portage Lake,Western Lake Superior Management Unit,Portage Lake,03/28/2007,
6949,6090,WAE,6940,Portage Lake,Western Lake Superior Management Unit,Portage Lake,03/28/2007,
6949,6092,WAE,6940,Portage Lake,Western Lake Superior Management Unit,Portage Lake,03/28/2007,
6949,6093,WAE,6940,Portage Lake,Western Lake Superior Management Unit,Portage Lake,03/28/2007,
6949,6094,WAE,6940,Portage Lake,Western Lake Superior Management Unit,Portage Lake,03/28/2007,
6949,6095,WAE,6940,Portage Lake,Western Lake Superior Management Unit,Portage Lake,03/28/2007,
6949,6097,BCR,6940,Portage Lake,Western Lake Superior Management Unit,Portage Lake,03/28/2007,
6949,6101,WAE,6940,Portage Lake,Western Lake Superior Management Unit,Portage Lake,03/28/2007,
6949,6105,WAE,6940,Portage Lake,Western Lake Superior Management Unit,Portage Lake,03/28/2007,
6949,6109,WAE,6940,Portage Lake,Western Lake Superior Management Unit,Portage Lake,03/28/2007,
6949,6111,WAE,6940,Portage Lake,Western Lake Superior Management Unit,Portage Lake,03/28/2007,
6949,6112,NOP,6940,Portage Lake,Western Lake Superior Management Unit,Portage Lake,03/28/2007,
6949,6112,WAE,6940,Portage Lake,Western Lake Superior Management Unit,Portage Lake,03/28/2007,
6949,6113,NOP,6940,Portage Lake,Western Lake Superior Management Unit,Portage Lake,03/28/2007,
6949,6113,WAE,6940,Portage Lake,Western Lake Superior Management Unit,Portage Lake,03/28/2007,
6949,6114,WAE,6940,Portage Lake,Western Lake Superior Management Unit,Portage Lake,03/28/2007,
6949,6115,NOP,6940,Portage Lake,Western Lake Superior Management Unit,Portage Lake,03/28/2007,
6949,6115,WAE,6940,Portage Lake,Western Lake Superior Management Unit,Portage Lake,03/28/2007,
6949,6131,WAE,6940,Portage Lake,Western Lake Superior Management Unit,Portage Lake,03/28/2007,
6949,6132,WAE,6940,Portage Lake,Western Lake Superior Management Unit,Portage Lake,03/28/2007,
6949,6133,WAE,6940,Portage Lake,Western Lake Superior Management Unit,Portage Lake,03/28/2007,
6949,6137,SHR,6940,Portage Lake,Western Lake Superior Management Unit,Portage Lake,03/28/2007,
6949,6137,SIR,6940,Portage Lake,Western Lake Superior Management Unit,Portage Lake,03/28/2007,
6949,6137,WAE,6940,Portage Lake,Western Lake Superior Management Unit,Portage Lake,03/28/2007,
6949,6138,WAE,6940,Portage Lake,Western Lake Superior Management Unit,Portage Lake,03/28/2007,
6949,6139,WAE,6940,Portage Lake,Western Lake Superior Management Unit,Portage Lake,03/28/2007,
6949,6140,WAE,6940,Portage Lake,Western Lake Superior Management Unit,Portage Lake,03/28/2007,
6949,6141,WAE,6940,Portage Lake,Western Lake Superior Management Unit,Portage Lake,03/28/2007,
6949,6142,WAE,6940,Portage Lake,Western Lake Superior Management Unit,Portage Lake,03/28/2007,
6949,6143,WAE,6940,Portage Lake,Western Lake Superior Management Unit,Portage Lake,03/28/2007,
6949,6145,WAE,6940,Portage Lake,Western Lake Superior Management Unit,Portage Lake,03/28/2007,
6949,6146,WAE,6940,Portage Lake,Western Lake Superior Management Unit,Portage Lake,03/28/2007,
6949,6165,WAE,6940,Portage Lake,Western Lake Superior Management Unit,Portage Lake,03/28/2007,
6949,6166,WAE,6940,Portage Lake,Western Lake Superior Management Unit,Portage Lake,03/28/2007,
6949,6167,WAE,6940,Portage Lake,Western Lake Superior Management Unit,Portage Lake,03/28/2007,
6949,6168,NOP,6940,Portage Lake,Western Lake Superior Management Unit,Portage Lake,03/28/2007,
6949,6168,WAE,6940,Portage Lake,Western Lake Superior Management Unit,Portage Lake,03/28/2007,
6949,6169,NOP,6940,Portage Lake,Western Lake Superior Management Unit,Portage Lake,03/28/2007,
6949,6169,WAE,6940,Portage Lake,Western Lake Superior Management Unit,Portage Lake,03/28/2007,
6949,6170,WAE,6940,Portage Lake,Western Lake Superior Management Unit,Portage Lake,03/28/2007,
6949,6171,WAE,6940,Portage Lake,Western Lake Superior Management Unit,Portage Lake,03/28/2007,
6949,6172,WAE,6940,Portage Lake,Western Lake Superior Management Unit,Portage Lake,03/28/2007,
6949,6174,WAE,6940,Portage Lake,Western Lake Superior Management Unit,Portage Lake,03/28/2007,
6949,6175,WAE,6940,Portage Lake,Western Lake Superior Management Unit,Portage Lake,03/28/2007,
6949,6179,WAE,6940,Portage Lake,Western Lake Superior Management Unit,Portage Lake,03/28/2007,
6949,6182,WAE,6940,Portage Lake,Western Lake Superior Management Unit,Portage Lake,03/28/2007,
6949,6184,WAE,6940,Portage Lake,Western Lake Superior Management Unit,Portage Lake,03/28/2007,
6949,6189,WAE,6940,Portage Lake,Western Lake Superior Management Unit,Portage Lake,03/28/2007,
6949,6190,NOP,6940,Portage Lake,Western Lake Superior Management Unit,Portage Lake,03/28/2007,
6949,6190,WAE,6940,Portage Lake,Western Lake Superior Management Unit,Portage Lake,03/28/2007,
6949,6191,WAE,6940,Portage Lake,Western Lake Superior Management Unit,Portage Lake,03/28/2007,
6949,6193,WAE,6940,Portage Lake,Western Lake Superior Management Unit,Portage Lake,03/28/2007,
6949,6194,WAE,6940,Portage Lake,Western Lake Superior Management Unit,Portage Lake,03/28/2007,
6949,6195,NOP,6940,Portage Lake,Western Lake Superior Management Unit,Portage Lake,03/28/2007,
6949,6195,WAE,6940,Portage Lake,Western Lake Superior Management Unit,Portage Lake,03/28/2007,
6949,6196,WAE,6940,Portage Lake,Western Lake Superior Management Unit,Portage Lake,03/28/2007,
6949,6197,WAE,6940,Portage Lake,Western Lake Superior Management Unit,Portage Lake,03/28/2007,
6949,6198,WAE,6940,Portage Lake,Western Lake Superior Management Unit,Portage Lake,03/28/2007,
6949,6199,WAE,6940,Portage Lake,Western Lake Superior Management Unit,Portage Lake,03/28/2007,
6949,6216,WAE,6940,Portage Lake,Western Lake Superior Management Unit,Portage Lake,03/28/2007,
6949,6217,WAE,6940,Portage Lake,Western Lake Superior Management Unit,Portage Lake,03/28/2007,
6949,6222,WAE,6940,Portage Lake,Western Lake Superior Management Unit,Portage Lake,03/28/2007,
6949,6223,WAE,6940,Portage Lake,Western Lake Superior Management Unit,Portage Lake,03/28/2007,
6949,6225,WAE,6940,Portage Lake,Western Lake Superior Management Unit,Portage Lake,03/28/2007,
6949,6229,WAE,6940,Portage Lake,Western Lake Superior Management Unit,Portage Lake,03/28/2007,
6949,6231,WAE,6940,Portage Lake,Western Lake Superior Management Unit,Portage Lake,03/28/2007,
6949,6232,NOP,6940,Portage Lake,Western Lake Superior Management Unit,Portage Lake,03/28/2007,
6949,6232,WAE,6940,Portage Lake,Western Lake Superior Management Unit,Portage Lake,03/28/2007,
6949,6233,WAE,6940,Portage Lake,Western Lake Superior Management Unit,Portage Lake,03/28/2007,
6949,6235,WAE,6940,Portage Lake,Western Lake Superior Management Unit,Portage Lake,03/28/2007,
6949,6238,WAE,6940,Portage Lake,Western Lake Superior Management Unit,Portage Lake,03/28/2007,
6949,6239,NOP,6940,Portage Lake,Western Lake Superior Management Unit,Portage Lake,03/28/2007,
6949,6239,WAE,6940,Portage Lake,Western Lake Superior Management Unit,Portage Lake,03/28/2007,
6949,6240,WAE,6940,Portage Lake,Western Lake Superior Management Unit,Portage Lake,03/28/2007,
6949,6243,NOP,6940,Portage Lake,Western Lake Superior Management Unit,Portage Lake,03/28/2007,
6949,6243,WAE,6940,Portage Lake,Western Lake Superior Management Unit,Portage Lake,03/28/2007,
6949,6259,WAE,6940,Portage Lake,Western Lake Superior Management Unit,Portage Lake,03/28/2007,
6949,6260,NOP,6940,Portage Lake,Western Lake Superior Management Unit,Portage Lake,03/28/2007,
6949,6260,SMB,6940,Portage Lake,Western Lake Superior Management Unit,Portage Lake,03/28/2007,
6949,6260,WAE,6940,Portage Lake,Western Lake Superior Management Unit,Portage Lake,03/28/2007,
6949,6261,WAE,6940,Portage Lake,Western Lake Superior Management Unit,Portage Lake,03/28/2007,
6949,6262,WAE,6940,Portage Lake,Western Lake Superior Management Unit,Portage Lake,03/28/2007,
6949,6263,WAE,6940,Portage Lake,Western Lake Superior Management Unit,Portage Lake,03/28/2007,
6949,6265,WAE,6940,Portage Lake,Western Lake Superior Management Unit,Portage Lake,03/28/2007,
6949,6266,WAE,6940,Portage Lake,Western Lake Superior Management Unit,Portage Lake,03/28/2007,
6949,6270,WAE,6940,Portage Lake,Western Lake Superior Management Unit,Portage Lake,03/28/2007,
6949,6271,WAE,6940,Portage Lake,Western Lake Superior Management Unit,Portage Lake,03/28/2007,
6949,6275,NOP,6940,Portage Lake,Western Lake Superior Management Unit,Portage Lake,03/28/2007,
6949,6275,WAE,6940,Portage Lake,Western Lake Superior Management Unit,Portage Lake,03/28/2007,
6949,6277,WAE,6940,Portage Lake,Western Lake Superior Management Unit,Portage Lake,03/28/2007,
6950,16,BLG,6939,Pickerel Lake,Northern Lake Huron Management Unit,Pickerel Lake,06/18/2007,
6950,19,R08,6939,Pickerel Lake,Northern Lake Huron Management Unit,Pickerel Lake,06/18/2007,
6950,20,BLG,6939,Pickerel Lake,Northern Lake Huron Management Unit,Pickerel Lake,06/18/2007,
6950,22,BLG,6939,Pickerel Lake,Northern Lake Huron Management Unit,Pickerel Lake,06/18/2007,
7101,15,CWS,6862,Lake Fanny Hooe,Western Lake Superior Management Unit,Lake Fanny Hooe,05/21/2007,
7105,10,BRB,6858,Torch Lake,Western Lake Superior Management Unit,Torch Lake,06/04/2007,
7123,34,SAS,6846,Lake Saint Clair,Lake Erie Management Unit,Lake Saint Clair,08/20/2007,
7125,1,WAE,6844,Fife Lake,Central Lake Michigan Management Unit,Fife Lake,09/24/2007,
7133,4,CIS,6842,Brown Lake,Southern Lake Michigan Management Unit,Brown Lake,09/04/2007,
7146,1,YEP,6829,Swan Lake,Northern Lake Michigan Management Unit,Swan Lake,06/08/1981,
7146,3,YEP,6829,Swan Lake,Northern Lake Michigan Management Unit,Swan Lake,06/08/1981,
7172,1,GOS,6808,Teddy Lake,Northern Lake Michigan Management Unit,Teddy Lake,07/03/2007,
7178,3,CRC,6803,Black River Lake,Western Lake Superior Management Unit,Black River Lake,10/09/2007,
7178,3,CWS,6803,Black River Lake,Western Lake Superior Management Unit,Black River Lake,10/09/2007,
7179,5,CWS,6802,Alberta Pond,Western Lake Superior Management Unit,Alberta Pond,10/11/2007,
7180,2,CWS,6801,Trout Creek Pond,Western Lake Superior Management Unit,Trout Creek Pond,10/02/2007,
7180,3,CRC,6801,Trout Creek Pond,Western Lake Superior Management Unit,Trout Creek Pond,10/02/2007,
7215,1,BNT,6767,Bear Creek,Southern Lake Michigan Management Unit,Townsend Park,08/15/2007,
7260,1,BNT,6729,Hersey River,Central Lake Michigan Management Unit,220th Ave (Patterson Rd),07/31/2007,
7292,6,BNM,6700,Lake Ferdelman,Northern Lake Huron Management Unit,Lake Ferdelman,05/27/2008,
7292,8,BLG,6700,Lake Ferdelman,Northern Lake Huron Management Unit,Lake Ferdelman,05/27/2008,
7292,8,RKB,6700,Lake Ferdelman,Northern Lake Huron Management Unit,Lake Ferdelman,05/27/2008,
7292,12,BLG,6700,Lake Ferdelman,Northern Lake Huron Management Unit,Lake Ferdelman,05/27/2008,
7292,13,LMB,6700,Lake Ferdelman,Northern Lake Huron Management Unit,Lake Ferdelman,05/27/2008,
7293,4,CWS,6699,Kleber Pond,Northern Lake Huron Management Unit,Kleber Pond,06/09/2008,
7293,7,BNM,6699,Kleber Pond,Northern Lake Huron Management Unit,Kleber Pond,06/09/2008,
7293,29,BLG,6699,Kleber Pond,Northern Lake Huron Management Unit,Kleber Pond,06/09/2008,
7447,6,CIS,6630,Thousand Island Lake,Western Lake Superior Management Unit,Thousand Island Lake,07/05/2007,
7520,1,CWS,6569,West Lake (Grov. Mine Pd. 2A),Northern Lake Michigan Management Unit,West Lake (Grov. Mine Pd. 2A),04/28/2008,
7524,38,WAE,6565,Winslow Lake,Northern Lake Michigan Management Unit,Winslow Lake,04/30/2008,
7525,42,RKB,6564,Fire Lake,Northern Lake Michigan Management Unit,Fire Lake,04/28/2008,
7533,19,NOP,6556,Cass Lake,Lake Erie Management Unit,Cass Lake,04/09/2008,
7533,22,NOP,6556,Cass Lake,Lake Erie Management Unit,Cass Lake,04/09/2008,
7533,31,NOP,6556,Cass Lake,Lake Erie Management Unit,Cass Lake,04/09/2008,
7533,36,NOP,6556,Cass Lake,Lake Erie Management Unit,Cass Lake,04/09/2008,
7533,38,NOP,6556,Cass Lake,Lake Erie Management Unit,Cass Lake,04/09/2008,
7533,49,NOP,6556,Cass Lake,Lake Erie Management Unit,Cass Lake,04/09/2008,
7563,1,LMB,6527,Kingston Lake,Eastern Lake Superior Management Unit,Kingston Lake,05/01/2008,
7563,2,LMB,6527,Kingston Lake,Eastern Lake Superior Management Unit,Kingston Lake,05/01/2008,
7569,1,BKT,6523,Naomikong Creek,Eastern Lake Superior Management Unit,3150 Rd. Bridge,08/19/2008,
7588,18,BLG,6511,Intermediate Lake,Central Lake Michigan Management Unit,Intermediate Lake,06/16/2008,
7588,26,RKB,6511,Intermediate Lake,Central Lake Michigan Management Unit,Intermediate Lake,06/16/2008,
7591,2,BKT,6508,Jordan River,Central Lake Michigan Management Unit,Webster Bridge Rd.,08/20/2008,
7591,2,BNT,6508,Jordan River,Central Lake Michigan Management Unit,Webster Bridge Rd.,08/20/2008,
7591,2,COS,6508,Jordan River,Central Lake Michigan Management Unit,Webster Bridge Rd.,08/20/2008,
7591,2,RBT,6508,Jordan River,Central Lake Michigan Management Unit,Webster Bridge Rd.,08/20/2008,
7598,4,RKB,6502,Hoffman Lake,Northern Lake Huron Management Unit,Hoffman Lake,05/05/2008,
7598,19,NOP,6502,Hoffman Lake,Northern Lake Huron Management Unit,Hoffman Lake,05/05/2008,
7598,24,RKB,6502,Hoffman Lake,Northern Lake Huron Management Unit,Hoffman Lake,05/05/2008,
7617,1,YEP,6483,Hutt Lake,Northern Lake Michigan Management Unit,Hutt Lake,04/14/2006,
7650,6339,LHR,6454,Elk Lake,Central Lake Michigan Management Unit,Elk Lake,04/10/2008,
7650,6432,YEP,6454,Elk Lake,Central Lake Michigan Management Unit,Elk Lake,04/10/2008,
7650,6463,NOP,6454,Elk Lake,Central Lake Michigan Management Unit,Elk Lake,04/10/2008,
7650,6463,SMB,6454,Elk Lake,Central Lake Michigan Management Unit,Elk Lake,04/10/2008,
7650,6482,SMB,6454,Elk Lake,Central Lake Michigan Management Unit,Elk Lake,04/10/2008,
7650,6546,SMB,6454,Elk Lake,Central Lake Michigan Management Unit,Elk Lake,04/10/2008,
7650,6567,SMB,6454,Elk Lake,Central Lake Michigan Management Unit,Elk Lake,04/10/2008,
7651,6328,RKB,6453,Lake Skegemog,Central Lake Michigan Management Unit,Lake Skegemog,04/02/2008,
7651,6351,WAE,6453,Lake Skegemog,Central Lake Michigan Management Unit,Lake Skegemog,04/02/2008,
7651,6360,WAE,6453,Lake Skegemog,Central Lake Michigan Management Unit,Lake Skegemog,04/02/2008,
7651,6375,NOP,6453,Lake Skegemog,Central Lake Michigan Management Unit,Lake Skegemog,04/02/2008,
7651,6376,NOP,6453,Lake Skegemog,Central Lake Michigan Management Unit,Lake Skegemog,04/02/2008,
7651,6406,NOP,6453,Lake Skegemog,Central Lake Michigan Management Unit,Lake Skegemog,04/02/2008,
7651,6446,BRB,6453,Lake Skegemog,Central Lake Michigan Management Unit,Lake Skegemog,04/02/2008,
7651,6452,NOP,6453,Lake Skegemog,Central Lake Michigan Management Unit,Lake Skegemog,04/02/2008,
7651,6457,NOP,6453,Lake Skegemog,Central Lake Michigan Management Unit,Lake Skegemog,04/02/2008,
7651,6460,SMB,6453,Lake Skegemog,Central Lake Michigan Management Unit,Lake Skegemog,04/02/2008,
7651,6464,SMB,6453,Lake Skegemog,Central Lake Michigan Management Unit,Lake Skegemog,04/02/2008,
7651,6492,RKB,6453,Lake Skegemog,Central Lake Michigan Management Unit,Lake Skegemog,04/02/2008,
7651,6492,SMB,6453,Lake Skegemog,Central Lake Michigan Management Unit,Lake Skegemog,04/02/2008,
7651,6494,SMB,6453,Lake Skegemog,Central Lake Michigan Management Unit,Lake Skegemog,04/02/2008,
7651,6496,SMB,6453,Lake Skegemog,Central Lake Michigan Management Unit,Lake Skegemog,04/02/2008,
7651,6525,SMB,6453,Lake Skegemog,Central Lake Michigan Management Unit,Lake Skegemog,04/02/2008,
7651,6538,BLG,6453,Lake Skegemog,Central Lake Michigan Management Unit,Lake Skegemog,04/02/2008,
7651,6538,NOP,6453,Lake Skegemog,Central Lake Michigan Management Unit,Lake Skegemog,04/02/2008,
7651,6538,SMB,6453,Lake Skegemog,Central Lake Michigan Management Unit,Lake Skegemog,04/02/2008,
7651,6541,SMB,6453,Lake Skegemog,Central Lake Michigan Management Unit,Lake Skegemog,04/02/2008,
7651,6553,SMB,6453,Lake Skegemog,Central Lake Michigan Management Unit,Lake Skegemog,04/02/2008,
7721,13,JOD,6388;16583;16584;16585;16586;16587;16588;16589;16590;16591,Black River,Northern Lake Huron Management Unit,Black River Ranch Boat Launch upstream of Stewart Creek;Clark Bridge Road ;W 638 Hwy- Erratt Road ;M-68-33 Hwy- Black River ;South Black River Road;McKinnons Bend;Powerline- Sids Drive;Blue Lakes Road / Main River Bridge;Springs Site;Tin Shanty Bridge,07/08/1975,
7721,13,MUD,6388;16583;16584;16585;16586;16587;16588;16589;16590;16591,Black River,Northern Lake Huron Management Unit,Black River Ranch Boat Launch upstream of Stewart Creek;Clark Bridge Road ;W 638 Hwy- Erratt Road ;M-68-33 Hwy- Black River ;South Black River Road;McKinnons Bend;Powerline- Sids Drive;Blue Lakes Road / Main River Bridge;Springs Site;Tin Shanty Bridge,07/08/1975,
7721,13,SCU,6388;16583;16584;16585;16586;16587;16588;16589;16590;16591,Black River,Northern Lake Huron Management Unit,Black River Ranch Boat Launch upstream of Stewart Creek;Clark Bridge Road ;W 638 Hwy- Erratt Road ;M-68-33 Hwy- Black River ;South Black River Road;McKinnons Bend;Powerline- Sids Drive;Blue Lakes Road / Main River Bridge;Springs Site;Tin Shanty Bridge,07/08/1975,
7721,14,BUR,6388;16583;16584;16585;16586;16587;16588;16589;16590;16591,Black River,Northern Lake Huron Management Unit,Black River Ranch Boat Launch upstream of Stewart Creek;Clark Bridge Road ;W 638 Hwy- Erratt Road ;M-68-33 Hwy- Black River ;South Black River Road;McKinnons Bend;Powerline- Sids Drive;Blue Lakes Road / Main River Bridge;Springs Site;Tin Shanty Bridge,07/08/1975,
7721,14,CWS,6388;16583;16584;16585;16586;16587;16588;16589;16590;16591,Black River,Northern Lake Huron Management Unit,Black River Ranch Boat Launch upstream of Stewart Creek;Clark Bridge Road ;W 638 Hwy- Erratt Road ;M-68-33 Hwy- Black River ;South Black River Road;McKinnons Bend;Powerline- Sids Drive;Blue Lakes Road / Main River Bridge;Springs Site;Tin Shanty Bridge,07/08/1975,
7721,15,CWS,6388;16583;16584;16585;16586;16587;16588;16589;16590;16591,Black River,Northern Lake Huron Management Unit,Black River Ranch Boat Launch upstream of Stewart Creek;Clark Bridge Road ;W 638 Hwy- Erratt Road ;M-68-33 Hwy- Black River ;South Black River Road;McKinnons Bend;Powerline- Sids Drive;Blue Lakes Road / Main River Bridge;Springs Site;Tin Shanty Bridge,07/08/1975,
7721,17,CWS,6388;16583;16584;16585;16586;16587;16588;16589;16590;16591,Black River,Northern Lake Huron Management Unit,Black River Ranch Boat Launch upstream of Stewart Creek;Clark Bridge Road ;W 638 Hwy- Erratt Road ;M-68-33 Hwy- Black River ;South Black River Road;McKinnons Bend;Powerline- Sids Drive;Blue Lakes Road / Main River Bridge;Springs Site;Tin Shanty Bridge,07/08/1975,
7761,1,MOS,6351,Mill Creek,Southern Lake Michigan Management Unit,Red Arrow Highway / Above old dam Site,07/23/2008,
7818,1,BKT,6308,West Branch Big Creek,Northern Lake Huron Management Unit,Deeter Road- CO 489,08/04/2008,
7818,1,BNT,6308,West Branch Big Creek,Northern Lake Huron Management Unit,Deeter Road- CO 489,08/04/2008,
7818,2,BKT,6308,West Branch Big Creek,Northern Lake Huron Management Unit,Deeter Road- CO 489,08/04/2008,
7818,2,BNT,6308,West Branch Big Creek,Northern Lake Huron Management Unit,Deeter Road- CO 489,08/04/2008,
7819,21,BLG,6307,Fine Lake,Southern Lake Michigan Management Unit,Fine Lake,05/19/2008,
7821,1,CRC,6305,Coldwater River,Southern Lake Michigan Management Unit,Fillmore Rd.,07/17/2008,
7821,1,HHC,6305,Coldwater River,Southern Lake Michigan Management Unit,Fillmore Rd.,07/17/2008,
7821,1,RBD,6305,Coldwater River,Southern Lake Michigan Management Unit,Fillmore Rd.,07/17/2008,
7826,1,BND,6300,Burnett Creek,Southern Lake Michigan Management Unit,Burlington Road,07/15/2008,
7826,1,CRC,6300,Burnett Creek,Southern Lake Michigan Management Unit,Burlington Road,07/15/2008,
7826,1,CSR,6300,Burnett Creek,Southern Lake Michigan Management Unit,Burlington Road,07/15/2008,
7826,1,JOD,6300,Burnett Creek,Southern Lake Michigan Management Unit,Burlington Road,07/15/2008,
7826,1,LCS,6300,Burnett Creek,Southern Lake Michigan Management Unit,Burlington Road,07/15/2008,
7828,1,CWS,6298,Flat River,Southern Lake Michigan Management Unit,Below Fallasburg Dam,08/20/2008,
7828,2,BNM,6298,Flat River,Southern Lake Michigan Management Unit,Below Fallasburg Dam,08/20/2008,
7828,2,CSH,6298,Flat River,Southern Lake Michigan Management Unit,Below Fallasburg Dam,08/20/2008,
7828,2,JOD,6298,Flat River,Southern Lake Michigan Management Unit,Below Fallasburg Dam,08/20/2008,
7828,2,NHS,6298,Flat River,Southern Lake Michigan Management Unit,Below Fallasburg Dam,08/20/2008,
7828,2,RBD,6298,Flat River,Southern Lake Michigan Management Unit,Below Fallasburg Dam,08/20/2008,
7828,2,ROS,6298,Flat River,Southern Lake Michigan Management Unit,Below Fallasburg Dam,08/20/2008,
7831,1,MOS,6296,Cold Creek,Central Lake Michigan Management Unit,58th St.,07/16/2008,
7836,1,CWS,6291,Bear Creek,Southern Lake Michigan Management Unit,130th Avenue,07/24/2008,
7877,1,BLG,6257,Hagerman Lake,Northern Lake Michigan Management Unit,Hagerman Lake,07/31/1961,
7877,1,CWS,6257,Hagerman Lake,Northern Lake Michigan Management Unit,Hagerman Lake,07/31/1961,
7877,1,PSF,6257,Hagerman Lake,Northern Lake Michigan Management Unit,Hagerman Lake,07/31/1961,
7877,1,SMB,6257,Hagerman Lake,Northern Lake Michigan Management Unit,Hagerman Lake,07/31/1961,
7877,1,YEP,6257,Hagerman Lake,Northern Lake Michigan Management Unit,Hagerman Lake,07/31/1961,
7930,1,CWS,6212,Brocky Lake,Northern Lake Michigan Management Unit,Brocky Lake,05/12/2008,
7930,1,RBT EL,6212,Brocky Lake,Northern Lake Michigan Management Unit,Brocky Lake,05/12/2008,
7930,2,CWS,6212,Brocky Lake,Northern Lake Michigan Management Unit,Brocky Lake,05/12/2008,
7937,1,RBT,6207,Little Manistee River,Central Lake Michigan Management Unit,Johnson's Bridge,08/17/2009,
7943,2,BKT,6201,North Branch Manistee River,Central Lake Michigan Management Unit,Kniss Road,08/17/2009,
7945,2,BKT,6199,Boardman River,Central Lake Michigan Management Unit,Ranch Rudolf,08/26/2009,
7945,2,BNT,6199,Boardman River,Central Lake Michigan Management Unit,Ranch Rudolf,08/26/2009,
7989,1,NOP,6159,Indian Lake,Northern Lake Michigan Management Unit,Indian Lake,10/01/2009,
7989,2,NOP,6159,Indian Lake,Northern Lake Michigan Management Unit,Indian Lake,10/01/2009,
8023,1,BLG,6135,Hagerman Lake,Northern Lake Michigan Management Unit,Hagerman Lake,06/09/2008,
8023,1,RKB,6135,Hagerman Lake,Northern Lake Michigan Management Unit,Hagerman Lake,06/09/2008,
8024,2,WAE,6134,Chicagon Lake,Northern Lake Michigan Management Unit,Chicagon Lake,04/25/1994,
8052,3,BRB,6108,Chaney Lake,Western Lake Superior Management Unit,Chaney Lake,06/01/2009,
8052,6,BRB,6108,Chaney Lake,Western Lake Superior Management Unit,Chaney Lake,06/01/2009,
8127,5,RKB,6038,West Twin Lake,Northern Lake Huron Management Unit,West Twin Lake,06/01/2009,
8135,18,BLG,6030,Sunken Lake,Northern Lake Huron Management Unit,Sunken Lake,06/22/2009,
8143,18,LMB,6022,Little Blue Lake,Central Lake Michigan Management Unit,Little Blue Lake,06/01/2009,
8143,18,PSF,6022,Little Blue Lake,Central Lake Michigan Management Unit,Little Blue Lake,06/01/2009,
8143,18,YEP,6022,Little Blue Lake,Central Lake Michigan Management Unit,Little Blue Lake,06/01/2009,
8145,1,BND,6020,Brule River,Northern Lake Michigan Management Unit,Middle Tree Drop,07/14/2009,
8145,1,MOS,6020,Brule River,Northern Lake Michigan Management Unit,Middle Tree Drop,07/14/2009,
8147,3,BND,6018;16621;16622,Brule River,Northern Lake Michigan Management Unit,Lower Tree Drop;Upper Tree Drop;Middle Tree Drop,07/14/2009,
8147,3,SCU,6018;16621;16622,Brule River,Northern Lake Michigan Management Unit,Lower Tree Drop;Upper Tree Drop;Middle Tree Drop,07/14/2009,
8164,1,BND,6001,NA,Southern Lake Michigan Management Unit,Douglas Rd.,07/15/2009,
8164,1,CRC,6001,NA,Southern Lake Michigan Management Unit,Douglas Rd.,07/15/2009,
8164,1,RBD,6001,NA,Southern Lake Michigan Management Unit,Douglas Rd.,07/15/2009,
8172,1,MOS,5994,Coldwater River,Southern Lake Michigan Management Unit,Fighter Road,07/27/2009,
8172,1,MUD,5994,Coldwater River,Southern Lake Michigan Management Unit,Fighter Road,07/27/2009,
8213,1,CSH,5965,Swan Creek,Southern Lake Michigan Management Unit,Horkey Road ,08/13/2009,
8213,1,GSF,5965,Swan Creek,Southern Lake Michigan Management Unit,Horkey Road ,08/13/2009,
8213,1,LOG,5965,Swan Creek,Southern Lake Michigan Management Unit,Horkey Road ,08/13/2009,
8213,1,NHS,5965,Swan Creek,Southern Lake Michigan Management Unit,Horkey Road ,08/13/2009,
8213,1,RBD,5965,Swan Creek,Southern Lake Michigan Management Unit,Horkey Road ,08/13/2009,
8213,1,RKB,5965,Swan Creek,Southern Lake Michigan Management Unit,Horkey Road ,08/13/2009,
8216,1,BND,5962,Indian Creek,Southern Lake Michigan Management Unit,V Drive N,07/30/2009,
8216,1,CRC,5962,Indian Creek,Southern Lake Michigan Management Unit,V Drive N,07/30/2009,
8216,1,CWS,5962,Indian Creek,Southern Lake Michigan Management Unit,V Drive N,07/30/2009,
8216,1,JOD,5962,Indian Creek,Southern Lake Michigan Management Unit,V Drive N,07/30/2009,
8216,1,MOS,5962,Indian Creek,Southern Lake Michigan Management Unit,V Drive N,07/30/2009,
8216,1,MUD,5962,Indian Creek,Southern Lake Michigan Management Unit,V Drive N,07/30/2009,
8268,5,LMB,5917,Woodland Lake,Lake Erie Management Unit,Woodland Lake,09/27/2009,
8320,2,BKT,5892,Au Sable River,Northern Lake Huron Management Unit,Meadow Springs,10/21/2009,
8320,2,BNT,5892,Au Sable River,Northern Lake Huron Management Unit,Meadow Springs,10/21/2009,
8320,2,RBT,5892,Au Sable River,Northern Lake Huron Management Unit,Meadow Springs,10/21/2009,
8334,3,MOS,5887,Pokagon Creek,Southern Lake Michigan Management Unit,Wood Road ,09/08/2009,
8334,3,MUD,5887,Pokagon Creek,Southern Lake Michigan Management Unit,Wood Road ,09/08/2009,
8356,3,MOS,5881,Spring Brook,Southern Lake Michigan Management Unit,DE Avenue Fixed Site,09/01/2009,
8383,1,CRC,5864;16632,Bear Creek,Southern Lake Michigan Management Unit,Above Pratt Lake Ck Confluence;84th Street,07/27/2009,
8383,1,CWS,5864;16632,Bear Creek,Southern Lake Michigan Management Unit,Above Pratt Lake Ck Confluence;84th Street,07/27/2009,
8383,1,MOS,5864;16632,Bear Creek,Southern Lake Michigan Management Unit,Above Pratt Lake Ck Confluence;84th Street,07/27/2009,
8442,1,CWS,5813,Bear Lake,Central Lake Michigan Management Unit,Bear Lake,04/12/2010,
8443,2,BKT,5812,Manistee River,Central Lake Michigan Management Unit,Cameron Bridge,08/11/2010,
8443,2,BNT,5812,Manistee River,Central Lake Michigan Management Unit,Cameron Bridge,08/11/2010,
8464,30,R01,5791,Round Lake,Northern Lake Huron Management Unit,Round Lake,06/15/2009,
8488,10,NOP,5774,McCollum Lake,Northern Lake Huron Management Unit,McCollum Lake,03/29/2010,
8488,13,NOP,5774,McCollum Lake,Northern Lake Huron Management Unit,McCollum Lake,03/29/2010,
8488,26,NOP,5774,McCollum Lake,Northern Lake Huron Management Unit,McCollum Lake,03/29/2010,
8489,1,GOS,5773,Thayer Lake,Western Lake Superior Management Unit,Thayer Lake,06/14/2010,
8489,1,YEP,5773,Thayer Lake,Western Lake Superior Management Unit,Thayer Lake,06/14/2010,
8489,6,YEP,5773,Thayer Lake,Western Lake Superior Management Unit,Thayer Lake,06/14/2010,
8498,1,WAE,5765,Deer Lake,Eastern Lake Superior Management Unit,Deer Lake,04/12/2010,
8498,2,WAE,5765,Deer Lake,Eastern Lake Superior Management Unit,Deer Lake,04/12/2010,
8498,3,WAE,5765,Deer Lake,Eastern Lake Superior Management Unit,Deer Lake,04/12/2010,
8498,4,WAE,5765,Deer Lake,Eastern Lake Superior Management Unit,Deer Lake,04/12/2010,
8498,5,WAE,5765,Deer Lake,Eastern Lake Superior Management Unit,Deer Lake,04/12/2010,
8545,14,BRB,5721,Mullett Lake,Northern Lake Huron Management Unit,Mullett Lake,04/20/2009,
8545,14,CWS,5721,Mullett Lake,Northern Lake Huron Management Unit,Mullett Lake,04/20/2009,
8569,4,RBT,5698;16647,NA,Southern Lake Michigan Management Unit,Red Bud Trail Downstream;Red Bud Trail Upstream,07/14/2010,
8615,1,HHC,5655,Wolf Creek,Northern Lake Huron Management Unit,Wolf Creek Road ,08/16/2010,
8692,5,MUD,5588,Cranberry Lake,Northern Lake Huron Management Unit,Cranberry Lake,06/14/2010,
8862,77,LHR,5434,Higgins Lake,Central Lake Michigan Management Unit,Higgins Lake,08/22/2011,
8869,2,CSH,5429,Little Wolf Creek,Northern Lake Huron Management Unit,Silver Creek Dam,08/16/2011,
8971,1,BKT,5375,Little Wolf Creek,Northern Lake Huron Management Unit,Hubbard Lake Trail,08/18/2011,
9067,1,CHS,5283,Prairie Creek,Southern Lake Michigan Management Unit,Welch Road,09/13/2011,
9067,1,RBT,5283,Prairie Creek,Southern Lake Michigan Management Unit,Welch Road,09/13/2011,
9074,5,BCR,5277,Arnold Lake,Southern Lake Huron Management Unit,Arnold Lake,06/11/2012,
9074,7,BLG,5277,Arnold Lake,Southern Lake Huron Management Unit,Arnold Lake,06/11/2012,
9074,7,RKB,5277,Arnold Lake,Southern Lake Huron Management Unit,Arnold Lake,06/11/2012,
9107,534,WAE,5251,Crooked Lake,Northern Lake Huron Management Unit,Crooked Lake,04/06/2011,
9107,535,WAE,5251,Crooked Lake,Northern Lake Huron Management Unit,Crooked Lake,04/06/2011,
9108,62,BLG,5250,Pickerel Lake,Northern Lake Huron Management Unit,Pickerel Lake,04/08/2011,
9108,62,PSF,5250,Pickerel Lake,Northern Lake Huron Management Unit,Pickerel Lake,04/08/2011,
9110,67,CWS,5248,Burt Lake,Northern Lake Huron Management Unit,Burt Lake,04/12/2011,
9110,68,CWS,5248,Burt Lake,Northern Lake Huron Management Unit,Burt Lake,04/12/2011,
9110,69,CWS,5248,Burt Lake,Northern Lake Huron Management Unit,Burt Lake,04/12/2011,
9110,226,PSF,5248,Burt Lake,Northern Lake Huron Management Unit,Burt Lake,04/12/2011,
9110,252,CWS,5248,Burt Lake,Northern Lake Huron Management Unit,Burt Lake,04/12/2011,
9110,261,CWS,5248,Burt Lake,Northern Lake Huron Management Unit,Burt Lake,04/12/2011,
9110,262,CWS,5248,Burt Lake,Northern Lake Huron Management Unit,Burt Lake,04/12/2011,
9110,265,CWS,5248,Burt Lake,Northern Lake Huron Management Unit,Burt Lake,04/12/2011,
9110,308,BCR,5248,Burt Lake,Northern Lake Huron Management Unit,Burt Lake,04/12/2011,
9256,3,RBT EL,5117,Veronica Valley Pond,Central Lake Michigan Management Unit,Veronica Valley Pond,05/01/2012,
10035,4,WAE,4386,Gun Lake,Southern Lake Michigan Management Unit,Gun Lake,10/06/2013,
10035,4,YEP,4386,Gun Lake,Southern Lake Michigan Management Unit,Gun Lake,10/06/2013,
10035,5,WAE,4386,Gun Lake,Southern Lake Michigan Management Unit,Gun Lake,10/06/2013,
10035,6,YEP,4386,Gun Lake,Southern Lake Michigan Management Unit,Gun Lake,10/06/2013,
10035,8,YEP,4386,Gun Lake,Southern Lake Michigan Management Unit,Gun Lake,10/06/2013,
10035,18,LMB,4386,Gun Lake,Southern Lake Michigan Management Unit,Gun Lake,10/06/2013,
10035,18,SMB,4386,Gun Lake,Southern Lake Michigan Management Unit,Gun Lake,10/06/2013,
10035,19,WAE,4386,Gun Lake,Southern Lake Michigan Management Unit,Gun Lake,10/06/2013,
10035,19,YEP,4386,Gun Lake,Southern Lake Michigan Management Unit,Gun Lake,10/06/2013,
10035,20,LMB,4386,Gun Lake,Southern Lake Michigan Management Unit,Gun Lake,10/06/2013,
10035,21,YEP,4386,Gun Lake,Southern Lake Michigan Management Unit,Gun Lake,10/06/2013,
10035,22,YEP,4386,Gun Lake,Southern Lake Michigan Management Unit,Gun Lake,10/06/2013,
10035,23,WAE,4386,Gun Lake,Southern Lake Michigan Management Unit,Gun Lake,10/06/2013,
10035,23,YEP,4386,Gun Lake,Southern Lake Michigan Management Unit,Gun Lake,10/06/2013,
10035,24,YEP,4386,Gun Lake,Southern Lake Michigan Management Unit,Gun Lake,10/06/2013,
10035,25,WAE,4386,Gun Lake,Southern Lake Michigan Management Unit,Gun Lake,10/06/2013,
10035,25,YEP,4386,Gun Lake,Southern Lake Michigan Management Unit,Gun Lake,10/06/2013,
10035,26,YEP,4386,Gun Lake,Southern Lake Michigan Management Unit,Gun Lake,10/06/2013,
10035,27,SMB,4386,Gun Lake,Southern Lake Michigan Management Unit,Gun Lake,10/06/2013,
10035,27,WAE,4386,Gun Lake,Southern Lake Michigan Management Unit,Gun Lake,10/06/2013,
10035,27,YEP,4386,Gun Lake,Southern Lake Michigan Management Unit,Gun Lake,10/06/2013,
10035,28,YEP,4386,Gun Lake,Southern Lake Michigan Management Unit,Gun Lake,10/06/2013,
10035,29,WAE,4386,Gun Lake,Southern Lake Michigan Management Unit,Gun Lake,10/06/2013,
10035,29,YEP,4386,Gun Lake,Southern Lake Michigan Management Unit,Gun Lake,10/06/2013,
10035,30,YEP,4386,Gun Lake,Southern Lake Michigan Management Unit,Gun Lake,10/06/2013,
10035,31,WAE,4386,Gun Lake,Southern Lake Michigan Management Unit,Gun Lake,10/06/2013,
10035,31,YEP,4386,Gun Lake,Southern Lake Michigan Management Unit,Gun Lake,10/06/2013,
10035,33,WAE,4386,Gun Lake,Southern Lake Michigan Management Unit,Gun Lake,10/06/2013,
10035,33,YEP,4386,Gun Lake,Southern Lake Michigan Management Unit,Gun Lake,10/06/2013,
10035,34,YEP,4386,Gun Lake,Southern Lake Michigan Management Unit,Gun Lake,10/06/2013,
10035,35,LMB,4386,Gun Lake,Southern Lake Michigan Management Unit,Gun Lake,10/06/2013,
10035,36,LMB,4386,Gun Lake,Southern Lake Michigan Management Unit,Gun Lake,10/06/2013,
10035,36,YEP,4386,Gun Lake,Southern Lake Michigan Management Unit,Gun Lake,10/06/2013,
10035,37,LMB,4386,Gun Lake,Southern Lake Michigan Management Unit,Gun Lake,10/06/2013,
10035,37,YEP,4386,Gun Lake,Southern Lake Michigan Management Unit,Gun Lake,10/06/2013,
10035,38,LMB,4386,Gun Lake,Southern Lake Michigan Management Unit,Gun Lake,10/06/2013,
10035,38,SMB,4386,Gun Lake,Southern Lake Michigan Management Unit,Gun Lake,10/06/2013,
10035,38,YEP,4386,Gun Lake,Southern Lake Michigan Management Unit,Gun Lake,10/06/2013,
10035,39,LMB,4386,Gun Lake,Southern Lake Michigan Management Unit,Gun Lake,10/06/2013,
10035,39,YEP,4386,Gun Lake,Southern Lake Michigan Management Unit,Gun Lake,10/06/2013,
10035,40,SMB,4386,Gun Lake,Southern Lake Michigan Management Unit,Gun Lake,10/06/2013,
10035,40,WAE,4386,Gun Lake,Southern Lake Michigan Management Unit,Gun Lake,10/06/2013,
10035,40,YEP,4386,Gun Lake,Southern Lake Michigan Management Unit,Gun Lake,10/06/2013,
10035,41,LMB,4386,Gun Lake,Southern Lake Michigan Management Unit,Gun Lake,10/06/2013,
10035,42,YEP,4386,Gun Lake,Southern Lake Michigan Management Unit,Gun Lake,10/06/2013,
10035,43,LMB,4386,Gun Lake,Southern Lake Michigan Management Unit,Gun Lake,10/06/2013,
10035,44,WAE,4386,Gun Lake,Southern Lake Michigan Management Unit,Gun Lake,10/06/2013,
10035,44,YEP,4386,Gun Lake,Southern Lake Michigan Management Unit,Gun Lake,10/06/2013,
10035,45,YEP,4386,Gun Lake,Southern Lake Michigan Management Unit,Gun Lake,10/06/2013,
10035,46,LMB,4386,Gun Lake,Southern Lake Michigan Management Unit,Gun Lake,10/06/2013,
10035,46,SMB,4386,Gun Lake,Southern Lake Michigan Management Unit,Gun Lake,10/06/2013,
10035,47,LMB,4386,Gun Lake,Southern Lake Michigan Management Unit,Gun Lake,10/06/2013,
10035,48,WAE,4386,Gun Lake,Southern Lake Michigan Management Unit,Gun Lake,10/06/2013,
10035,50,LMB,4386,Gun Lake,Southern Lake Michigan Management Unit,Gun Lake,10/06/2013,
10035,50,SMB,4386,Gun Lake,Southern Lake Michigan Management Unit,Gun Lake,10/06/2013,
10035,50,YEP,4386,Gun Lake,Southern Lake Michigan Management Unit,Gun Lake,10/06/2013,
10035,51,LMB,4386,Gun Lake,Southern Lake Michigan Management Unit,Gun Lake,10/06/2013,
10035,52,LMB,4386,Gun Lake,Southern Lake Michigan Management Unit,Gun Lake,10/06/2013,
10035,52,SMB,4386,Gun Lake,Southern Lake Michigan Management Unit,Gun Lake,10/06/2013,
10035,52,WAE,4386,Gun Lake,Southern Lake Michigan Management Unit,Gun Lake,10/06/2013,
10035,53,YEP,4386,Gun Lake,Southern Lake Michigan Management Unit,Gun Lake,10/06/2013,
10035,54,SMB,4386,Gun Lake,Southern Lake Michigan Management Unit,Gun Lake,10/06/2013,
10035,54,WAE,4386,Gun Lake,Southern Lake Michigan Management Unit,Gun Lake,10/06/2013,
10035,55,LMB,4386,Gun Lake,Southern Lake Michigan Management Unit,Gun Lake,10/06/2013,
10035,56,LMB,4386,Gun Lake,Southern Lake Michigan Management Unit,Gun Lake,10/06/2013,
10035,56,SMB,4386,Gun Lake,Southern Lake Michigan Management Unit,Gun Lake,10/06/2013,
10035,56,WAE,4386,Gun Lake,Southern Lake Michigan Management Unit,Gun Lake,10/06/2013,
10035,58,WAE,4386,Gun Lake,Southern Lake Michigan Management Unit,Gun Lake,10/06/2013,
10035,59,LMB,4386,Gun Lake,Southern Lake Michigan Management Unit,Gun Lake,10/06/2013,
10035,60,WAE,4386,Gun Lake,Southern Lake Michigan Management Unit,Gun Lake,10/06/2013,
10035,61,LMB,4386,Gun Lake,Southern Lake Michigan Management Unit,Gun Lake,10/06/2013,
10035,61,YEP,4386,Gun Lake,Southern Lake Michigan Management Unit,Gun Lake,10/06/2013,
10035,62,LMB,4386,Gun Lake,Southern Lake Michigan Management Unit,Gun Lake,10/06/2013,
10035,62,SMB,4386,Gun Lake,Southern Lake Michigan Management Unit,Gun Lake,10/06/2013,
10035,62,WAE,4386,Gun Lake,Southern Lake Michigan Management Unit,Gun Lake,10/06/2013,
10035,65,LMB,4386,Gun Lake,Southern Lake Michigan Management Unit,Gun Lake,10/06/2013,
10035,66,LMB,4386,Gun Lake,Southern Lake Michigan Management Unit,Gun Lake,10/06/2013,
10035,67,LMB,4386,Gun Lake,Southern Lake Michigan Management Unit,Gun Lake,10/06/2013,
10035,69,LMB,4386,Gun Lake,Southern Lake Michigan Management Unit,Gun Lake,10/06/2013,
10035,71,LMB,4386,Gun Lake,Southern Lake Michigan Management Unit,Gun Lake,10/06/2013,
10035,71,WAE,4386,Gun Lake,Southern Lake Michigan Management Unit,Gun Lake,10/06/2013,
10035,72,LMB,4386,Gun Lake,Southern Lake Michigan Management Unit,Gun Lake,10/06/2013,
10035,73,SMB,4386,Gun Lake,Southern Lake Michigan Management Unit,Gun Lake,10/06/2013,
10035,75,WAE,4386,Gun Lake,Southern Lake Michigan Management Unit,Gun Lake,10/06/2013,
10035,76,LMB,4386,Gun Lake,Southern Lake Michigan Management Unit,Gun Lake,10/06/2013,
10035,77,LMB,4386,Gun Lake,Southern Lake Michigan Management Unit,Gun Lake,10/06/2013,
10035,77,SMB,4386,Gun Lake,Southern Lake Michigan Management Unit,Gun Lake,10/06/2013,
10035,77,WAE,4386,Gun Lake,Southern Lake Michigan Management Unit,Gun Lake,10/06/2013,
10035,79,SMB,4386,Gun Lake,Southern Lake Michigan Management Unit,Gun Lake,10/06/2013,
10035,80,LMB,4386,Gun Lake,Southern Lake Michigan Management Unit,Gun Lake,10/06/2013,
10035,81,LMB,4386,Gun Lake,Southern Lake Michigan Management Unit,Gun Lake,10/06/2013,
10035,81,SMB,4386,Gun Lake,Southern Lake Michigan Management Unit,Gun Lake,10/06/2013,
10035,83,LMB,4386,Gun Lake,Southern Lake Michigan Management Unit,Gun Lake,10/06/2013,
10035,98,LMB,4386,Gun Lake,Southern Lake Michigan Management Unit,Gun Lake,10/06/2013,
10035,100,LMB,4386,Gun Lake,Southern Lake Michigan Management Unit,Gun Lake,10/06/2013,
10035,101,LMB,4386,Gun Lake,Southern Lake Michigan Management Unit,Gun Lake,10/06/2013,
10035,102,LMB,4386,Gun Lake,Southern Lake Michigan Management Unit,Gun Lake,10/06/2013,
10035,103,LMB,4386,Gun Lake,Southern Lake Michigan Management Unit,Gun Lake,10/06/2013,
10035,104,LMB,4386,Gun Lake,Southern Lake Michigan Management Unit,Gun Lake,10/06/2013,
10035,105,LMB,4386,Gun Lake,Southern Lake Michigan Management Unit,Gun Lake,10/06/2013,
10035,108,LMB,4386,Gun Lake,Southern Lake Michigan Management Unit,Gun Lake,10/06/2013,
10035,109,LMB,4386,Gun Lake,Southern Lake Michigan Management Unit,Gun Lake,10/06/2013,
10035,111,LMB,4386,Gun Lake,Southern Lake Michigan Management Unit,Gun Lake,10/06/2013,
10035,112,YEP,4386,Gun Lake,Southern Lake Michigan Management Unit,Gun Lake,10/06/2013,
10035,113,LMB,4386,Gun Lake,Southern Lake Michigan Management Unit,Gun Lake,10/06/2013,
10035,114,LMB,4386,Gun Lake,Southern Lake Michigan Management Unit,Gun Lake,10/06/2013,
10035,115,LMB,4386,Gun Lake,Southern Lake Michigan Management Unit,Gun Lake,10/06/2013,
10035,115,YEP,4386,Gun Lake,Southern Lake Michigan Management Unit,Gun Lake,10/06/2013,
10035,116,LMB,4386,Gun Lake,Southern Lake Michigan Management Unit,Gun Lake,10/06/2013,
10035,116,WAE,4386,Gun Lake,Southern Lake Michigan Management Unit,Gun Lake,10/06/2013,
10035,117,LMB,4386,Gun Lake,Southern Lake Michigan Management Unit,Gun Lake,10/06/2013,
10035,118,LMB,4386,Gun Lake,Southern Lake Michigan Management Unit,Gun Lake,10/06/2013,
10035,119,LMB,4386,Gun Lake,Southern Lake Michigan Management Unit,Gun Lake,10/06/2013,
10035,120,LMB,4386,Gun Lake,Southern Lake Michigan Management Unit,Gun Lake,10/06/2013,
10035,121,LMB,4386,Gun Lake,Southern Lake Michigan Management Unit,Gun Lake,10/06/2013,
10035,122,LMB,4386,Gun Lake,Southern Lake Michigan Management Unit,Gun Lake,10/06/2013,
10035,123,LMB,4386,Gun Lake,Southern Lake Michigan Management Unit,Gun Lake,10/06/2013,
10035,123,WAE,4386,Gun Lake,Southern Lake Michigan Management Unit,Gun Lake,10/06/2013,
10035,124,LMB,4386,Gun Lake,Southern Lake Michigan Management Unit,Gun Lake,10/06/2013,
10035,125,LMB,4386,Gun Lake,Southern Lake Michigan Management Unit,Gun Lake,10/06/2013,
10035,125,SMB,4386,Gun Lake,Southern Lake Michigan Management Unit,Gun Lake,10/06/2013,
10035,126,LMB,4386,Gun Lake,Southern Lake Michigan Management Unit,Gun Lake,10/06/2013,
10035,127,BCR,4386,Gun Lake,Southern Lake Michigan Management Unit,Gun Lake,10/06/2013,
10035,128,LMB,4386,Gun Lake,Southern Lake Michigan Management Unit,Gun Lake,10/06/2013,
10035,129,YEP,4386,Gun Lake,Southern Lake Michigan Management Unit,Gun Lake,10/06/2013,
10035,130,LMB,4386,Gun Lake,Southern Lake Michigan Management Unit,Gun Lake,10/06/2013,
10035,131,LMB,4386,Gun Lake,Southern Lake Michigan Management Unit,Gun Lake,10/06/2013,
10035,131,YEP,4386,Gun Lake,Southern Lake Michigan Management Unit,Gun Lake,10/06/2013,
10035,132,LMB,4386,Gun Lake,Southern Lake Michigan Management Unit,Gun Lake,10/06/2013,
10035,134,LMB,4386,Gun Lake,Southern Lake Michigan Management Unit,Gun Lake,10/06/2013,
10035,136,LMB,4386,Gun Lake,Southern Lake Michigan Management Unit,Gun Lake,10/06/2013,
10035,136,SMB,4386,Gun Lake,Southern Lake Michigan Management Unit,Gun Lake,10/06/2013,
10035,136,YEP,4386,Gun Lake,Southern Lake Michigan Management Unit,Gun Lake,10/06/2013,
10035,137,SMB,4386,Gun Lake,Southern Lake Michigan Management Unit,Gun Lake,10/06/2013,
10035,137,WAE,4386,Gun Lake,Southern Lake Michigan Management Unit,Gun Lake,10/06/2013,
10035,137,YEP,4386,Gun Lake,Southern Lake Michigan Management Unit,Gun Lake,10/06/2013,
10035,138,LMB,4386,Gun Lake,Southern Lake Michigan Management Unit,Gun Lake,10/06/2013,
10035,139,LMB,4386,Gun Lake,Southern Lake Michigan Management Unit,Gun Lake,10/06/2013,
10035,140,LMB,4386,Gun Lake,Southern Lake Michigan Management Unit,Gun Lake,10/06/2013,
10035,141,LMB,4386,Gun Lake,Southern Lake Michigan Management Unit,Gun Lake,10/06/2013,
10035,141,SMB,4386,Gun Lake,Southern Lake Michigan Management Unit,Gun Lake,10/06/2013,
10035,142,LMB,4386,Gun Lake,Southern Lake Michigan Management Unit,Gun Lake,10/06/2013,
10035,142,SMB,4386,Gun Lake,Southern Lake Michigan Management Unit,Gun Lake,10/06/2013,
10035,143,LMB,4386,Gun Lake,Southern Lake Michigan Management Unit,Gun Lake,10/06/2013,
10035,143,SMB,4386,Gun Lake,Southern Lake Michigan Management Unit,Gun Lake,10/06/2013,
10035,144,LMB,4386,Gun Lake,Southern Lake Michigan Management Unit,Gun Lake,10/06/2013,
10035,144,SMB,4386,Gun Lake,Southern Lake Michigan Management Unit,Gun Lake,10/06/2013,
10035,145,LMB,4386,Gun Lake,Southern Lake Michigan Management Unit,Gun Lake,10/06/2013,
10035,145,WAE,4386,Gun Lake,Southern Lake Michigan Management Unit,Gun Lake,10/06/2013,
10035,147,LMB,4386,Gun Lake,Southern Lake Michigan Management Unit,Gun Lake,10/06/2013,
10035,147,SMB,4386,Gun Lake,Southern Lake Michigan Management Unit,Gun Lake,10/06/2013,
10035,148,LMB,4386,Gun Lake,Southern Lake Michigan Management Unit,Gun Lake,10/06/2013,
10035,150,SMB,4386,Gun Lake,Southern Lake Michigan Management Unit,Gun Lake,10/06/2013,
10035,151,SMB,4386,Gun Lake,Southern Lake Michigan Management Unit,Gun Lake,10/06/2013,
10115,1,BUR,4310,East Branch Fox River,Northern Lake Michigan Management Unit,M-77 S&T Fixed Site,08/08/2014,
10191,17,BLG,4238,Center Lake,Southern Lake Michigan Management Unit,Center Lake,06/16/2014,
10191,17,HSF,4238,Center Lake,Southern Lake Michigan Management Unit,Center Lake,06/16/2014,
10191,17,RSF,4238,Center Lake,Southern Lake Michigan Management Unit,Center Lake,06/16/2014,
10191,20,BLG,4238,Center Lake,Southern Lake Michigan Management Unit,Center Lake,06/16/2014,
10191,20,HSF,4238,Center Lake,Southern Lake Michigan Management Unit,Center Lake,06/16/2014,
10234,1,BCR,4195,Council Lake,Northern Lake Michigan Management Unit,Council Lake,05/22/1990,
10234,1,BLG,4195,Council Lake,Northern Lake Michigan Management Unit,Council Lake,05/22/1990,
10234,1,BRB,4195,Council Lake,Northern Lake Michigan Management Unit,Council Lake,05/22/1990,
10234,1,LMB,4195,Council Lake,Northern Lake Michigan Management Unit,Council Lake,05/22/1990,
10234,1,NOP,4195,Council Lake,Northern Lake Michigan Management Unit,Council Lake,05/22/1990,
10234,1,RKB,4195,Council Lake,Northern Lake Michigan Management Unit,Council Lake,05/22/1990,
10241,1,BLB,4188,Fish Lake,Northern Lake Michigan Management Unit,Fish Lake,05/05/1982,
10241,1,CWS,4188,Fish Lake,Northern Lake Michigan Management Unit,Fish Lake,05/05/1982,
10241,1,RKB,4188,Fish Lake,Northern Lake Michigan Management Unit,Fish Lake,05/05/1982,
10241,1,YEP,4188,Fish Lake,Northern Lake Michigan Management Unit,Fish Lake,05/05/1982,
10266,1,BLG,4163,Island Lake,Northern Lake Michigan Management Unit,Island Lake,06/01/1983,
10266,1,BRB,4163,Island Lake,Northern Lake Michigan Management Unit,Island Lake,06/01/1983,
10273,2,GOS,4156,Mirror Lake,Northern Lake Michigan Management Unit,Mirror Lake,09/23/1986,
10283,1,YEP,4146,Lake Stella,Northern Lake Michigan Management Unit,Lake Stella,09/13/1988,
10286,1,CWS,4143,Wetmore Lake,Northern Lake Michigan Management Unit,Wetmore Lake,05/09/1989,
10358,1,BNT,4079,Paint Creek,Lake Erie Management Unit,Tienken Rd,09/29/2014,
10359,5,BNT,4078,Paint Creek,Lake Erie Management Unit,Silverbell Rd,10/06/2014,
10417,2,BND,4026,Prairie River,Southern Lake Michigan Management Unit,"Orland Road, Branch County",09/29/2014,
10417,2,CRC,4026,Prairie River,Southern Lake Michigan Management Unit,"Orland Road, Branch County",09/29/2014,
10417,2,HHC,4026,Prairie River,Southern Lake Michigan Management Unit,"Orland Road, Branch County",09/29/2014,
10417,2,RBD,4026,Prairie River,Southern Lake Michigan Management Unit,"Orland Road, Branch County",09/29/2014,
10418,2,BND,4025,Prairie River,Southern Lake Michigan Management Unit,"Bowers Road, Branch County",09/29/2014,
10418,2,CRC,4025,Prairie River,Southern Lake Michigan Management Unit,"Bowers Road, Branch County",09/29/2014,
10418,2,JOD,4025,Prairie River,Southern Lake Michigan Management Unit,"Bowers Road, Branch County",09/29/2014,
10418,2,RBD,4025,Prairie River,Southern Lake Michigan Management Unit,"Bowers Road, Branch County",09/29/2014,
10548,1,BND,3917,South Branch Au Sable River,Northern Lake Huron Management Unit,Smith Bridge M 72,09/01/2015,
10558,12,BLB,3908,Ninth Street Pond,Northern Lake Huron Management Unit,Ninth Street Pond,05/18/2015,
10558,12,YLB,3908,Ninth Street Pond,Northern Lake Huron Management Unit,Ninth Street Pond,05/18/2015,
10570,6,BLG,3898,Gun Lake,Southern Lake Michigan Management Unit,Gun Lake,05/11/2015,
10570,22,LOG,3898,Gun Lake,Southern Lake Michigan Management Unit,Gun Lake,05/11/2015,
10570,22,RKB,3898,Gun Lake,Southern Lake Michigan Management Unit,Gun Lake,05/11/2015,
10570,32,BLG,3898,Gun Lake,Southern Lake Michigan Management Unit,Gun Lake,05/11/2015,
10570,36,BLG,3898,Gun Lake,Southern Lake Michigan Management Unit,Gun Lake,05/11/2015,
10572,16,BLG,3896,Crooked Lake,Southern Lake Michigan Management Unit,Crooked Lake,06/01/2015,
10572,16,BNS,3896,Crooked Lake,Southern Lake Michigan Management Unit,Crooked Lake,06/01/2015,
10910,16,BCR,3597,Gravel Lake,Southern Lake Michigan Management Unit,Gravel Lake,03/13/2016,
10989,1,BND,3523,Big Murphy Creek,Northern Lake Michigan Management Unit,CR-437 Crossing,07/28/2009,
11039,7,SFS,3475,Kenyon Lake,Southern Lake Michigan Management Unit,Kenyon Lake,05/09/2016,
11039,8,BNM,3475,Kenyon Lake,Southern Lake Michigan Management Unit,Kenyon Lake,05/09/2016,
11039,8,SAS,3475,Kenyon Lake,Southern Lake Michigan Management Unit,Kenyon Lake,05/09/2016,
11039,8,SFS,3475,Kenyon Lake,Southern Lake Michigan Management Unit,Kenyon Lake,05/09/2016,
11040,2,BLG,3474,Oliverda Lake,Southern Lake Michigan Management Unit,Oliverda Lake,05/09/2016,
11040,2,BNM,3474,Oliverda Lake,Southern Lake Michigan Management Unit,Oliverda Lake,05/09/2016,
11040,2,SAS,3474,Oliverda Lake,Southern Lake Michigan Management Unit,Oliverda Lake,05/09/2016,
11040,2,SFS,3474,Oliverda Lake,Southern Lake Michigan Management Unit,Oliverda Lake,05/09/2016,
11040,3,BNM,3474,Oliverda Lake,Southern Lake Michigan Management Unit,Oliverda Lake,05/09/2016,
11040,3,SAS,3474,Oliverda Lake,Southern Lake Michigan Management Unit,Oliverda Lake,05/09/2016,
11040,3,SFS,3474,Oliverda Lake,Southern Lake Michigan Management Unit,Oliverda Lake,05/09/2016,
11040,5,BNM,3474,Oliverda Lake,Southern Lake Michigan Management Unit,Oliverda Lake,05/09/2016,
11040,5,SAS,3474,Oliverda Lake,Southern Lake Michigan Management Unit,Oliverda Lake,05/09/2016,
11117,1,BKT,3405,Middle Branch Ontonagon River,Western Lake Superior Management Unit,Russ Road S&T Fixed Site Station,08/09/2016,
11146,4,GOS,3377,Parent Lake,Western Lake Superior Management Unit,Parent Lake,05/30/2016,
11166,12,CSH,3357,Grassy Lake,Northern Lake Michigan Management Unit,Grassy Lake,05/09/2016,
11436,25,BNM,3110,Rose Lake,Central Lake Michigan Management Unit,Rose Lake,06/12/2017,
11438,14,RKB,3108,Bear Lake,Central Lake Michigan Management Unit,Bear Lake,05/08/2017,
11438,17,BLG,3108,Bear Lake,Central Lake Michigan Management Unit,Bear Lake,05/08/2017,
11438,19,RKB,3108,Bear Lake,Central Lake Michigan Management Unit,Bear Lake,05/08/2017,
11478,1,NRD,3068,Maple Creek,Central Lake Michigan Management Unit,West Sharon Rd.,07/28/2017,
11486,1,BKT,3060,Manistee River,Central Lake Michigan Management Unit,Cameron Bridge,08/28/2017,
11503,5,LMB,3043,Sunset Lake,Southern Lake Michigan Management Unit,Sunset Lake,07/17/2017,
11533,30,NOP,3016,Paint Lake,Northern Lake Michigan Management Unit,Paint Lake,05/01/2017,
11583,1,BND,2969,East Branch Pine River,Northern Lake Huron Management Unit,South McConnell Road,09/27/2017,
11583,1,MOS,2969,East Branch Pine River,Northern Lake Huron Management Unit,South McConnell Road,09/27/2017,
11637,1,WAE,2923,Lake Missaukee,Central Lake Michigan Management Unit,Lake Missaukee,11/08/2017,
11693,1,BKT,2870,Gamble Creek,Southern Lake Huron Management Unit,Ranch Road,08/06/2018,
11739,3,MUS GL,2826,Detroit River,Lake Erie Management Unit,Detroit River,05/21/2018,
11739,4,MUS GL,2826,Detroit River,Lake Erie Management Unit,Detroit River,05/21/2018,
11739,5,MUS GL,2826,Detroit River,Lake Erie Management Unit,Detroit River,05/21/2018,
11739,6,MUS GL,2826,Detroit River,Lake Erie Management Unit,Detroit River,05/21/2018,
12019,10,BLG,2561,Sage Lake,Southern Lake Huron Management Unit,Sage Lake,06/10/2019,
12063,1,BND,2521,Pigeon River,Northern Lake Huron Management Unit,Song of the Morning Ranch Road ,08/14/2019,
12063,1,LND,2521,Pigeon River,Northern Lake Huron Management Unit,Song of the Morning Ranch Road ,08/14/2019,
12063,1,MOS,2521,Pigeon River,Northern Lake Huron Management Unit,Song of the Morning Ranch Road ,08/14/2019,
12161,39,WAE,2425,Pomeroy Lake,Western Lake Superior Management Unit,Pomeroy Lake,04/28/2019,
12161,44,WAE,2425,Pomeroy Lake,Western Lake Superior Management Unit,Pomeroy Lake,04/28/2019,
12162,23,BCR,2424,Stager Lake,Northern Lake Michigan Management Unit,Stager Lake,04/26/2019,
12201,1,CNL,2386,Portage Creek,Southern Lake Michigan Management Unit,Kilgore Road,08/07/2019,
12346,1,WAE,2259,Cable Lake,Northern Lake Michigan Management Unit,Cable Lake,04/23/1990,
12412,3,WAE,2194,Mullett Lake,Northern Lake Huron Management Unit,Mullett Lake,09/14/2020,
12580,2,RKB,2033,Golden Lake,Northern Lake Michigan Management Unit,Golden Lake,10/12/2020,
12580,15,RKB,2033,Golden Lake,Northern Lake Michigan Management Unit,Golden Lake,10/12/2020,
12580,20,RKB,2033,Golden Lake,Northern Lake Michigan Management Unit,Golden Lake,10/12/2020,
12700,2,RBT,1919;16960,Muskegon River,Central Lake Michigan Management Unit,Maple Island;Croton Dam downstream to Pine Street public access site.,11/05/2020,
12904,39,NOP,1725,Chicagon Lake,Northern Lake Michigan Management Unit,Chicagon Lake,04/07/2021,
12905,7,WAE,1724,Hagerman Lake,Northern Lake Michigan Management Unit,Hagerman Lake,04/08/2021,
12905,19,NOP,1724,Hagerman Lake,Northern Lake Michigan Management Unit,Hagerman Lake,04/08/2021,
12910,2,YEP,1719,Greenwood Reservoir,Northern Lake Michigan Management Unit,Greenwood Reservoir,06/07/2021,
12916,2,BKT,1715,Iron River,Northern Lake Michigan Management Unit,Iron River - RV Park,08/16/2021,
12917,2,BKT,1714,South Branch Paint River,Northern Lake Michigan Management Unit,South Branch Paint River - Upper Skybooms,08/16/2021,
13019,36,WAE,1619,Belleville Lake,Lake Erie Management Unit,Belleville Lake,03/21/2022,
13025,10,WAE,1613,North Manistique Lake,Northern Lake Michigan Management Unit,North Manistique Lake,04/29/2022,
13085,1,CHS,1559,Little Manistee River,Central Lake Michigan Management Unit,Johnson's Bridge,08/02/2022,
13171,1,BNT,1479,Au Sable River,Northern Lake Huron Management Unit,Stephan Bridge,09/06/2022,
13171,3,BNT,1479,Au Sable River,Northern Lake Huron Management Unit,Stephan Bridge,09/06/2022,
13297,3,YEP,1358,Lake Emily,Northern Lake Michigan Management Unit,Lake Emily,05/04/2022,
13626,6,BLG,1045,Lac Vieux Desert,Northern Lake Michigan Management Unit,Lac Vieux Desert,09/28/2023,
13680,1,ATS,994,Lake Huron,NA,Lake Huron - Port Sanilac,10/25/2023,
13813,16,BCR,865,Loon Lake,Lake Erie Management Unit,Loon Lake,03/19/2024,
13827,3,STS,851,Klinger Lake,Southern Lake Michigan Management Unit,Klinger Lake,08/14/2023,
13869,10,NOP,810,Torch Lake,Western Lake Superior Management Unit,Torch Lake,04/13/2024,
13902,22,NOP,777,Au Train Lake,Eastern Lake Superior Management Unit,Au Train Lake,04/08/2024,
14375,13,GOS,330,Marten Lake,Western Lake Superior Management Unit,Marten Lake,06/09/2025,
14567,1,BNT,152,Pine River,Central Lake Michigan Management Unit,230th (access site),08/11/2025,
